ID,DESCRIPTION
0,Gold fog wall
1,Gold fog wall
2,
3,
4,
10,
65,
66,
67,
68,
69,
70,
110,Fire Pot
111,Fire Pot (impact?)
126,Blood pot
127,Blood pot impact
128,
129,
130,Rainbow Stone
131,Rainbow Stone Death
132,Rainbow Stone Death
148,
150,Fetid Pot (Dung Pie)
151,
155,Insect Pot
156,
157,
158,
250,Lightning Pot
251,Lightning Pot impact
252,
253,
254,
255,
256,Magic 7530:Black Blade
260,
261,
300,
304,
370,
380,
385,
430,
431,
900,
950,
1000,Blood Status Effect Bullet   E_Id_500   Beh Id 2100   
1005,Poison And Scarlet Rot Status Effect Bullet   E_Id_505   Beh Id 2105   
1100,
1101,
1500,Flask Of Crimson Tears +0   
1501,Flask Of Crimson Tears +1   
1502,Flask Of Crimson Tears +2   
1503,Flask Of Crimson Tears +3   
1504,Flask Of Crimson Tears +4   
1505,Flask Of Crimson Tears +5   
1506,Flask Of Crimson Tears +6   
1507,Flask Of Crimson Tears +7   
1508,Flask Of Crimson Tears +8   
1509,Flask Of Crimson Tears +9   
1510,Flask Of Crimson Tears +10   
1511,Flask Of Crimson Tears +11   
1512,Flask Of Crimson Tears +12   
2000,[AoW]   Flaming Strike   
2001,[AoW]   Flaming Strike   
2002,[AoW]   Flaming Strike   
2003,[AoW]   Flaming Strike   
2004,[AoW]   Flaming Strike   
2005,[AoW]   Establish Ordergolden Order Gr-Sword   
2006,[AoW]   Golden Order Gr-Sword Establish Order   
2007,[AoW]   Golden Order Gr-Sword Establish Order   
2008,[AoW]   Golden Order Gr-Sword Establish Order   
2010,[AoW]   Eruption   
2011,[AoW]   Eruption   
2012,[AoW]   Eruption   
2013,[AoW]   Eruption   
2014,[AoW]   Eruption   
2015,[AoW]   Eruption   
2016,[AoW]   Eruption   
2017,[AoW]   Eruption   
2018,[AoW]   Eruption   
2019,[AoW]   Eruption   
2020,[AoW]   Familial Rancorfamily Heads   
2021,[AoW]   Family Heads Familial Rancor   
2022,[AoW]   Family Heads Familial Rancor   
2023,[AoW]   Family Heads Familial Rancor   
2024,[AoW]   Family Heads Familial Rancor   
2025,[AoW]   Family Heads Familial Rancor   
2030,[AoW]   Takers Flamesblasphemous Blade   
2031,[AoW]   Blasphemous Blade Takers Flames   
2032,[AoW]   Blasphemous Blade Takers Flames   
2033,[AoW]   Blasphemous Blade Takers Flames   
2035,[AoW]   Envoys Horn Oracular Bubble   
2036,[AoW]   Envoys Horn Oracular Bubble   
2040,[AoW]   
2041,[AoW]   
2050,[AoW]   
2051,[AoW]   
2052,[AoW]   
2053,[AoW]   
2054,[AoW]   
2055,[AoW]   
2060,[AoW]   Storm Blade   
2061,[AoW]   Vacuum Slice Emitter   
2062,[AoW]   Vacuum Slice   
2063,[AoW]   Vacuum Slice   
2065,[AoW]   Winged Gr-Horn Soul Stifler   
2070,[AoW]   Holy Ground   
2071,[AoW]   Holy Ground   
2072,[AoW]   Holy Ground   
2073,[AoW]   Holy Ground   
2075,[AoW]   Marikas Hammer Gold Breaker   
2076,[AoW]   Marikas Hammer Gold Breaker   
2077,[AoW]   Marikas Hammer Gold Breaker   
2078,[AoW]   Marikas Hammer Gold Breaker   
2080,[AoW]   Thunderbolt   
2081,[AoW]   Thunderbolt   
2082,[AoW]   Thunderbolt   
2083,[AoW]   Thunderbolt   
2084,[AoW]   Thunderbolt   
2085,[AoW]   Thunderbolt   
2090,[AoW]   Lightning Slash   
2091,[AoW]   Lightning Slash   
2092,[AoW]   Lightning Slash   
2093,[AoW]   Lightning Slash   
2094,[AoW]   Lightning Slash   
2095,[AoW]   Lightning Slash Thunderbolt   
2096,[AoW]   Lightning Slash Thunderbolt   
2097,[AoW]   Lightning Slash Thunderbolt   
2098,[AoW]   Lightning Slash Thunderbolt   
2100,[AoW]   Curved Sword Category   
2101,[AoW]   Curved Sword Category   
2102,[AoW]   Curved Sword Category   
2103,[AoW]   Curved Sword Category   
2104,[AoW]   Curved Sword Category   
2105,[AoW]   Curved Sword Category   
2110,[AoW]   Bloody Slash   
2111,[AoW]   Bloody Slash   
2114,[AoW]   Scepter Of The All-Knowing Knowledge Above All   
2115,[AoW]   Devourers Scepter   
2116,[AoW]   Devourers Scepter Devourer Of Worlds   
2120,[AoW]   Curved Sword Category   
2121,[AoW]   Curved Sword Category   
2125,[AoW]   
2126,[AoW]   
2130,[AoW]   Glintstone Pebble   
2135,[AoW]   Morgotts Cursed Sword Cursed-Blood Slice   
2136,[AoW]   Morgotts Cursed Sword Cursed-Blood Slice   
2140,[AoW]   
2145,[AoW]   Eclipse Shotel   
2146,[AoW]   Eclipse Shotel   
2150,[AoW]   Prayerful Strike 1/2   
2151,[AoW]   Prayerful Strike 2/2   
2155,[AoW]   
2160,[AoW]   
2170,[AoW]   
2171,[AoW]   
2180,[AoW]   
2190,[AoW]   Gravitas   
2191,[AoW]   Gravitas   
2192,[AoW]   Gravitas   
2195,[AoW]   Royal Gr-Sword Wolfs Assault   
2200,[AoW]   
2201,[AoW]   
2202,[AoW]   
2203,[AoW]   
2204,[AoW]   
2205,[AoW]   Starscourge Gr-Sword Starcaller Cry   
2210,[AoW]   
2215,[AoW]   Sword Of Night And Flame Night-And-Flame Stance   
2216,[AoW]   Sword Of Night And Flame Night-And-Flame Stance   
2217,[AoW]   Sword Of Night And Flame Night-And-Flame Stance   
2218,[AoW]   Sword Of Night And Flame Night-And-Flame Stance   
2219,[AoW]   Sword Of Night And Flame Night-And-Flame Stance   
2220,[AoW]   Sword Of Night And Flame Night-And-Flame Stance   
2221,[AoW]   Sword Of Night And Flame Night-And-Flame Stance   
2225,[AoW]   Axe Of Godrick I Command Thee Kneel!   
2226,[AoW]   Axe Of Godrick I Command Thee Kneel!   
2227,[AoW]   Axe Of Godrick I Command Thee Kneel!   
2228,[AoW]   Axe Of Godrick I Command Thee Kneel!   
2229,[AoW]   Axe Of Godrick I Command Thee Kneel!   
2230,[AoW]   Axe Of Godrick I Command Thee Kneel!   
2231,[AoW]   Axe Of Godrick I Command Thee Kneel!   
2232,[AoW]   Axe Of Godrick I Command Thee Kneel!   
2233,[AoW]   Axe Of Godrick I Command Thee Kneel!   
2234,[AoW]   Axe Of Godrick I Command Thee Kneel!   
2235,[AoW]   Axe Of Godrick I Command Thee Kneel!   
2236,[AoW]   Axe Of Godrick I Command Thee Kneel!   
2240,
2241,
2242,
2250,[AoW]   Golden Vow   
2260,[AoW]   Hoarfrost Stomp   
2261,[AoW]   Hoarfrost Stomp   
2262,[AoW]   Hoarfrost Stomp   
2263,[AoW]   Hoarfrost Stomp   
2264,[AoW]   Hoarfrost Stomp   
2265,[AoW]   Hoarfrost Stomp   
2266,[AoW]   Hoarfrost Stomp   
2267,[AoW]   Hoarfrost Stomp   
2268,[AoW]   Hoarfrost Stomp   
2269,[AoW]   Hoarfrost Stomp   
2270,[AoW]   Ruins Gr-Sword Wave Of Destruction   
2271,[AoW]   Ruins Gr-Sword Wave Of Destruction   
2272,[AoW]   Ruins Gr-Sword Wave Of Destruction   
2273,[AoW]   Ruins Gr-Sword Wave Of Destruction   
2275,[AoW]   Ruins Gr-Sword Wave Of Destruction   
2276,[AoW]   Ruins Gr-Sword Wave Of Destruction   
2277,[AoW]   Ruins Gr-Sword Wave Of Destruction   
2278,[AoW]   Ruins Gr-Sword Wave Of Destruction   
2280,[AoW]   Storm Stomp   
2290,[AoW]   Deaths Poker Ghostflame Ignition   
2291,[AoW]   Deaths Poker Ghostflame Ignition   
2292,[AoW]   Deaths Poker Ghostflame Ignition   
2293,[AoW]   Deaths Poker Ghostflame Ignition   
2294,[AoW]   Deaths Poker Ghostflame Ignition   
2295,[AoW]   Deaths Poker Ghostflame Ignition   
2296,[AoW]   Deaths Poker Ghostflame Ignition   
2297,[AoW]   Deaths Poker Ghostflame Ignition   
2298,[AoW]   Deaths Poker Ghostflame Ignition   
2299,[AoW]   Deaths Poker Ghostflame Ignition   
2300,[AoW]   Glintblade Phalanx   
2301,[AoW]   Glintblade Phalanx   
2310,[AoW]   Prelates Charge   
2311,[AoW]   Prelates Charge   
2312,[AoW]   Prelates Charge   
2313,[AoW]   Prelates Charge   
2314,[AoW]   Prelates Charge   
2320,[AoW]   Malikeths Black Blade Destined Death   
2321,[AoW]   Malikeths Black Blade Destined Death   
2322,[AoW]   Malikeths Black Blade Destined Death   
2325,[AoW]   Death Ritual Spear Spearcall Ritual   
2326,[AoW]   Death Ritual Spear Spearcall Ritual   
2327,[AoW]   Death Ritual Spear Spearcall Ritual   
2328,[AoW]   Death Ritual Spear Spearcall Ritual   
2329,[AoW]   Death Ritual Spear Spearcall Ritual   
2330,[AoW]   Death Ritual Spear Spearcall Ritual   
2331,[AoW]   Death Ritual Spear Spearcall Ritual   
2335,[AoW]   Mohgwyns Sacred Spear Bloodboon Ritual   
2336,[AoW]   Mohgwyns Sacred Spear Bloodboon Ritual   
2337,[AoW]   Mohgwyns Sacred Spear Bloodboon Ritual   
2338,[AoW]   Mohgwyns Sacred Spear Bloodboon Ritual   
2339,[AoW]   Mohgwyns Sacred Spear Bloodboon Ritual   
2340,[AoW]   Mohgwyns Sacred Spear Bloodboon Ritual   
2341,[AoW]   Mohgwyns Sacred Spear Bloodboon Ritual   
2342,[AoW]   Mohgwyns Sacred Spear Bloodboon Ritual   
2343,[AoW]   Mohgwyns Sacred Spear Bloodboon Ritual   
2345,[AoW]   Fallingstar Beast Jaw Gravity Bolt   
2346,[AoW]   Fallingstar Beast Jaw Gravity Bolt   
2347,[AoW]   Fallingstar Beast Jaw Gravity Bolt   
2348,[AoW]   Fallingstar Beast Jaw Gravity Bolt   
2349,[AoW]   Fallingstar Beast Jaw Gravity Bolt   
2360,[AoW]   Bastards Stars Nebula   
2361,[AoW]   Bastards Stars Nebula   
2362,[AoW]   Bastards Stars Nebula   
2363,[AoW]   Bastards Stars Nebula   
2370,[AoW]   Cranial Vessel Candlestand Surge Of Faith   
2371,[AoW]   Cranial Vessel Candlestand Surge Of Faith   
2372,[AoW]   Cranial Vessel Candlestand Surge Of Faith   
2373,[AoW]   Cranial Vessel Candlestand Surge Of Faith   
2374,[AoW]   Cranial Vessel Candlestand Surge Of Faith   
2375,[AoW]   Cranial Vessel Candlestand Surge Of Faith   
2380,[AoW]   Silurias Tree Silurias Woe   
2381,[AoW]   Silurias Tree Silurias Woe   
2382,[AoW]   Silurias Tree Silurias Woe   
2385,[AoW]   Grafted Dragon Bear Witness!   
2386,[AoW]   Grafted Dragon Bear Witness!   
2387,[AoW]   Grafted Dragon Bear Witness!   
2388,[AoW]   Grafted Dragon Bear Witness!   
2389,[AoW]   Grafted Dragon Bear Witness!   
2390,[AoW]   Grafted Dragon Bear Witness!   
2391,[AoW]   Grafted Dragon Bear Witness!   
2400,[AoW]   Sacred Blast   
2410,[AoW]   Chilling Mist   
2411,[AoW]   Chilling Mist   
2415,[AoW]   Poisonous Mist   
2416,[AoW]   Poisonous Mist   
2430,[AoW]   Black Flame Tornado   
2431,[AoW]   Black Flame Tornado   
2490,[AoW]   Ice Spear   
2500,[AoW]   Dark Moon Gr-Sword   
2501,[AoW]   Dark Moon Gr-Sword   
2510,[AoW]   Dark Moon Gr-Sword   
2511,[AoW]   Dark Moon Gr-Sword   
2512,[AoW]   Dark Moon Gr-Sword   
2520,[AoW]   Carian Knights Sword Lazuli Glintstone Sword   
2521,[AoW]   Carian Knights Sword Lazuli Glintstone Sword   
2525,[AoW]   Wing Of Astel   
2526,[AoW]   Wing Of Astel   
2527,[AoW]   Wing Of Astel   
2528,[AoW]   Wing Of Astel   
2529,[AoW]   Wing Of Astel   
2530,[AoW]   Wing Of Astel   
2531,[AoW]   Wing Of Astel   
2532,[AoW]   Wing Of Astel   
2533,[AoW]   Wing Of Astel   
2534,[AoW]   Wing Of Astel   
2535,[AoW]   Wing Of Astel   
2536,[AoW]   Wing Of Astel   
2540,[AoW]   Frozen Needle   
2541,[AoW]   Frozen Needle   
2570,[AoW]   Flame Of The Redmanes   
2571,[AoW]   Flame Of The Redmanes   
2580,[AoW]   Black Knife Blade Of Death   
2585,[AoW]   Blade Of Calling Blade Of Gold   
2590,[AoW]   Glintstone Kris Glintstone Dart   
2591,[AoW]   Glintstone Kris Glintstone Dart   
2600,[AoW]   Storm Assault   
2601,[AoW]   Storm Assault   
2610,[AoW]   Sacred Ring Of Light   
2611,[AoW]   Sacred Ring Of Light   
2615,[AoW]   Sacred Ring Of Light   
2616,[AoW]   Sacred Ring Of Light   
2620,[AoW]   Sacred Ring Of Light   
2621,[AoW]   Sacred Ring Of Light   
2630,[AoW]   Firebreather   
2631,[AoW]   Firebreather   
2635,[AoW]   Blood Blade   
2636,[AoW]   Blood Blade   
2637,[AoW]   Blood Blade   
2640,[AoW]   Stormcaller   
2641,[AoW]   Stormcaller   
2642,[AoW]   Stormcaller   
2643,[AoW]   Stormcaller   
2644,[AoW]   Stormcaller   
2645,[AoW]   Stormcaller   
2646,[AoW]   Stormcaller   
2650,[AoW]   Carian Retaliation   
2651,[AoW]   Carian Retaliation   
2652,[AoW]   Carian Retaliation   
2653,[AoW]   Carian Retaliation   
2655,[AoW]   Storm Wall   
2658,[AoW]   Phantom Slash   
2659,[AoW]   Phantom Slash   
2660,[AoW]   Phantom Slash   
2661,[AoW]   Phantom Slash   
2662,[AoW]   Phantom Slash Emitter   
2663,[AoW]   Phantom Slash   
2664,[AoW]   Phantom Slash   
2665,[AoW]   Phantom Slash   
2666,[AoW]   Phantom Slash   
2667,[AoW]   Phantom Slash   
2668,[AoW]   Phantom Slash   
2669,[AoW]   Phantom Slash   
2670,[AoW]   White Shadows Lure   
2671,[AoW]   White Shadows Lure   
2672,[AoW]   White Shadows Lure   
2680,[AoW]   One-Eyed Shield Flame Spit   
2681,[AoW]   One-Eyed Shield Flame Spit   
2685,[AoW]   Visage Shield Tongues Of Fire   
2690,[AoW]   Envoys Long Horn Bubble Shower   
2691,[AoW]   Envoys Long Horn Bubble Shower   
2692,[AoW]   Envoys Long Horn Bubble Shower   
2695,[AoW]   Envoys Gr-Horn Gr- Oracular Bubble   
2696,[AoW]   Envoys Gr-Horn Gr- Oracular Bubble   
2700,
2701,
2705,[AoW]   Magma Whip Candlestick Sea Of Magma   
2706,[AoW]   Magma Whip Candlestick Sea Of Magma   
2710,[AoW]   Commanders Standard Rallying Standard   
2715,[AoW]   Reduvia Reduvia Blood Blade   
2716,[AoW]   Reduvia Reduvia Blood Blade   
2717,[AoW]   Reduvia Reduvia Blood Blade   
2720,[AoW]   Sword Of St. Trina Mists Of Slumber   
2723,[AoW]   Dragon Halberd Ice Lightning Weapon   
2724,[AoW]   Dragon Halberd Ice Lightning Weapon   
2725,[AoW]   Dragon Halberd Ice Lightning Weapon   
2726,[AoW]   Dragon Halberd Ice Lightning Weapon   
2727,[AoW]   Dragon Halberd Ice Lightning Weapon   
2728,[AoW]   Dragon Halberd Ice Lightning Weapon   
2729,[AoW]   Dragon Halberd Ice Lightning Weapon   
2730,[AoW]   
2731,[AoW]   
2732,[AoW]   
2740,[AoW]   
2741,[AoW]   
2745,[AoW]   Vykes War Spear Frenzyflame Thrust   
2746,[AoW]   Vykes War Spear Frenzyflame Thrust   
2747,[AoW]   Vykes War Spear Frenzyflame Thrust   
2748,[AoW]   Vykes War Spear Frenzyflame Thrust   
2749,[AoW]   Vykes War Spear Frenzyflame Thrust   
2760,[AoW]   Halo Scythe Miquellas Ring Of Light   
2761,[AoW]   Halo Scythe Miquellas Ring Of Light   
2762,[AoW]   Halo Scythe Miquellas Ring Of Light   
2763,[AoW]   Halo Scythe Miquellas Ring Of Light   
2764,[AoW]   Halo Scythe Miquellas Ring Of Light   
2765,[AoW]   Halo Scythe Miquellas Ring Of Light   
2770,[AoW]   Wing Of Astel Nebula   
2771,[AoW]   Wing Of Astel Nebula   
2772,[AoW]   Wing Of Astel Nebula   
2780,[AoW]   Ordoviss Gr-Sword   
2781,[AoW]   Ordoviss Gr-Sword   
2782,[AoW]   Ordoviss Gr-Sword   
2783,[AoW]   Ordoviss Gr-Sword   
2785,[AoW]   Thopss Barrier   
2790,[AoW]   Golden Land   
2791,[AoW]   Golden Land   
2792,[AoW]   Golden Land   
2793,[AoW]   Golden Land   
2794,[AoW]   Golden Land   
2795,[AoW]   Golden Land   
2796,[AoW]   Golden Land   
2797,[AoW]   Golden Land   
2800,[AoW]   Beasts Roar   
2801,[AoW]   Beasts Roar   
2810,[AoW]   Waves Of Darkness   
2811,[AoW]   Waves Of Darkness   
2812,[AoW]   Waves Of Darkness   
2813,[AoW]   Waves Of Darkness   
2814,[AoW]   Waves Of Darkness   
2815,[AoW]   Waves Of Darkness   
2816,[AoW]   Waves Of Darkness   
2817,[AoW]   Waves Of Darkness   
2825,[AoW]   St. Trinas Torch Fires Of Slumber   
2826,[AoW]   St. Trinas Torch Fires Of Slumber   
2830,[AoW]   Stormhawk Axe Thunderstorm   
2831,[AoW]   Stormhawk Axe Thunderstorm   
2832,[AoW]   Stormhawk Axe Thunderstorm   
2833,[AoW]   Stormhawk Axe Thunderstorm   
2834,[AoW]   Stormhawk Axe Thunderstorm   
2835,[AoW]   Stormhawk Axe Thunderstorm   
2836,[AoW]   Stormhawk Axe Thunderstorm   
2840,[AoW]   Erdtree Gr-Shield Golden Retaliation   
2841,[AoW]   Erdtree Gr-Shield Golden Retaliation   
2842,[AoW]   Erdtree Gr-Shield Golden Retaliation   
2843,[AoW]   Erdtree Gr-Shield Golden Retaliation   
2850,[AoW]   Fires 16 Discus Of Light   
2851,[AoW]   
2860,[AoW]   Magma Wyrms Scalesword Magma Guillotine   
2861,[AoW]   Magma Wyrms Scalesword Magma Guillotine   
2862,[AoW]   Magma Wyrms Scalesword Magma Guillotine   
2863,[AoW]   Magma Wyrms Scalesword Magma Guillotine   
2870,[AoW]   Rosus' Axe Rosuss Summons   
2871,[AoW]   Rosus' Axe Rosuss Summons   
2872,[AoW]   Rosus' Axe Rosuss Summons   
2873,[AoW]   Rosus' Axe Rosuss Summons   
2874,[AoW]   Rosus' Axe Rosuss Summons   
2875,[AoW]   Rosus' Axe Rosuss Summons   
2876,[AoW]   Rosus' Axe Rosuss Summons   
2900,[AoW]   
2910,[AoW]   Cleanrot Spear Sacred Phalanx   
2911,[AoW]   Cleanrot Spear Sacred Phalanx   
2912,[AoW]   Cleanrot Spear Sacred Phalanx   
2913,[AoW]   Cleanrot Spear Sacred Phalanx   
2914,[AoW]   Cleanrot Spear Sacred Phalanx   
2920,[AoW]   Watchdogs Staff Sorcery Of The Crozier   
2921,[AoW]   Watchdogs Staff Sorcery Of The Crozier   
2922,[AoW]   Watchdogs Staff Sorcery Of The Crozier   
2923,[AoW]   Watchdogs Staff Sorcery Of The Crozier   
2930,[AoW]   Shield Crash/Spectral Lance   
2940,[AoW]   Bolt   Of Gransax Ancient Lightning Spear   
2941,[AoW]   Bolt   Of Gransax Ancient Lightning Spear   
2942,[AoW]   Bolt   Of Gransax Ancient Lightning Spear   
2943,[AoW]   Bolt   Of Gransax Ancient Lightning Spear   
2944,[AoW]   Bolt   Of Gransax Ancient Lightning Spear   
2945,[AoW]   Bolt   Of Gransax Ancient Lightning Spear   
2950,[AoW]   Moonveil Transient Moonlight   
2951,[AoW]   Moonveil Transient Moonlight   
2955,[AoW]   Moonveil Transient Moonlight   
2956,[AoW]   Moonveil Transient Moonlight   
2960,[AoW]   Sword Of Milos Shriek Of Milos   
2961,[AoW]   Sword Of Milos Shriek Of Milos   
2970,[AoW]   Beastclaw Gr-Hammer Regal Beastclaw   
2971,[AoW]   Beastclaw Gr-Hammer Regal Beastclaw   
2972,[AoW]   Beastclaw Gr-Hammer Regal Beastclaw   
2973,[AoW]   Beastclaw Gr-Hammer Regal Beastclaw   
2974,[AoW]   Beastclaw Gr-Hammer Regal Beastclaw   
2975,[AoW]   Beastclaw Gr-Hammer Regal Beastclaw   
2976,[AoW]   Beastclaw Gr-Hammer Regal Beastclaw   
2977,[AoW]   Beastclaw Gr-Hammer Regal Beastclaw   
2980,[AoW]   Magma Blade Magma Shower   
2981,[AoW]   Magma Blade Magma Shower   
2990,[AoW]   Alabaster Lords Sword Alabaster Lords' Pull   
2991,[AoW]   Alabaster Lords Sword Alabaster Lords' Pull   
2992,[AoW]   Alabaster Lords Sword Alabaster Lords' Pull   
3000,[AoW]   Onyx Lords Gr-Sword Onyx Lords' Repulsion   
3001,[AoW]   Onyx Lords Gr-Sword Onyx Lords' Repulsion   
3002,[AoW]   Onyx Lords Gr-Sword Onyx Lords' Repulsion   
3006,[AoW]   Ruins Gr-Sword Wave Of Destruction   
3007,[AoW]   Ruins Gr-Sword Wave Of Destruction   
3008,[AoW]   Ruins Gr-Sword Wave Of Destruction   
3009,[AoW]   Ruins Gr-Sword Wave Of Destruction   
3010,[AoW]   Ruins Gr-Sword Wave Of Destruction   
3011,[AoW]   Ruins Gr-Sword Wave Of Destruction   
3012,[AoW]   Ruins Gr-Sword Wave Of Destruction   
3013,[AoW]   Ruins Gr-Sword Wave Of Destruction   
3014,[AoW]   Ruins Gr-Sword Wave Of Destruction   
3015,[AoW]   Ruins Gr-Sword Wave Of Destruction   
3016,[AoW]   Ruins Gr-Sword Wave Of Destruction   
3017,[AoW]   Ruins Gr-Sword Wave Of Destruction   
3018,[AoW]   Ruins Gr-Sword Wave Of Destruction   
3019,[AoW]   Ruins Gr-Sword Wave Of Destruction   
3020,[AoW]   Axe Of Godfrey Regal Roar   
3021,[AoW]   Axe Of Godfrey Regal Roar   
3022,[AoW]   Axe Of Godfrey Regal Roar   
3023,[AoW]   Axe Of Godfrey Regal Roar   
3024,[AoW]   Axe Of Godfrey Regal Roar   
3025,[AoW]   Axe Of Godfrey Regal Roar   
3026,[AoW]   Axe Of Godfrey Regal Roar   
3027,[AoW]   Axe Of Godfrey Regal Roar   
3028,[AoW]   Axe Of Godfrey Regal Roar   
3029,[AoW]   Axe Of Godfrey Regal Roar   
3030,[AoW]   Axe Of Godfrey Regal Roar   
3031,[AoW]   Axe Of Godfrey Regal Roar   
3032,[AoW]   Axe Of Godfrey Regal Roar   
3055,[AoW]   Zamor Curved Sword Zamor Ice Storm   
3056,[AoW]   Zamor Curved Sword Zamor Ice Storm   
3057,[AoW]   Zamor Curved Sword Zamor Ice Storm   
3058,[AoW]   Zamor Curved Sword Zamor Ice Storm   
3060,[AoW]   Gargoyles Blackblade Corpse Wax Cutter   
3061,[AoW]   Gargoyles Blackblade Corpse Wax Cutter   
3062,[AoW]   Gargoyles Blackblade Corpse Wax Cutter   
3065,[AoW]   Gargoyles Blackblade Corpse Wax Cutter   
4000,[AoW]   Sacred Relic Sword Wave Of Gold   
4001,[AoW]   Sacred Relic Sword Wave Of Gold   
4002,[AoW]   Sacred Relic Sword Wave Of Gold   
4003,[AoW]   Sacred Relic Sword Wave Of Gold   
4004,[AoW]   Sacred Relic Sword Wave Of Gold   
4005,[AoW]   Sacred Relic Sword Wave Of Gold   
4006,[AoW]   Sacred Relic Sword Wave Of Gold   
4007,[AoW]   Sacred Relic Sword Wave Of Gold   
4008,[AoW]   Sacred Relic Sword Wave Of Gold   
4009,[AoW]   Sacred Relic Sword Wave Of Gold   
4010,[AoW]   Sacred Relic Sword Wave Of Gold   
4011,[AoW]   Sacred Relic Sword Wave Of Gold   
4012,[AoW]   Sacred Relic Sword Wave Of Gold   
4013,[AoW]   Sacred Relic Sword Wave Of Gold   
4014,[AoW]   Sacred Relic Sword Wave Of Gold   
4015,[AoW]   Sacred Relic Sword Wave Of Gold   
4016,[AoW]   Sacred Relic Sword Wave Of Gold   
4017,[AoW]   Sacred Relic Sword Wave Of Gold   
4018,[AoW]   Sacred Relic Sword Wave Of Gold   
4019,[AoW]   Sacred Relic Sword Wave Of Gold   
4020,[AoW]   Sacred Relic Sword Wave Of Gold   
4021,[AoW]   Sacred Relic Sword Wave Of Gold   
4022,[AoW]   Sacred Relic Sword Wave Of Gold   
4023,[AoW]   Sacred Relic Sword Wave Of Gold   
4024,[AoW]   Sacred Relic Sword Wave Of Gold   
4025,[AoW]   Sacred Relic Sword Wave Of Gold   
4026,[AoW]   Sacred Relic Sword Wave Of Gold   
4027,[AoW]   Sacred Relic Sword Wave Of Gold   
4028,[AoW]   Sacred Relic Sword Wave Of Gold   
4029,[AoW]   Sacred Relic Sword Wave Of Gold   
4030,[AoW]   Sacred Relic Sword Wave Of Gold   
4031,[AoW]   Sacred Relic Sword Wave Of Gold   
4032,[AoW]   Sacred Relic Sword Wave Of Gold   
4033,[AoW]   Sacred Relic Sword Wave Of Gold   
4034,[AoW]   Sacred Relic Sword Wave Of Gold   
4035,[AoW]   Sacred Relic Sword Wave Of Gold   
4036,[AoW]   Sacred Relic Sword Wave Of Gold   
4037,[AoW]   Sacred Relic Sword Wave Of Gold   
4038,[AoW]   Sacred Relic Sword Wave Of Gold   
4039,[AoW]   Sacred Relic Sword Wave Of Gold   
4040,[AoW]   Sacred Relic Sword Wave Of Gold   
4041,[AoW]   Sacred Relic Sword Wave Of Gold   
4042,[AoW]   Sacred Relic Sword Wave Of Gold   
4043,[AoW]   Sacred Relic Sword Wave Of Gold   
4044,[AoW]   Sacred Relic Sword Wave Of Gold   
4045,[AoW]   Sacred Relic Sword Wave Of Gold   
4046,[AoW]   Sacred Relic Sword Wave Of Gold   
4047,[AoW]   Sacred Relic Sword Wave Of Gold   
4048,[AoW]   Sacred Relic Sword Wave Of Gold   
4049,[AoW]   Sacred Relic Sword Wave Of Gold   
4050,[AoW]   Sacred Relic Sword Wave Of Gold   
4051,[AoW]   Sacred Relic Sword Wave Of Gold   
4052,[AoW]   Sacred Relic Sword Wave Of Gold   
4053,[AoW]   Sacred Relic Sword Wave Of Gold   
4054,[AoW]   Sacred Relic Sword Wave Of Gold   
4055,[AoW]   Sacred Relic Sword Wave Of Gold   
4056,[AoW]   Sacred Relic Sword Wave Of Gold   
4057,[AoW]   Sacred Relic Sword Wave Of Gold   
4058,[AoW]   Sacred Relic Sword Wave Of Gold   
4059,[AoW]   Sacred Relic Sword Wave Of Gold   
4100,[AoW]   Deaths Poker   
4101,[AoW]   Deaths Poker   
4102,[AoW]   Deaths Poker   
4103,[AoW]   Deaths Poker   
4104,[AoW]   Deaths Poker   
4105,[AoW]   Deaths Poker   
4106,[AoW]   Deaths Poker   
4107,[AoW]   Deaths Poker   
4108,[AoW]   Deaths Poker   
4109,[AoW]   Deaths Poker   
4110,[AoW]   Deaths Poker   
4111,[AoW]   Deaths Poker   
4150,[AoW]   Blasphemous Blade Taker Fire Ground Wave 1   
4151,[AoW]   Blasphemous Blade Taker Fire Ground Wave 2   
4152,[AoW]   Blasphemous Blade Taker Fire Ground Wave 3   
4153,[AoW]   Blasphemous Blade Taker Fire Ground Wave 4   
4154,[AoW]   Blasphemous Blade Taker Fire Ground Wave 5   
4155,[AoW]   Blasphemous Blade Taker Fire Ground Wave 6   
4156,[AoW]   Blasphemous Blade Taker Fire Ground Wave 7   
4157,[AoW]   Blasphemous Blade Taker Fire Ground Wave 8   
4158,[AoW]   Blasphemous Blade Taker Fire Ground Wave 9   
4159,[AoW]   Blasphemous Blade Taker Fire Ground Wave 10   
6000,[AoW]   
6050,[AoW]   
6110,[AoW]   
100000,
100010,
100200,
100201,
100202,
100203,
100204,
100205,
100206,
100207,
100208,
100500,
100501,
100800,
100801,
100900,
100901,
100910,
100911,
100912,
100915,
100916,
100917,
100918,
100920,
100930,
101000,
101001,
101002,
101003,
101004,
101005,
101006,
101007,
101008,
101100,
101101,
101102,
101103,
101105,
101106,
101107,
101108,
101109,
101110,
101120,
101121,
102000,
102001,
102002,
102003,
102004,
102005,
102006,
102007,
102010,
102020,
102100,
102101,
102102,
102103,
120100,
120101,
120105,
120110,
120111,
120115,
120120,
120121,
120122,
120123,
120125,
120150,
120151,
120155,
120160,
120161,
120165,ICBM
120170,ICBM
120171,
120172,
120173,
120175,
120200,
120210,
120211,
120212,
120213,
120214,
120215,
120216,
120217,
149400,
149401,
149500,
170000,
170001,
170002,
170003,
171000,
200100,
200200,
200210,
200300,
200600,
235000,
235001,
240000,
240001,
240002,
240003,
290000,
290001,
300002,
300003,
1000000,
2010240,Extreme Closeup
2010271,[Blaidd the Half-Wolf]
2010280,[Blaidd the Half-Wolf]
2030100,[Rennala]
2030110,[Rennala]
2030120,[Rennala]
2030130,[Rennala]
2030140,[Rennala]
2030150,[Rennala]
2031100,[Rennala - 2]
2031110,[Rennala - 2]
2031115,[Rennala - 2]
2031130,[Rennala - 2]
2031150,[Rennala - 2]
2031151,[Rennala - 2]
2031152,[Rennala - 2]
2031153,[Rennala - 2]
2031155,[Rennala - 2]
2031156,[Rennala - 2]
2031157,[Rennala - 2]
2031158,[Rennala - 2]
2031160,[Rennala - 2]
2031161,[Rennala - 2]
2031162,[Rennala - 2]
2031163,[Rennala - 2]
2031170,[Rennala - 2]
2031175,[Rennala - 2]
2031176,[Rennala - 2]
2031180,[Rennala - 2]
2031181,[Rennala - 2]
2031182,[Rennala - 2]
2031183,[Rennala - 2]
2031184,[Rennala - 2]
2031185,[Rennala - 2]
2031186,[Rennala - 2]
2031187,[Rennala - 2]
2031190,[Rennala - 2]
2031191,[Rennala - 2]
2031192,[Rennala - 2]
2031193,[Rennala - 2]
2031194,[Rennala - 2]
2031195,[Rennala - 2]
2031196,[Rennala - 2]
2031197,[Rennala - 2]
2031199,[Rennala - 2]
2031210,[Rennala - 2]
2031250,[Rennala - 2]
2040100,[Rennala Student]
2040110,[Rennala Student]
2040120,[Rennala Student]
2040121,[Rennala Student]
2040122,[Rennala Student]
2040125,[Rennala Student]
2040126,[Rennala Student]
2040127,[Rennala Student]
2040140,[Rennala Student]
2040141,[Rennala Student]
2040142,[Rennala Student]
2040143,[Rennala Student]
2040150,[Rennala Student]
2040155,[Rennala Student]
2040156,[Rennala Student]
2040157,[Rennala Student]
2040180,[Rennala Student]
2041140,[Rennala Student - Bug Form]
2100250,[Black Knife Assassin]
2100260,[Black Knife Assassin]
2100261,[Black Knife Assassin]
2100270,[Black Knife Assassin]
2100290,[Black Knife Assassin]
2100300,[Black Knife Assassin]
2100310,[Black Knife Assassin]
2110100,[Beast Clergyman]
2110101,[Beast Clergyman]
2110130,[Beast Clergyman]
2110131,[Beast Clergyman]
2110150,[Beast Clergyman]
2110151,[Beast Clergyman]
2110152,[Beast Clergyman]
2110155,[Beast Clergyman]
2110156,[Beast Clergyman]
2110158,[Beast Clergyman]
2110250,[Beast Clergyman]
2110251,[Beast Clergyman]
2110252,[Beast Clergyman]
2110253,[Beast Clergyman]
2110254,[Beast Clergyman]
2110255,[Beast Clergyman]
2110351,[Beast Clergyman]
2110352,[Beast Clergyman]
2110421,[Beast Clergyman]
2110422,[Beast Clergyman]
2110431,[Beast Clergyman]
2110432,[Beast Clergyman]
2110433,[Beast Clergyman]
2110434,[Beast Clergyman]
2110435,[Beast Clergyman]
2110442,[Beast Clergyman]
2110451,[Beast Clergyman]
2110452,[Beast Clergyman]
2110453,[Beast Clergyman]
2110456,[Beast Clergyman]
2110457,[Beast Clergyman]
2110458,[Beast Clergyman]
2110475,[Beast Clergyman]
2110476,[Beast Clergyman]
2110477,[Beast Clergyman]
2110478,[Beast Clergyman]
2110479,[Beast Clergyman]
2110480,[Beast Clergyman]
2110550,[Beast Clergyman]
2110551,[Beast Clergyman]
2110552,[Beast Clergyman]
2110553,[Beast Clergyman]
2110554,[Beast Clergyman]
2110555,[Beast Clergyman]
2110752,[Beast Clergyman]
2110753,[Beast Clergyman]
2110754,[Beast Clergyman]
2110755,[Beast Clergyman]
2110772,[Beast Clergyman]
2110773,[Beast Clergyman]
2110774,[Beast Clergyman]
2110775,[Beast Clergyman]
2110776,[Beast Clergyman]
2120292,[Malenia]
2120293,[Malenia]
2120620,[Malenia]
2120621,[Malenia]
2120622,[Malenia]
2120623,[Malenia]
2120624,[Malenia]
2120640,[Malenia]
2120641,[Malenia]
2120642,[Malenia]
2120643,[Malenia]
2120650,[Malenia]
2120651,[Malenia]
2120652,[Malenia]
2120653,[Malenia]
2130050,[Morgott]
2130051,[Morgott]
2130052,[Morgott]
2130053,[Morgott]
2130054,[Morgott]
2130055,[Morgott]
2130060,[Morgott]
2130061,[Morgott]
2130062,[Morgott]
2130063,[Morgott]
2130064,[Morgott]
2130065,[Morgott]
2130070,[Morgott]
2130071,[Morgott]
2130072,[Morgott]
2130073,[Morgott]
2130074,[Morgott]
2130075,[Morgott]
2130080,[Morgott]
2130081,[Morgott]
2130082,[Morgott]
2130083,[Morgott]
2130084,[Morgott]
2130085,[Morgott]
2130090,[Morgott]
2130160,[Morgott]
2130165,[Morgott]
2130166,[Morgott]
2130167,[Morgott]
2130175,[Morgott]
2130176,[Morgott]
2130177,[Morgott]
2130191,[Morgott]
2130192,[Morgott]
2130193,[Morgott]
2130197,[Morgott]
2130198,[Morgott]
2130341,[Morgott]
2130342,[Morgott]
2130343,[Morgott]
2130345,[Morgott]
2130480,[Morgott]
2130595,[Morgott]
2130596,[Morgott]
2130771,[Morgott]
2130991,[Morgott]
2140290,[Omen Monstrosity]
2140291,[Omen Monstrosity]
2140510,[Omen Monstrosity]
2140511,[Omen Monstrosity]
2140512,[Omen Monstrosity]
2140513,[Omen Monstrosity]
2140514,[Omen Monstrosity]
2140520,[Omen Monstrosity]
2140521,[Omen Monstrosity]
2140522,[Omen Monstrosity]
2140523,[Omen Monstrosity]
2140530,[Omen Monstrosity]
2150010,
2150011,
2150012,
2150013,
2150014,
2150015,
2180100,[Melina]
2180101,[Melina]
2180102,[Melina]
2180103,[Melina]
2180104,[Melina]
2180110,[Melina]
2180115,[Melina]
2180116,[Melina]
2180180,[Melina]
2180210,[Melina]
2180250,[Melina]
2180260,[Melina]
2180320,[Melina]
2180322,[Melina]
2180330,[Melina]
2180332,[Melina]
2180340,[Melina]
2180342,[Melina]
2180500,[Melina]
2180505,[Melina]
2180506,[Melina]
2190161,[Radagon]
2190162,[Radagon]
2190163,[Radagon]
2190201,[Radagon]
2190202,[Radagon]
2190203,[Radagon]
2190245,[Radagon]
2190250,[Radagon]
2190251,[Radagon]
2190252,[Radagon]
2190253,[Radagon]
2190261,[Radagon]
2190262,[Radagon]
2190263,[Radagon]
2190265,[Radagon]
2190281,[Radagon]
2190282,[Radagon]
2190283,[Radagon]
2190291,[Radagon]
2190292,[Radagon]
2190293,[Radagon]
2190294,[Radagon]
2190295,[Radagon]
2190296,[Radagon]
2190310,[Radagon]
2190311,[Radagon]
2190312,[Radagon]
2190313,[Radagon]
2190330,[Radagon]
2190331,[Radagon]
2190332,[Radagon]
2190340,[Radagon]
2190341,[Radagon]
2190342,[Radagon]
2190360,[Radagon]
2190361,[Radagon]
2190362,[Radagon]
2190365,[Radagon]
2190366,[Radagon]
2190367,[Radagon]
2190371,[Radagon]
2190372,[Radagon]
2190373,[Radagon]
2190374,[Radagon]
2190375,[Radagon]
2190376,[Radagon]
2190381,[Radagon]
2190382,[Radagon]
2190383,[Radagon]
2190384,[Radagon]
2190385,[Radagon]
2190386,[Radagon]
2190390,[Radagon]
2190391,[Radagon]
2190392,[Radagon]
2190393,[Radagon]
2190401,[Radagon]
2190402,[Radagon]
2190403,[Radagon]
2190404,[Radagon]
2190420,[Radagon]
2190421,[Radagon]
2190422,[Radagon]
2190425,[Radagon]
2190430,[Radagon]
2190431,[Radagon]
2190432,[Radagon]
2190433,[Radagon]
2190434,[Radagon]
2190435,[Radagon]
2190440,[Radagon]
2190441,[Radagon]
2190442,[Radagon]
2190443,[Radagon]
2190450,[Radagon]
2190451,[Radagon]
2190452,[Radagon]
2190453,[Radagon]
2190460,[Radagon]
2190510,[Radagon]
2190520,[Radagon]
2190521,[Radagon]
2190530,[Radagon]
2190540,[Radagon]
2190600,[Radagon]
2190610,[Radagon]
2190620,[Radagon]
2190999,
2200100,[Elden Beast] BOOM
2200101,[Elden Beast] Nebula - lump
2200102,[Elden Beast] Nebula Explosion
2200190,[Elden Beast] Nebula - strip
2200191,[Elden Beast] Nebula - small lump
2200192,[Elden Beast] Nebula Explosion 2
2200212,[Elden Beast]
2200213,[Elden Beast]
2200214,[Elden Beast] Light Blade
2200221,[Elden Beast]
2200222,[Elden Beast]
2200223,[Elden Beast]
2200224,[Elden Beast]
2200225,[Elden Beast]
2200226,[Elden Beast]
2200227,[Elden Beast]
2200228,[Elden Beast]
2200230,[Elden Beast] Flame
2200231,[Elden Beast] Flame 2
2200232,[Elden Beast] Flame 3
2200294,[Elden Beast] Flame 4
2200295,[Elden Beast] Blade
2200296,[Elden Beast] Blade
2200297,[Elden Beast]
2200300,[Elden Beast] Homing Beam
2200301,[Elden Beast] Homing Beam 2
2200310,[Elden Beast] Invisible - then explode
2200311,[Elden Beast] Invisible - then explode
2200315,[Elden Beast]
2200316,[Elden Beast]
2200330,[Elden Beast] Blade Vertical
2200360,[Elden Beast]
2200361,[Elden Beast]
2200362,[Elden Beast]
2200363,[Elden Beast]
2200365,[Elden Beast]
2200366,[Elden Beast]
2200367,[Elden Beast]
2200368,[Elden Beast]
2200370,[Elden Beast]
2200371,[Elden Beast]
2200372,[Elden Beast] Mega Explosion
2200390,[Elden Beast]
2200391,[Elden Beast]
2200392,[Elden Beast]
2200393,[Elden Beast] Elden Star
2200394,[Elden Beast]
2200395,[Elden Beast]
2200396,[Elden Beast]
2200397,[Elden Beast]
2200402,[Elden Beast]
2200410,[Elden Beast]
2200411,[Elden Beast]
2200412,[Elden Beast]
2200415,[Elden Beast]
2200416,[Elden Beast]
2200417,[Elden Beast]
2200420,[Elden Beast]
2200421,[Elden Beast]
2200422,[Elden Beast]
2200423,[Elden Beast]
2200424,[Elden Beast]
2200425,[Elden Beast]
2200426,[Elden Beast]
2200427,[Elden Beast]
2200428,[Elden Beast]
2200430,[Elden Beast]
2200450,[Elden Beast]
2200460,[Elden Beast]
2200510,[Elden Beast]
2200600,[Elden Beast]
2200610,[Elden Beast]
2200620,[Elden Beast]
2200630,[Elden Beast]
2200999,
2270110,[Giant Crab]
2270111,[Giant Crab]
2270250,[Giant Crab]
2270251,[Giant Crab]
2270260,[Giant Crab]
2270261,[Giant Crab]
2500180,[Crucible Knight]
2500181,[Crucible Knight]
2500182,[Crucible Knight]
2500210,[Crucible Knight]
2500220,[Crucible Knight]
2500221,[Crucible Knight]
2500222,[Crucible Knight]
2500240,[Crucible Knight]
2500250,[Crucible Knight]
2500251,[Crucible Knight]
2500252,[Crucible Knight]
2500271,[Crucible Knight]
2500440,[Crucible Knight]
2500441,[Crucible Knight]
2500442,[Crucible Knight]
2500481,[Crucible Knight]
2500482,[Crucible Knight]
2500501,[Crucible Knight]
2500590,[Crucible Knight]
2500591,[Crucible Knight]
2500592,[Crucible Knight]
2500610,[Crucible Knight]
3000120,[Castle Exile]
3000121,[Castle Exile]
3000130,[Castle Exile]
3000131,[Castle Exile]
3000140,[Castle Exile]
3000150,[Castle Exile]
3000200,[Castle Exile]
3000210,[Castle Exile]
3000220,[Castle Exile]
3000230,[Castle Exile]
3000240,[Castle Exile]
3000425,[Castle Exile]
3000440,[Castle Exile]
3000441,[Castle Exile]
3000501,[Castle Exile]
3010135,[Banished Knight]
3010136,[Banished Knight]
3010185,[Banished Knight]
3010212,[Banished Knight]
3010213,[Banished Knight]
3010225,[Banished Knight]
3010226,[Banished Knight]
3010235,[Banished Knight]
3010245,[Banished Knight]
3010255,[Banished Knight]
3010280,[Banished Knight]
3010281,[Banished Knight]
3010290,[Banished Knight]
3010525,[Banished Knight]
3010795,[Banished Knight]
3010815,[Banished Knight]
3010820,[Banished Knight]
3010845,[Banished Knight]
3010847,[Banished Knight]
3010850,[Banished Knight]
3010875,[Banished Knight]
3010877,[Banished Knight]
3010885,[Banished Knight]
3010925,[Banished Knight]
3050400,[Sol Knight]
3050410,[Sol Knight]
3050900,[Sol Knight]
3050905,[Sol Knight]
3050910,[Sol Knight]
3050915,[Sol Knight]
3050920,[Sol Knight]
3050925,[Sol Knight]
3050930,[Sol Knight]
3050935,[Sol Knight]
3050940,[Sol Knight]
3050945,[Sol Knight]
3050950,[Sol Knight]
3050955,[Sol Knight]
3061500,[Undead Azula Beastman]
3070170,[Dominula Celebrant]
3070200,[Dominula Celebrant]
3070201,[Dominula Celebrant]
3070202,[Dominula Celebrant]
3070203,[Dominula Celebrant]
3070210,[Dominula Celebrant]
3070211,[Dominula Celebrant]
3070220,[Dominula Celebrant]
3070380,[Dominula Celebrant]
3070450,[Dominula Celebrant]
3070570,[Dominula Celebrant]
3070900,[Dominula Celebrant]
3080070,[Imp]
3080080,[Imp]
3080100,[Imp]
3080101,[Imp]
3080120,[Imp]
3080121,[Imp]
3080130,[Imp]
3080131,[Imp]
3080132,[Imp]
3080133,[Imp]
3080134,[Imp]
3080135,[Imp]
3080136,[Imp]
3100272,[Elemer of the Briar]
3100410,[Elemer of the Briar]
3100420,[Elemer of the Briar]
3100421,[Elemer of the Briar]
3150500,[Night's Cavalry]
3150510,[Night's Cavalry]
3170000,[Albinauric Archer]
3170010,[Albinauric Archer]
3170011,[Albinauric Archer]
3170020,[Albinauric Archer]
3170030,[Albinauric Archer]
3170031,[Albinauric Archer]
3170200,[Albinauric Archer]
3170210,[Albinauric Archer]
3170211,[Albinauric Archer]
3170220,[Albinauric Archer]
3170230,[Albinauric Archer]
3170231,[Albinauric Archer]
3170240,[Albinauric Archer]
3170250,[Albinauric Archer]
3170251,[Albinauric Archer]
3170260,[Albinauric Archer]
3170270,[Albinauric Archer]
3170271,[Albinauric Archer]
3170280,[Albinauric Archer]
3170290,[Albinauric Archer]
3170291,[Albinauric Archer]
3170360,[Albinauric Archer]
3170370,[Albinauric Archer]
3170371,[Albinauric Archer]
3170380,[Albinauric Archer]
3170390,[Albinauric Archer]
3170391,[Albinauric Archer]
3170500,[Albinauric Archer]
3170501,[Albinauric Archer]
3170502,[Albinauric Archer]
3170503,[Albinauric Archer]
3170504,[Albinauric Archer]
3170550,[Albinauric Archer]
3170551,[Albinauric Archer]
3170560,[Albinauric Archer]
3170561,[Albinauric Archer]
3180050,[Dog]
3180051,[Dog]
3180055,[Dog]
3180056,[Dog]
3180057,[Dog]
3180800,[Dog]
3181500,[Red Wolf of Radagon]
3181501,[Red Wolf of Radagon]
3181502,[Red Wolf of Radagon]
3181510,[Red Wolf of Radagon]
3181520,[Red Wolf of Radagon]
3181800,[Red Wolf of Radagon]
3200000,[Nomad Trader]
3200001,[Nomad Trader]
3200002,[Nomad Trader]
3200003,[Nomad Trader]
3200010,[Nomad Trader]
3200011,[Nomad Trader]
3200012,[Nomad Trader]
3200013,[Nomad Trader]
3200400,[Nomad Trader]
3200401,[Nomad Trader]
3200402,[Nomad Trader]
3200403,[Nomad Trader]
3200410,[Nomad Trader]
3200411,[Nomad Trader]
3200412,[Nomad Trader]
3200413,[Nomad Trader]
3250141,[Draconic Tree Sentinel]
3250161,[Draconic Tree Sentinel]
3250181,[Draconic Tree Sentinel]
3250200,[Draconic Tree Sentinel]
3250201,[Draconic Tree Sentinel]
3250210,[Draconic Tree Sentinel]
3250211,[Draconic Tree Sentinel]
3250291,[Draconic Tree Sentinel]
3250301,[Draconic Tree Sentinel]
3250311,[Draconic Tree Sentinel]
3250320,[Draconic Tree Sentinel]
3250321,[Draconic Tree Sentinel]
3250341,[Draconic Tree Sentinel]
3250441,[Draconic Tree Sentinel]
3250451,[Draconic Tree Sentinel]
3250461,[Draconic Tree Sentinel]
3250471,[Draconic Tree Sentinel]
3250481,[Draconic Tree Sentinel]
3250491,[Draconic Tree Sentinel]
3250492,[Draconic Tree Sentinel]
3250493,[Draconic Tree Sentinel]
3250494,[Draconic Tree Sentinel]
3250501,[Draconic Tree Sentinel]
3250510,[Draconic Tree Sentinel]
3250511,[Draconic Tree Sentinel]
3250512,[Draconic Tree Sentinel]
3250513,[Draconic Tree Sentinel]
3250514,[Draconic Tree Sentinel]
3250515,[Draconic Tree Sentinel]
3250521,[Draconic Tree Sentinel]
3250531,[Draconic Tree Sentinel]
3250550,[Draconic Tree Sentinel]
3250551,[Draconic Tree Sentinel]
3250552,[Draconic Tree Sentinel]
3250800,[Draconic Tree Sentinel]
3251141,[Tree Sentinel]
3251161,[Tree Sentinel]
3251241,[Tree Sentinel]
3251271,[Tree Sentinel]
3251281,[Tree Sentinel]
3251320,[Tree Sentinel]
3251321,[Tree Sentinel]
3251322,[Tree Sentinel]
3251323,[Tree Sentinel]
3251451,[Tree Sentinel]
3251910,[Tree Sentinel]
3251911,[Tree Sentinel]
3251912,[Tree Sentinel]
3251913,[Tree Sentinel]
3251915,[Tree Sentinel]
3252161,[Fallen Tree Sentinel]
3252162,[Fallen Tree Sentinel]
3252210,[Fallen Tree Sentinel]
3252211,[Fallen Tree Sentinel]
3252240,[Fallen Tree Sentinel]
3252241,[Fallen Tree Sentinel]
3252250,[Fallen Tree Sentinel]
3252251,[Fallen Tree Sentinel]
3252310,[Fallen Tree Sentinel]
3252320,[Fallen Tree Sentinel]
3252321,[Fallen Tree Sentinel]
3252330,[Fallen Tree Sentinel]
3252340,[Fallen Tree Sentinel]
3252341,[Fallen Tree Sentinel]
3252350,[Fallen Tree Sentinel]
3252351,[Fallen Tree Sentinel]
3252360,[Fallen Tree Sentinel]
3252361,[Fallen Tree Sentinel]
3252400,[Fallen Tree Sentinel]
3252401,[Fallen Tree Sentinel]
3252405,[Fallen Tree Sentinel]
3252406,[Fallen Tree Sentinel]
3252410,[Fallen Tree Sentinel]
3252411,[Fallen Tree Sentinel]
3252415,[Fallen Tree Sentinel]
3252416,[Fallen Tree Sentinel]
3252420,[Fallen Tree Sentinel]
3252421,[Fallen Tree Sentinel]
3252425,[Fallen Tree Sentinel]
3252426,[Fallen Tree Sentinel]
3252430,[Fallen Tree Sentinel]
3252431,[Fallen Tree Sentinel]
3252440,[Fallen Tree Sentinel]
3252441,[Fallen Tree Sentinel]
3252445,[Fallen Tree Sentinel]
3252446,[Fallen Tree Sentinel]
3252450,[Fallen Tree Sentinel]
3252451,[Fallen Tree Sentinel]
3252460,[Fallen Tree Sentinel]
3252461,[Fallen Tree Sentinel]
3252465,[Fallen Tree Sentinel]
3252466,[Fallen Tree Sentinel]
3252470,[Fallen Tree Sentinel]
3252471,[Fallen Tree Sentinel]
3252472,[Fallen Tree Sentinel]
3252473,[Fallen Tree Sentinel]
3252480,[Fallen Tree Sentinel]
3252481,[Fallen Tree Sentinel]
3252482,[Fallen Tree Sentinel]
3252483,[Fallen Tree Sentinel]
3300400,Nox Swordstress 1]
3300700,Nox Swordstress 1]
3310500,[Nox Swordstress 2]
3310501,[Nox Swordstress 2]
3310700,[Nox Swordstress 2]
3320120,[Silver Tear]
3320130,[Silver Tear]
3320131,[Silver Tear]
3320132,[Silver Tear]
3320133,[Silver Tear]
3320134,[Silver Tear]
3320135,[Silver Tear]
3320160,[Silver Tear]
3320170,[Silver Tear]
3330110,[Silver Tear]
3330120,[Silver Tear]
3350050,[Crystalian]
3350060,[Crystalian]
3350402,[Crystalian]
3350403,[Crystalian]
3350404,[Crystalian]
3350407,[Crystalian]
3350408,[Crystalian]
3350409,[Crystalian]
3350410,[Crystalian]
3350412,[Crystalian]
3350415,[Crystalian]
3350417,[Crystalian]
3350420,[Crystalian]
3350425,[Crystalian]
3350430,[Crystalian]
3350432,[Crystalian]
3350434,[Crystalian]
3350435,[Crystalian]
3350436,[Crystalian]
3350437,[Crystalian]
3350440,[Crystalian]
3350442,[Crystalian]
3350444,[Crystalian]
3350445,[Crystalian]
3350446,[Crystalian]
3350447,[Crystalian]
3350550,[Crystalian]
3350560,[Crystalian]
3360320,[Ancestral Follower]
3360400,[Ancestral Follower]
3360410,[Ancestral Follower]
3360490,[Ancestral Follower]
3360500,[Ancestral Follower]
3370120,[Ancestral Follower Shaman]
3370130,[Ancestral Follower Shaman]
3370131,[Ancestral Follower Shaman]
3370140,[Ancestral Follower Shaman]
3370141,[Ancestral Follower Shaman]
3400370,[Exiled Duelist]
3400380,[Exiled Duelist]
3400500,[Exiled Duelist]
3400501,[Exiled Duelist]
3450202,[Misbegotten]
3450210,[Misbegotten]
3450220,[Misbegotten]
3450300,[Misbegotten]
3450310,[Misbegotten]
3450320,[Misbegotten]
3451141,[Misbegotten]
3460150,[Winged Misbegotten]
3460151,[Winged Misbegotten]
3460201,[Winged Misbegotten]
3460230,[Winged Misbegotten]
3460241,[Winged Misbegotten]
3460242,[Winged Misbegotten]
3470000,[Albinauric]
3470001,[Albinauric]
3470027,[Albinauric]
3470190,[Albinauric]
3470191,[Albinauric]
3470192,[Albinauric]
3470200,[Albinauric]
3470201,[Albinauric]
3470202,[Albinauric]
3470203,[Albinauric]
3500100,[Skeleton (Curved Sword)]
3500101,[Skeleton (Curved Sword)]
3500340,[Skeleton (Curved Sword)]
3500341,[Skeleton (Curved Sword)]
3500350,[Skeleton (Curved Sword)]
3500351,[Skeleton (Curved Sword)]
3500352,[Skeleton (Curved Sword)]
3500353,[Skeleton (Curved Sword)]
3500550,[Skeleton (Curved Sword)]
3500551,[Skeleton (Curved Sword)]
3500810,[Skeleton (Curved Sword)]
3500890,[Skeleton (Curved Sword)]
3500891,[Skeleton (Curved Sword)]
3510090,[Skeleton (Scimitar)]
3510091,[Skeleton (Scimitar)]
3510092,[Skeleton (Scimitar)]
3510093,[Skeleton (Scimitar)]
3510230,[Skeleton (Scimitar)]
3510700,[Skeleton (Scimitar)]
3510701,[Skeleton (Scimitar)]
3510702,[Skeleton (Scimitar)]
3550280,[Godskin Apostle]
3550290,[Godskin Apostle]
3550291,[Godskin Apostle]
3550292,[Godskin Apostle]
3550293,[Godskin Apostle]
3550294,[Godskin Apostle]
3550295,[Godskin Apostle]
3560198,[Godskin Noble]
3560236,[Godskin Noble]
3560242,[Godskin Noble]
3560243,[Godskin Noble]
3560250,[Godskin Noble]
3560251,[Godskin Noble]
3560260,[Godskin Noble]
3560261,[Godskin Noble]
3560270,[Godskin Noble]
3560350,[Godskin Noble]
3570191,[Grave Warden Duelist]
3570261,[Grave Warden Duelist]
3570262,[Grave Warden Duelist]
3570274,[Grave Warden Duelist]
3570275,[Grave Warden Duelist]
3570300,[Grave Warden Duelist]
3570301,[Grave Warden Duelist]
3570302,[Grave Warden Duelist]
3570303,[Grave Warden Duelist]
3570310,[Grave Warden Duelist]
3570311,[Grave Warden Duelist]
3570320,[Grave Warden Duelist]
3570410,[Grave Warden Duelist]
3570420,[Grave Warden Duelist]
3570421,[Grave Warden Duelist]
3600200,[Alabaster Lord]
3600201,[Alabaster Lord]
3600202,[Alabaster Lord]
3600203,[Alabaster Lord]
3600204,[Alabaster Lord]
3600220,[Alabaster Lord]
3600371,[Alabaster Lord]
3600372,[Alabaster Lord]
3600373,[Alabaster Lord]
3600374,[Alabaster Lord]
3600400,[Alabaster Lord]
3600401,[Alabaster Lord]
3600402,[Alabaster Lord]
3600403,[Alabaster Lord]
3600420,[Alabaster Lord]
3600440,[Alabaster Lord]
3600800,[Alabaster Lord]
3600801,[Alabaster Lord]
3600810,[Alabaster Lord]
3600811,[Alabaster Lord]
3600812,[Alabaster Lord]
3600820,[Alabaster Lord]
3600821,[Alabaster Lord]
3600822,[Alabaster Lord]
3600830,[Alabaster Lord]
3600831,[Alabaster Lord]
3600832,[Alabaster Lord]
3600840,[Alabaster Lord]
3600841,[Alabaster Lord]
3600842,[Alabaster Lord]
3600850,[Alabaster Lord]
3600851,[Alabaster Lord]
3600852,[Alabaster Lord]
3600860,[Alabaster Lord]
3600861,[Alabaster Lord]
3610130,[Oracle Envoy]
3610150,[Oracle Envoy]
3610151,[Oracle Envoy]
3610152,[Oracle Envoy]
3620140,
3620160,
3620161,
3620162,
3620163,
3630150,
3630160,
3630161,
3630162,
3640100,
3640110,
3650310,[Erdtree Guardian]
3650311,[Erdtree Guardian]
3650312,[Erdtree Guardian]
3650313,[Erdtree Guardian]
3650314,[Erdtree Guardian]
3650343,[Erdtree Guardian]
3650345,[Erdtree Guardian]
3650410,[Erdtree Guardian]
3650600,[Erdtree Guardian]
3650610,[Erdtree Guardian]
3650611,[Erdtree Guardian]
3650612,[Erdtree Guardian]
3650614,[Erdtree Guardian]
3650700,[Erdtree Guardian]
3650710,[Erdtree Guardian]
3650800,[Erdtree Guardian]
3650900,[Erdtree Guardian]
3660170,[Devious Commoner]
3660190,[Devious Commoner]
3660191,[Devious Commoner]
3660200,[Devious Commoner]
3660201,[Devious Commoner]
3660210,[Devious Commoner]
3660211,[Devious Commoner]
3660220,[Devious Commoner]
3660221,[Devious Commoner]
3660230,[Devious Commoner]
3660240,[Devious Commoner]
3660250,[Devious Commoner]
3660260,[Devious Commoner]
3660270,[Devious Commoner]
3660280,[Devious Commoner]
3660290,[Devious Commoner]
3660300,[Devious Commoner]
3660320,[Devious Commoner]
3660321,[Devious Commoner]
3660322,[Devious Commoner]
3660323,[Devious Commoner]
3661900,[Putrid Corpse 1]
3661901,[Putrid Corpse 1]
3661905,[Putrid Corpse 1]
3661906,[Putrid Corpse 1]
3661910,[Putrid Corpse 1]
3661920,[Putrid Corpse 1]
3661921,[Putrid Corpse 1]
3661925,[Putrid Corpse 1]
3661926,[Putrid Corpse 1]
3661927,[Putrid Corpse 1]
3662900,[Putrid Corpse 2]
3662901,[Putrid Corpse 2]
3662905,[Putrid Corpse 2]
3662906,[Putrid Corpse 2]
3662910,[Putrid Corpse 2]
3662920,[Putrid Corpse 2]
3662921,[Putrid Corpse 2]
3662925,[Putrid Corpse 2]
3662926,[Putrid Corpse 2]
3662927,[Putrid Corpse 2]
3664180,[Cemetery Shade]
3664181,[Cemetery Shade]
3670100,[Albinauric Lookout]
3670101,[Albinauric Lookout]
3670210,[Albinauric Lookout]
3670220,[Albinauric Lookout]
3670221,[Albinauric Lookout]
3670222,[Albinauric Lookout]
3670223,[Albinauric Lookout]
3670224,[Albinauric Lookout]
3670225,[Albinauric Lookout]
3670400,[Albinauric Lookout]
3670401,[Albinauric Lookout]
3700110,[Depraved Perfumer]
3700120,[Depraved Perfumer]
3700121,[Depraved Perfumer]
3700122,[Depraved Perfumer]
3700123,[Depraved Perfumer]
3700130,[Depraved Perfumer]
3700131,[Depraved Perfumer]
3700132,[Depraved Perfumer]
3700170,[Depraved Perfumer]
3700171,[Depraved Perfumer]
3700172,[Depraved Perfumer]
3700190,[Depraved Perfumer]
3700191,[Depraved Perfumer]
3700500,[Depraved Perfumer]
3700501,[Depraved Perfumer]
3700502,[Depraved Perfumer]
3700503,[Depraved Perfumer]
3700510,[Depraved Perfumer]
3700511,[Depraved Perfumer]
3700512,[Depraved Perfumer]
3700520,[Depraved Perfumer]
3700530,[Depraved Perfumer]
3700531,[Depraved Perfumer]
3700532,[Depraved Perfumer]
3700540,[Depraved Perfumer]
3700560,[Depraved Perfumer]
3700570,[Depraved Perfumer]
3700571,[Depraved Perfumer]
3700572,[Depraved Perfumer]
3700573,[Depraved Perfumer]
3700580,[Depraved Perfumer]
3700581,[Depraved Perfumer]
3700582,[Depraved Perfumer]
3700583,[Depraved Perfumer]
3700584,[Depraved Perfumer]
3700585,[Depraved Perfumer]
3700586,[Depraved Perfumer]
3700587,[Depraved Perfumer]
3700620,[Depraved Perfumer]
3700621,[Depraved Perfumer]
3700630,[Depraved Perfumer]
3700631,[Depraved Perfumer]
3700632,[Depraved Perfumer]
3700633,[Depraved Perfumer]
3700640,[Depraved Perfumer]
3700641,[Depraved Perfumer]
3700642,[Depraved Perfumer]
3700643,[Depraved Perfumer]
3700644,[Depraved Perfumer]
3700645,[Depraved Perfumer]
3700646,[Depraved Perfumer]
3700647,[Depraved Perfumer]
3700648,[Depraved Perfumer]
3700650,[Depraved Perfumer]
3700700,[Depraved Perfumer]
3700710,[Depraved Perfumer]
3700720,[Depraved Perfumer]
3700730,[Depraved Perfumer]
3700740,[Depraved Perfumer]
3702100,[Raya Lucaria Scholar]
3702200,[Raya Lucaria Scholar]
3702201,[Raya Lucaria Scholar]
3702202,[Raya Lucaria Scholar]
3702203,[Raya Lucaria Scholar]
3702204,[Raya Lucaria Scholar]
3702205,[Raya Lucaria Scholar]
3702206,[Raya Lucaria Scholar]
3702207,[Raya Lucaria Scholar]
3702210,[Raya Lucaria Scholar]
3702211,[Raya Lucaria Scholar]
3702212,[Raya Lucaria Scholar]
3702213,[Raya Lucaria Scholar]
3702214,[Raya Lucaria Scholar]
3702215,[Raya Lucaria Scholar]
3702216,[Raya Lucaria Scholar]
3702217,[Raya Lucaria Scholar]
3702301,[Raya Lucaria Scholar]
3702400,[Raya Lucaria Scholar]
3702402,[Raya Lucaria Scholar]
3702404,[Raya Lucaria Scholar]
3702410,[Raya Lucaria Scholar]
3702411,[Raya Lucaria Scholar]
3702412,[Raya Lucaria Scholar]
3703200,[Noble's Page]
3703201,[Noble's Page]
3703202,[Noble's Page]
3704160,[Battlemage]
3704170,[Battlemage]
3704171,[Battlemage]
3704181,[Battlemage]
3704191,[Battlemage]
3704200,[Battlemage]
3704210,[Battlemage]
3704220,[Battlemage]
3704221,[Battlemage]
3710100,[Crystallized Battlemage]
3710110,[Crystallized Battlemage]
3710111,[Crystallized Battlemage]
3710112,[Crystallized Battlemage]
3710120,[Crystallized Battlemage]
3710121,[Crystallized Battlemage]
3710122,[Crystallized Battlemage]
3710123,[Crystallized Battlemage]
3710124,[Crystallized Battlemage]
3710125,[Crystallized Battlemage]
3710126,[Crystallized Battlemage]
3710127,[Crystallized Battlemage]
3730100,[Orb of Many Faces]
3730101,[Orb of Many Faces]
3730102,[Orb of Many Faces]
3730110,[Orb of Many Faces]
3730111,[Orb of Many Faces]
3730112,[Orb of Many Faces]
3750240,[Clayman]
3750241,[Clayman]
3750320,[Clayman]
3750321,[Clayman]
3750330,[Clayman]
3750331,[Clayman]
3750340,[Clayman]
3750341,[Clayman]
3750350,[Clayman]
3750351,[Clayman]
3800195,[Cleanrot Knight]
3800240,[Cleanrot Knight]
3800241,[Cleanrot Knight]
3800280,[Cleanrot Knight]
3800281,[Cleanrot Knight]
3800282,[Cleanrot Knight]
3800283,[Cleanrot Knight]
3800284,[Cleanrot Knight]
3800290,[Cleanrot Knight]
3800291,[Cleanrot Knight]
3800300,[Cleanrot Knight]
3800310,[Cleanrot Knight]
3800311,[Cleanrot Knight]
3800313,[Cleanrot Knight]
3800314,[Cleanrot Knight]
3810190,[Kindred of Rot]
3810191,[Kindred of Rot]
3810300,[Kindred of Rot]
3810301,[Kindred of Rot]
3810310,[Kindred of Rot]
3810311,[Kindred of Rot]
3810312,[Kindred of Rot]
3810320,[Kindred of Rot]
3810330,[Kindred of Rot]
3810331,[Kindred of Rot]
3810332,[Kindred of Rot]
3810333,[Kindred of Rot]
3810334,[Kindred of Rot]
3810335,[Kindred of Rot]
3810400,[Kindred of Rot]
3810410,[Kindred of Rot]
3810420,[Kindred of Rot]
3810430,[Kindred of Rot]
3850070,[Marionette]
3850071,[Marionette]
3850075,[Marionette]
3850076,[Marionette]
3850080,[Marionette]
3850081,[Marionette]
3850085,[Marionette]
3850086,[Marionette]
3850100,[Marionette]
3850101,[Marionette]
3850110,[Marionette]
3850111,[Marionette]
3850120,[Marionette]
3850121,[Marionette]
3850130,[Marionette]
3850131,[Marionette]
3850310,[Marionette]
3850311,[Marionette]
3850312,[Marionette]
3850320,[Marionette]
3850321,[Marionette]
3850322,[Marionette]
3860170,[Avionette]
3860171,[Avionette]
3860175,[Avionette]
3860176,[Avionette]
3860270,[Avionette]
3860271,[Avionette]
3860275,[Avionette]
3860276,[Avionette]
3860400,[Avionette]
3860401,[Avionette]
3860405,[Avionette]
3860406,[Avionette]
3860407,[Avionette]
3860408,[Avionette]
3860409,[Avionette]
3860410,[Avionette]
3860411,[Avionette]
3860450,[Avionette]
3860451,[Avionette]
3860452,[Avionette]
3860453,[Avionette]
3900131,[Fire Monk]
3900200,[Fire Monk]
3900201,[Fire Monk]
3900210,[Fire Monk]
3900211,[Fire Monk]
3900220,[Fire Monk]
3900333,[Fire Monk]
3901131,[Godskin Monk]
3901200,[Godskin Monk]
3901201,[Godskin Monk]
3901210,[Godskin Monk]
3901211,[Godskin Monk]
3901220,[Godskin Monk]
3901333,[Godskin Monk]
3901450,[Godskin Monk]
3901451,[Godskin Monk]
3901460,[Godskin Monk]
3901461,[Godskin Monk]
3910101,[Fire Prelate]
3910110,[Fire Prelate]
3910111,[Fire Prelate]
3910112,[Fire Prelate]
3910113,[Fire Prelate]
3910114,[Fire Prelate]
3910115,[Fire Prelate]
3910116,[Fire Prelate]
3910120,[Fire Prelate]
3910171,[Fire Prelate]
3910182,[Fire Prelate]
3910183,[Fire Prelate]
3910184,[Fire Prelate]
3910221,[Fire Prelate]
3910230,[Fire Prelate]
3910231,[Fire Prelate]
3910250,[Fire Prelate]
3910251,[Fire Prelate]
3910260,[Fire Prelate]
3910261,[Fire Prelate]
3910348,[Fire Prelate]
3910349,[Fire Prelate]
3910390,[Fire Prelate]
3910391,[Fire Prelate]
3950171,[Man-Serpent]
3950172,[Man-Serpent]
3950173,[Man-Serpent]
3950174,[Man-Serpent]
3950175,[Man-Serpent]
3950176,[Man-Serpent]
3950180,[Man-Serpent]
3950241,[Man-Serpent]
3950243,[Man-Serpent]
3950245,[Man-Serpent]
3950500,[Man-Serpent]
3950520,[Man-Serpent]
3950600,[Man-Serpent]
3950610,[Man-Serpent]
3950700,[Man-Serpent]
3950750,[Man-Serpent]
3950751,[Man-Serpent]
3970300,[Azula Beastman]
3970301,[Azula Beastman]
3970302,[Azula Beastman]
3970303,[Azula Beastman]
3970310,[Azula Beastman]
3970311,[Azula Beastman]
3970312,[Azula Beastman]
3970313,[Azula Beastman]
3970400,[Azula Beastman]
3970401,[Azula Beastman]
3970402,[Azula Beastman]
3970403,[Azula Beastman]
3970410,[Azula Beastman]
3970411,[Azula Beastman]
3970412,[Azula Beastman]
3970413,[Azula Beastman]
3970700,[Azula Beastman]
3970701,[Azula Beastman]
3970702,[Azula Beastman]
3970703,[Azula Beastman]
3970710,[Azula Beastman]
3970711,[Azula Beastman]
3970800,[Azula Beastman]
3970801,[Azula Beastman]
3970802,[Azula Beastman]
3970803,[Azula Beastman]
3970804,[Azula Beastman]
3970805,[Azula Beastman]
4000320,[Royal Rider]
4000600,[Royal Rider]
4000760,[Royal Rider]
4000860,[Royal Rider]
4020140,[Royal Revenant]
4020141,[Royal Revenant]
4020142,[Royal Revenant]
4020230,[Royal Revenant]
4020231,[Royal Revenant]
4020232,[Royal Revenant]
4040100,[Slug]
4040101,[Slug]
4040150,[Slug]
4040151,[Slug]
4040160,[Slug]
4040170,[Slug]
4070090,[Wolf]
4070700,[Wolf]
4070710,[Wolf]
4070720,[Wolf]
4070730,[Wolf]
4070800,[Wolf]
4100230,[Demi-Human]
4100231,[Demi-Human]
4100235,[Demi-Human]
4100236,[Demi-Human]
4100410,[Demi-Human]
4100411,[Demi-Human]
4100415,[Demi-Human]
4100416,[Demi-Human]
4100900,[Demi-Human]
4101900,[Demi-Human - Large]
4110900,[Demi-Human Shaman]
4120900,[Demi-Human Beastman]
4130102,[Demi-Human Queen]
4130136,[Demi-Human Queen]
4130140,[Demi-Human Queen]
4130151,[Demi-Human Queen]
4130182,[Demi-Human Queen]
4130183,[Demi-Human Queen]
4130300,[Demi-Human Queen]
4130301,[Demi-Human Queen]
4130302,[Demi-Human Queen]
4130303,[Demi-Human Queen]
4130304,[Demi-Human Queen]
4130910,[Demi-Human Queen]
4140140,[Snail]
4140141,[Snail]
4140150,[Snail]
4140151,[Snail]
4140160,[Snail]
4140161,[Snail]
4140220,[Snail]
4140300,[Snail]
4140301,[Snail]
4140510,[Snail]
4140800,[Snail]
4140801,[Snail]
4140802,[Snail]
4140810,[Snail]
4140811,[Snail]
4140812,[Snail]
4140813,[Snail]
4140820,[Snail]
4140821,[Snail]
4140822,[Snail]
4140823,[Snail]
4140824,[Snail]
4140830,[Snail]
4140831,[Snail]
4140832,[Snail]
4140833,[Snail]
4140834,[Snail]
4140835,[Snail]
4140840,[Snail]
4140841,[Snail]
4140842,[Snail]
4140843,[Snail]
4140844,[Snail]
4140845,[Snail]
4140846,[Snail]
4140850,[Snail]
4140851,[Snail]
4140852,[Snail]
4140853,[Snail]
4140854,[Snail]
4140855,[Snail]
4140856,[Snail]
4140857,[Snail]
4140860,[Snail]
4140861,[Snail]
4140862,[Snail]
4140863,[Snail]
4140864,[Snail]
4140865,[Snail]
4140866,[Snail]
4140867,[Snail]
4140868,[Snail]
4140890,[Snail]
4140891,[Snail]
4140892,[Snail]
4140893,[Snail]
4140894,[Snail]
4140895,[Snail]
4140896,[Snail]
4140900,[Snail]
4140901,[Snail]
4150100,[Basilisk]
4150101,[Basilisk]
4150102,[Basilisk]
4150110,[Basilisk]
4150111,[Basilisk]
4170121,
4180050,[Jellyfish]
4180051,[Jellyfish]
4180100,[Jellyfish]
4190110,[Scarab 1]
4190200,[Scarab 1]
4190300,[Scarab 1]
4190400,[Scarab 1]
4190401,[Scarab 1]
4190410,[Scarab 1]
4190411,[Scarab 1]
4190420,[Scarab 1]
4190421,[Scarab 1]
4191200,[Scarab 2]
4191300,[Scarab 2]
4191400,[Scarab 2]
4191401,[Scarab 2]
4191410,[Scarab 2]
4191411,[Scarab 2]
4191420,[Scarab 2]
4191421,[Scarab 2]
4192110,[Scarab 3]
4192200,[Scarab 3]
4192300,[Scarab 3]
4192400,[Scarab 3]
4192401,[Scarab 3]
4192410,[Scarab 3]
4192411,[Scarab 3]
4192420,[Scarab 3]
4192421,[Scarab 3]
4200260,[Giant Bat]
4200320,[Giant Bat]
4201111,[Bat Harpy]
4201130,[Bat Harpy]
4201131,[Bat Harpy]
4201132,[Bat Harpy]
4201133,[Bat Harpy]
4201140,[Bat Harpy]
4201141,[Bat Harpy]
4201142,[Bat Harpy]
4201143,[Bat Harpy]
4201144,[Bat Harpy]
4201145,[Bat Harpy]
4201146,[Bat Harpy]
4201200,[Bat Harpy]
4201201,[Bat Harpy]
4201202,[Bat Harpy]
4201203,[Bat Harpy]
4201210,[Bat Harpy]
4201211,[Bat Harpy]
4201212,[Bat Harpy]
4201213,[Bat Harpy]
4201214,[Bat Harpy]
4201215,[Bat Harpy]
4201216,[Bat Harpy]
4201231,[Bat Harpy]
4201280,[Bat Harpy]
4201281,[Bat Harpy]
4201282,[Bat Harpy]
4201283,[Bat Harpy]
4201284,[Bat Harpy]
4201285,[Bat Harpy]
4201286,[Bat Harpy]
4201287,[Bat Harpy]
4201288,[Bat Harpy]
4201990,[Bat Harpy]
4210200,[Warhawk]
4210201,[Warhawk]
4210220,[Warhawk]
4210221,[Warhawk]
4210225,
4210550,[Warhawk]
4210860,[Warhawk]
4220220,[Land Octopus - Large]
4220221,[Land Octopus - Large]
4240400,[Enchanted Hand - Large 1]
4240401,[Enchanted Hand - Large 1]
4240402,[Enchanted Hand - Large 1]
4241400,[Enchanted Hand - Large 2]
4241401,[Enchanted Hand - Large 2]
4241402,[Enchanted Hand - Large 2]
4260240,[Burial Watchdog]
4260241,[Burial Watchdog]
4260242,[Burial Watchdog]
4260243,[Burial Watchdog]
4260310,[Burial Watchdog]
4260330,[Burial Watchdog]
4260331,[Burial Watchdog]
4260340,[Burial Watchdog]
4260341,[Burial Watchdog]
4260345,[Burial Watchdog]
4260346,[Burial Watchdog]
4260350,[Burial Watchdog]
4260351,[Burial Watchdog]
4260352,[Burial Watchdog]
4260353,[Burial Watchdog]
4260354,[Burial Watchdog]
4260355,[Burial Watchdog]
4260356,[Burial Watchdog]
4260360,[Burial Watchdog]
4260370,[Burial Watchdog]
4260371,[Burial Watchdog]
4260375,[Burial Watchdog]
4260376,[Burial Watchdog]
4260400,[Burial Watchdog]
4260410,[Burial Watchdog]
4270180,[Lion Guardian]
4270240,[Lion Guardian]
4270350,[Lion Guardian]
4270355,[Lion Guardian]
4270356,[Lion Guardian]
4280140,[Giant Ant]
4280141,[Giant Ant]
4280142,[Giant Ant]
4280143,[Giant Ant]
4280300,[Giant Ant]
4280310,[Giant Ant]
4280320,[Giant Ant]
4280321,[Giant Ant]
4280510,[Giant Ant]
4280520,[Giant Ant]
4300300,[Wandering Noble]
4300320,[Wandering Noble]
4300330,[Wandering Noble]
4300410,[Wandering Noble]
4300411,[Wandering Noble]
4300412,[Wandering Noble]
4300413,[Wandering Noble]
4300414,[Wandering Noble]
4300415,[Wandering Noble]
4300416,[Wandering Noble]
4300417,[Wandering Noble]
4300418,[Wandering Noble]
4300419,[Wandering Noble]
4300600,[Wandering Noble]
4300700,Explosion   
4310160,[Castle Soldier]
4310161,[Castle Soldier]
4310162,[Castle Soldier]
4310163,[Castle Soldier]
4310164,[Castle Soldier]
4310170,[Castle Soldier]
4310171,[Castle Soldier]
4310300,[Castle Soldier]
4310310,[Castle Soldier]
4310320,[Castle Soldier]
4310400,[Castle Soldier]
4310410,[Castle Soldier]
4310420,[Castle Soldier]
4310510,[Castle Soldier]
4310650,[Castle Soldier]
4310651,[Castle Soldier]
4310652,[Castle Soldier]
4310900,[Castle Soldier]
4310901,[Castle Soldier]
4310902,[Castle Soldier]
4310903,[Castle Soldier]
4310904,[Castle Soldier]
4310910,[Castle Soldier]
4310911,[Castle Soldier]
4310920,[Castle Soldier]
4310930,[Castle Soldier]
4310940,[Castle Soldier]
4310941,[Castle Soldier]
4310942,[Castle Soldier]
4310943,[Castle Soldier]
4310950,[Castle Soldier]
4310951,[Castle Soldier]
4310960,[Castle Soldier]
4321700,[Vulgar Militia]
4321701,[Vulgar Militia]
4321710,[Vulgar Militia]
4321711,[Vulgar Militia]
4321720,[Vulgar Militia]
4321730,[Vulgar Militia]
4321750,[Vulgar Militia]
4321751,[Vulgar Militia]
4321752,[Vulgar Militia]
4321753,[Vulgar Militia]
4321754,[Vulgar Militia]
4321755,[Vulgar Militia]
4321756,[Vulgar Militia]
4321850,[Vulgar Militia]
4321851,[Vulgar Militia]
4321852,[Vulgar Militia]
4321853,[Vulgar Militia]
4321854,[Vulgar Militia]
4321855,[Vulgar Militia]
4321856,[Vulgar Militia]
4321900,[Vulgar Militia]
4321901,[Vulgar Militia]
4340180,[Mad Pumpkin Head]
4340190,[Mad Pumpkin Head]
4340191,[Mad Pumpkin Head]
4340192,[Mad Pumpkin Head]
4340200,[Mad Pumpkin Head]
4340210,[Mad Pumpkin Head]
4340370,[Mad Pumpkin Head]
4340510,[Mad Pumpkin Head]
4340520,[Mad Pumpkin Head]
4340600,[Mad Pumpkin Head]
4340601,[Mad Pumpkin Head]
4340602,[Mad Pumpkin Head]
4340610,[Mad Pumpkin Head]
4340611,[Mad Pumpkin Head]
4340612,[Mad Pumpkin Head]
4340620,[Mad Pumpkin Head]
4340621,[Mad Pumpkin Head]
4340622,[Mad Pumpkin Head]
4340630,[Mad Pumpkin Head]
4340631,[Mad Pumpkin Head]
4340632,[Mad Pumpkin Head]
4341180,[Grinning Torturer]
4341190,[Grinning Torturer]
4341191,[Grinning Torturer]
4341192,[Grinning Torturer]
4341200,[Grinning Torturer]
4341210,[Grinning Torturer]
4341370,[Grinning Torturer]
4341510,[Grinning Torturer]
4341520,[Grinning Torturer]
4350220,[Castle Knight]
4350280,[Castle Knight]
4350281,[Castle Knight]
4350282,[Castle Knight]
4350283,[Castle Knight]
4350284,[Castle Knight]
4350301,[Castle Knight]
4350302,[Castle Knight]
4350315,[Castle Knight]
4350316,[Castle Knight]
4350317,[Castle Knight]
4350318,[Castle Knight]
4350330,[Castle Knight]
4350360,[Castle Knight]
4350550,[Castle Knight]
4350560,Wrath   
4350570,[Castle Knight]
4350571,[Castle Knight]
4350572,[Castle Knight]
4350573,[Castle Knight]
4350590,Warcry   
4350610,Spear Toss   
4350650,[Castle Knight]
4350655,[Castle Knight]
4350660,[Castle Knight]
4350670,Radahns Spear   
4350671,Radahns Spear Crit   
4350680,Rain Of Arrows   
4350681,Rain Of Arrows   
4350682,Rain Of Arrows   
4350683,Rain Of Arrows   
4350684,Rain Of Arrows   
4350685,Rain Of Arrows   
4350780,[Castle Knight]
4350790,[Castle Knight]
4350791,[Castle Knight]
4350810,[Castle Knight]
4350811,[Castle Knight]
4350820,[Castle Knight]
4350821,[Castle Knight]
4350822,[Castle Knight]
4350823,[Castle Knight]
4350824,[Castle Knight]
4370110,[Castle Foot Soldier]
4370111,[Castle Foot Soldier]
4370120,[Castle Foot Soldier]
4370121,[Castle Foot Soldier]
4370130,[Castle Foot Soldier]
4370131,[Castle Foot Soldier]
4370132,[Castle Foot Soldier]
4370133,[Castle Foot Soldier]
4370134,[Castle Foot Soldier]
4370135,[Castle Foot Soldier]
4370136,[Castle Foot Soldier]
4370137,[Castle Foot Soldier]
4370140,[Castle Foot Soldier]
4370141,[Castle Foot Soldier]
4370150,[Castle Foot Soldier]
4370260,[Castle Foot Soldier]
4370270,[Castle Foot Soldier]
4370271,[Castle Foot Soldier]
4370280,[Castle Foot Soldier]
4370281,[Castle Foot Soldier]
4370290,[Castle Foot Soldier]
4370291,[Castle Foot Soldier]
4370292,[Castle Foot Soldier]
4370370,[Castle Foot Soldier]
4370371,[Castle Foot Soldier]
4370372,[Castle Foot Soldier]
4370373,[Castle Foot Soldier]
4370704,[Castle Foot Soldier]
4370705,[Castle Foot Soldier]
4370900,[Castle Foot Soldier]
4380160,[Starcaller]
4380161,[Starcaller]
4380162,[Starcaller]
4380170,[Starcaller]
4380171,[Starcaller]
4380172,[Starcaller]
4380180,[Starcaller]
4380181,[Starcaller]
4380182,[Starcaller]
4380190,[Starcaller]
4380191,[Starcaller]
4380192,[Starcaller]
4380252,[Starcaller]
4380253,[Starcaller]
4380261,[Starcaller]
4380271,[Starcaller]
4380281,[Starcaller]
4381180,[Bloodthorn Exile]
4381181,[Bloodthorn Exile]
4381182,[Bloodthorn Exile]
4381190,[Bloodthorn Exile]
4381191,[Bloodthorn Exile]
4381192,[Bloodthorn Exile]
4381193,[Bloodthorn Exile]
4381194,[Bloodthorn Exile]
4381195,[Bloodthorn Exile]
4382140,[Bloodthorn Exile]
4382150,[Bloodthorn Exile]
4382240,[Tunnel Miner]
4382250,[Tunnel Miner]
4382251,[Tunnel Miner]
4382260,[Tunnel Miner]
4382261,[Tunnel Miner]
4382270,[Tunnel Miner]
4382271,[Tunnel Miner]
4382280,[Tunnel Miner]
4382290,[Tunnel Miner]
4382291,[Tunnel Miner]
4382300,[Tunnel Miner]
4383141,[Glintstone Miner 1]
4383151,[Glintstone Miner 1]
4383160,[Glintstone Miner 1]
4383170,[Glintstone Miner 1]
4383171,[Glintstone Miner 1]
4383172,[Glintstone Miner 1]
4383173,[Glintstone Miner 1]
4383180,[Glintstone Miner 1]
4383181,[Glintstone Miner 1]
4383182,[Glintstone Miner 1]
4383183,[Glintstone Miner 1]
4383184,[Glintstone Miner 1]
4383185,[Glintstone Miner 1]
4383186,[Glintstone Miner 1]
4384141,[Glintstone Miner 2]
4384151,[Glintstone Miner 2]
4384162,[Glintstone Miner 2]
4385330,[Fungal Sorcerer]
4385331,[Fungal Sorcerer]
4385332,[Fungal Sorcerer]
4385333,[Fungal Sorcerer]
4385334,[Fungal Sorcerer]
4385340,[Fungal Sorcerer]
4385341,[Fungal Sorcerer]
4385342,[Fungal Sorcerer]
4385343,[Fungal Sorcerer]
4385350,[Fungal Sorcerer]
4385351,[Fungal Sorcerer]
4385352,[Fungal Sorcerer]
4385353,[Fungal Sorcerer]
4385360,[Fungal Sorcerer]
4385361,[Fungal Sorcerer]
4385362,[Fungal Sorcerer]
4385363,[Fungal Sorcerer]
4385370,[Fungal Sorcerer]
4385371,[Fungal Sorcerer]
4385372,[Fungal Sorcerer]
4385373,[Fungal Sorcerer]
4410400,
4410401,
4410402,
4420200,[Giant Lobster]
4420210,[Giant Lobster]
4420220,[Giant Lobster]
4420230,[Giant Lobster]
4420240,[Giant Lobster]
4430200,[Abnormal Stone Cluster]
4430300,[Abnormal Stone Cluster]
4440100,[Fungal Pod]
4440110,[Fungal Pod]
4440130,[Fungal Pod]
4440131,[Fungal Pod]
4440132,[Fungal Pod]
4441200,[Giant Fungal Pod 1]
4441201,[Giant Fungal Pod 1]
4441210,[Giant Fungal Pod 1]
4441230,[Giant Fungal Pod 1]
4441231,[Giant Fungal Pod 1]
4441232,[Giant Fungal Pod 1]
4442300,[Giant Fungal Pod 2]
4442301,[Giant Fungal Pod 2]
4442310,[Giant Fungal Pod 2]
4442330,[Giant Fungal Pod 2]
4442331,[Giant Fungal Pod 2]
4442332,[Giant Fungal Pod 2]
4450050,[Walking Mausoleum]
4450200,[Walking Mausoleum]
4450210,[Walking Mausoleum]
4450211,[Walking Mausoleum]
4450212,[Walking Mausoleum]
4450220,[Walking Mausoleum]
4450221,[Walking Mausoleum]
4450222,[Walking Mausoleum]
4450230,[Walking Mausoleum]
4450240,[Walking Mausoleum]
4450241,[Walking Mausoleum]
4450242,[Walking Mausoleum]
4450243,[Walking Mausoleum]
4450244,[Walking Mausoleum]
4450250,[Walking Mausoleum]
4450410,[Walking Mausoleum]
4450411,[Walking Mausoleum]
4450412,[Walking Mausoleum]
4450413,[Walking Mausoleum]
4450414,[Walking Mausoleum]
4450415,[Walking Mausoleum]
4450416,[Walking Mausoleum]
4450417,[Walking Mausoleum]
4450419,[Walking Mausoleum]
4460000,Fire Spit   
4460010,Fire Ball   
4460011,Fire Ball   
4460020,Fire Spit   
4460980,[Flamethrower Tank]
4460981,[Flamethrower Tank]
4460982,[Flamethrower Tank]
4460983,[Flamethrower Tank]
4460984,[Flamethrower Tank]
4480130,[Giant Miranda Sprout]
4480131,[Giant Miranda Sprout]
4480132,[Giant Miranda Sprout]
4480133,[Giant Miranda Sprout]
4480134,[Giant Miranda Sprout]
4480135,[Giant Miranda Sprout]
4480190,[Giant Miranda Sprout]
4480191,[Giant Miranda Sprout]
4480400,[Giant Miranda Sprout]
4480401,[Giant Miranda Sprout]
4480410,[Giant Miranda Sprout]
4480411,[Giant Miranda Sprout]
4480420,[Giant Miranda Sprout]
4480421,[Giant Miranda Sprout]
4480430,[Giant Miranda Sprout]
4480431,[Giant Miranda Sprout]
4480500,[Giant Miranda Sprout]
4480501,[Giant Miranda Sprout]
4480510,[Giant Miranda Sprout]
4480511,[Giant Miranda Sprout]
4480520,[Giant Miranda Sprout]
4480521,[Giant Miranda Sprout]
4480530,[Giant Miranda Sprout]
4480531,[Giant Miranda Sprout]
4481400,[Miranda Sprout]
4481401,[Miranda Sprout]
4481410,[Miranda Sprout]
4481411,[Miranda Sprout]
4481420,[Miranda Sprout]
4481421,[Miranda Sprout]
4481430,[Miranda Sprout]
4481431,[Miranda Sprout]
4481500,[Miranda Sprout]
4481501,[Miranda Sprout]
4481510,[Miranda Sprout]
4481511,[Miranda Sprout]
4481520,[Miranda Sprout]
4481521,[Miranda Sprout]
4481530,[Miranda Sprout]
4481531,[Miranda Sprout]
4481600,[Miranda Sprout]
4481610,[Miranda Sprout]
4481620,[Miranda Sprout]
4481630,[Miranda Sprout]
4481700,[Miranda Sprout]
4481705,[Miranda Sprout]
4481900,[Miranda Sprout]
4481901,[Miranda Sprout]
4481910,[Miranda Sprout]
4481911,[Miranda Sprout]
4481920,[Miranda Sprout]
4481921,[Miranda Sprout]
4481930,[Miranda Sprout]
4481931,[Miranda Sprout]
4490171,[Living Pot - Large]
4490181,[Living Pot - Large]
4490182,[Living Pot - Large]
4490183,[Living Pot - Large]
4491300,[Living Pot - Small]
4500100,Fire Sideways   
4500101,Fire Sideways   
4500110,Fire Forwards   
4500151,[Dragon]
4500161,[Dragon]
4500201,[Dragon]
4500211,[Dragon]
4500223,[Dragon]
4500224,[Dragon]
4500230,Fire Flying   
4500231,[Dragon]
4500232,[Dragon]
4500240,Fire Flying   
4500241,[Dragon]
4500242,[Dragon]
4500271,[Dragon]
4500281,[Dragon]
4500290,Fire Flying Forward   
4500291,[Dragon]
4500292,[Dragon]
4500300,Fire Flying Forward   
4500301,[Dragon]
4500302,[Dragon]
4500311,[Dragon]
4500320,[Dragon]
4500321,[Dragon]
4500330,Fire Flying Down   
4500331,[Dragon]
4500332,[Dragon]
4500340,Fire Flying Down   
4500341,[Dragon]
4500342,[Dragon]
4500911,[Dragon]
4501100,Fire Sideways   
4501101,Fire Sideways   
4501110,Fire Forwards   
4501151,[Dragon 2]
4501161,[Dragon 2]
4501201,[Dragon 2]
4501202,[Dragon 2]
4501211,[Dragon 2]
4501212,[Dragon 2]
4501223,[Dragon 2]
4501224,[Dragon 2]
4501230,[Dragon 2]
4501231,[Dragon 2]
4501232,[Dragon 2]
4501240,[Dragon 2]
4501241,[Dragon 2]
4501242,[Dragon 2]
4501271,[Dragon 2]
4501272,[Dragon 2]
4501281,[Dragon 2]
4501282,[Dragon 2]
4501290,[Dragon 2]
4501291,[Dragon 2]
4501292,[Dragon 2]
4501300,[Dragon 2]
4501301,[Dragon 2]
4501302,[Dragon 2]
4501311,[Dragon 2]
4501312,[Dragon 2]
4501320,[Dragon 2]
4501321,[Dragon 2]
4501330,[Dragon 2]
4501331,[Dragon 2]
4501332,[Dragon 2]
4501340,[Dragon 2]
4501341,[Dragon 2]
4501342,[Dragon 2]
4501400,[Dragon 2]
4501401,[Dragon 2]
4501410,[Dragon 2]
4501411,[Dragon 2]
4502100,Fire Sideways   
4502101,Fire Sideways   
4502110,Fire Forwards   
4502151,[Dragon 3]
4502161,[Dragon 3]
4502201,[Dragon 3]
4502211,[Dragon 3]
4502223,[Dragon 3]
4502224,[Dragon 3]
4502230,[Dragon 3]
4502231,[Dragon 3]
4502232,[Dragon 3]
4502240,[Dragon 3]
4502241,[Dragon 3]
4502242,[Dragon 3]
4502271,[Dragon 3]
4502281,[Dragon 3]
4502290,[Dragon 3]
4502291,[Dragon 3]
4502292,[Dragon 3]
4502300,[Dragon 3]
4502301,[Dragon 3]
4502302,[Dragon 3]
4502311,[Dragon 3]
4502320,[Dragon 3]
4502321,[Dragon 3]
4502330,[Dragon 3]
4502331,[Dragon 3]
4502332,[Dragon 3]
4502340,[Dragon 3]
4502341,[Dragon 3]
4502342,[Dragon 3]
4502420,[Dragon 3]
4502421,[Dragon 3]
4502422,[Dragon 3]
4502423,[Dragon 3]
4502430,[Dragon 3]
4502431,[Dragon 3]
4502432,[Dragon 3]
4502433,[Dragon 3]
4502440,[Dragon 3]
4502441,[Dragon 3]
4502442,[Dragon 3]
4502443,[Dragon 3]
4502451,[Dragon 3]
4502460,[Dragon 3]
4502461,[Dragon 3]
4503100,Fire Sideways   
4503101,Fire Sideways   
4503110,Fire Forwards   
4503151,[Dragon 4]
4503161,[Dragon 4]
4503201,[Dragon 4]
4503202,[Dragon 4]
4503211,[Dragon 4]
4503212,[Dragon 4]
4503223,[Dragon 4]
4503224,[Dragon 4]
4503230,[Dragon 4]
4503231,[Dragon 4]
4503232,[Dragon 4]
4503240,[Dragon 4]
4503241,[Dragon 4]
4503242,[Dragon 4]
4503271,[Dragon 4]
4503272,[Dragon 4]
4503281,[Dragon 4]
4503282,[Dragon 4]
4503290,[Dragon 4]
4503291,[Dragon 4]
4503292,[Dragon 4]
4503300,[Dragon 4]
4503301,[Dragon 4]
4503302,[Dragon 4]
4503311,[Dragon 4]
4503312,[Dragon 4]
4503320,[Dragon 4]
4503321,[Dragon 4]
4503330,[Dragon 4]
4503331,[Dragon 4]
4503332,[Dragon 4]
4503340,[Dragon 4]
4503341,[Dragon 4]
4503342,[Dragon 4]
4503470,[Dragon 4]
4503471,[Dragon 4]
4503472,[Dragon 4]
4503480,[Dragon 4]
4510171,[Ancient Dragon]
4510181,[Ancient Dragon]
4510191,[Ancient Dragon]
4510192,[Ancient Dragon]
4510200,[Ancient Dragon]
4510201,[Ancient Dragon]
4510205,[Ancient Dragon]
4510241,[Ancient Dragon]
4510252,[Ancient Dragon]
4510253,[Ancient Dragon]
4510290,Fire Forward   
4510330,Fire Breath Down   
4510340,Fire Breath Down   
4510341,Fire Breath Down Aoe   
4510390,Death Lightning Spread   
4510391,Death Lightning Alert   
4510392,Death Lightning Strike   
4510393,Death Lightning Cloud   
4510399,[Ancient Dragon]
4510500,Stake Slam Wave   
4510501,Stake Slam Wave   
4510502,Stake Slam Wave   
4510503,Stake Slam Wave   
4510504,Stake Slam Wave   
4510505,Stake Slam Wave   
4510506,Stake Slam Wave   
4510507,Stake Slam Wave   
4510508,Stake Slam Wave   
4510509,Stake Slam Wave   
4510510,Stake Slam Wave   
4510511,Stake Slam Wave   
4510512,Stake Slam Wave   
4510513,Stake Slam Wave   
4510514,Stake Slam Wave   
4510515,Stake Slam Wave   
4510516,Stake Slam Wave   
4510517,Stake Slam Wave   
4510518,Stake Slam Wave   
4510519,Stake Slam Wave   
4510520,Stake Slam Wave   
4510521,Stake Slam Wave   
4510522,Stake Slam Wave   
4510523,Stake Slam Wave   
4510524,Stake Slam Wave   
4510525,Stake Slam Wave   
4510526,Stake Slam Wave   
4510527,Stake Slam Wave   
4510528,Stake Slam Wave   
4510529,Stake Slam Wave   
4510800,Stake Slame Aoe   
4510801,Stake Slam Wave Direction 1   
4510802,Stake Slam Wave Direction 2   
4510803,Stake Slam Wave Direction 3   
4510804,Stake Slam Wave Direction 4   
4510810,[Ancient Dragon]
4510811,[Ancient Dragon]
4510820,[Ancient Dragon]
4510821,[Ancient Dragon]
4510822,[Ancient Dragon]
4510830,[Ancient Dragon]
4510831,[Ancient Dragon]
4510832,[Ancient Dragon]
4510840,[Ancient Dragon]
4510841,[Ancient Dragon]
4510842,[Ancient Dragon]
4510843,[Ancient Dragon]
4510844,[Ancient Dragon]
4510845,[Ancient Dragon]
4510846,[Ancient Dragon]
4510847,[Ancient Dragon]
4510848,[Ancient Dragon]
4510849,[Ancient Dragon]
4510850,[Ancient Dragon]
4510851,[Ancient Dragon]
4510852,[Ancient Dragon]
4510853,[Ancient Dragon]
4510854,[Ancient Dragon]
4510855,[Ancient Dragon]
4510856,[Ancient Dragon]
4510857,[Ancient Dragon]
4510858,[Ancient Dragon]
4510859,[Ancient Dragon]
4510860,[Ancient Dragon]
4510861,[Ancient Dragon]
4510862,[Ancient Dragon]
4510863,[Ancient Dragon]
4510864,[Ancient Dragon]
4510865,[Ancient Dragon]
4510866,[Ancient Dragon]
4510867,[Ancient Dragon]
4510868,[Ancient Dragon]
4510869,[Ancient Dragon]
4510870,[Ancient Dragon]
4510900,[Ancient Dragon]
4510910,[Ancient Dragon]
4510911,[Ancient Dragon]
4510912,[Ancient Dragon]
4510920,[Ancient Dragon]
4510921,[Ancient Dragon]
4510922,[Ancient Dragon]
4510923,[Ancient Dragon]
4510930,[Ancient Dragon]
4510931,[Ancient Dragon]
4510932,[Ancient Dragon]
4510935,[Ancient Dragon]
4510940,[Ancient Dragon]
4510941,Hand Slam Aoe   
4510950,[Ancient Dragon]
4510951,Hand Slam Moving Shockwave   
4510960,Close Shock Wait   
4510961,Close Shock Wait   
4510962,Close Shock Warn   
4510963,Close Shock Explode   
4510970,[Ancient Dragon]
4510971,[Ancient Dragon]
4510972,[Ancient Dragon]
4510980,Close Trigger Shock   
4520105,[Dragonlord Placidusax]
4520115,[Dragonlord Placidusax]
4520215,[Dragonlord Placidusax]
4520225,[Dragonlord Placidusax]
4520265,[Dragonlord Placidusax]
4520275,[Dragonlord Placidusax]
4520320,[Dragonlord Placidusax]
4520321,[Dragonlord Placidusax]
4520325,Giant Explosion   
4520330,[Dragonlord Placidusax]
4520331,[Dragonlord Placidusax]
4520340,Lightning On Target   
4520341,Lightning Tell   
4520342,[Dragonlord Placidusax] Lightning Stake
4520343,[Dragonlord Placidusax] Lightning Stake
4520345,[Dragonlord Placidusax]
4520346,Lightning 6 Spread   
4520347,Lightning Tell S   
4520348,[Dragonlord Placidusax]
4520349,[Dragonlord Placidusax]
4520460,[Dragonlord Placidusax]
4520461,[Dragonlord Placidusax]
4520462,[Dragonlord Placidusax]
4520465,[Dragonlord Placidusax]
4520466,[Dragonlord Placidusax]
4520467,[Dragonlord Placidusax]
4520500,Fire   
4520501,Fire   
4520505,[Dragonlord Placidusax]
4520506,Fire   
4520510,Fire   
4520511,Fire   
4520515,[Dragonlord Placidusax]
4520516,Fire   
4520800,[Dragonlord Placidusax]
4520801,[Dragonlord Placidusax]
4520802,[Dragonlord Placidusax]
4520803,[Dragonlord Placidusax]
4520810,[Dragonlord Placidusax]
4520811,[Dragonlord Placidusax]
4520812,[Dragonlord Placidusax]
4520813,[Dragonlord Placidusax]
4520900,[Dragonlord Placidusax]
4520901,[Dragonlord Placidusax]
4520902,[Dragonlord Placidusax]
4520903,[Dragonlord Placidusax]
4520920,Lightning Rand Far   
4520921,[Dragonlord Placidusax]
4520922,Lightning Tell R   
4520923,[Dragonlord Placidusax]
4520930,[Dragonlord Placidusax]
4520931,[Dragonlord Placidusax]
4520932,[Dragonlord Placidusax]
4520933,[Dragonlord Placidusax]
4520935,[Dragonlord Placidusax]
4520936,[Dragonlord Placidusax]
4520937,[Dragonlord Placidusax]
4520938,[Dragonlord Placidusax]
4520939,[Dragonlord Placidusax]
4520940,[Dragonlord Placidusax]
4520941,[Dragonlord Placidusax]
4520942,[Dragonlord Placidusax]
4520943,[Dragonlord Placidusax]
4520950,[Dragonlord Placidusax]
4520951,[Dragonlord Placidusax]
4520952,[Dragonlord Placidusax]
4520955,[Dragonlord Placidusax]
4520956,[Dragonlord Placidusax]
4520957,[Dragonlord Placidusax]
4550221,[Monstrous Dog]
4550230,[Monstrous Dog]
4550231,[Monstrous Dog]
4550370,[Monstrous Dog]
4550371,[Monstrous Dog]
4550372,[Monstrous Dog]
4550373,[Monstrous Dog]
4550375,[Monstrous Dog]
4550950,[Monstrous Dog]
4550951,[Monstrous Dog]
4560500,[Monstrous Crow]
4560501,[Monstrous Crow]
4560520,[Monstrous Crow]
4570170,[Wormface]
4570171,[Wormface]
4570172,[Wormface]
4570180,[Wormface]
4570181,[Wormface]
4570190,[Wormface]
4570191,[Wormface]
4570192,[Wormface]
4570193,[Wormface]
4570194,[Wormface]
4570200,[Wormface]
4570210,[Wormface]
4570211,[Wormface]
4570220,[Wormface]
4570221,[Wormface]
4570230,[Wormface]
4570240,[Wormface]
4570250,[Wormface]
4570251,[Wormface]
4570260,[Wormface]
4570261,[Wormface]
4580120,[Wormface 2]
4580121,[Wormface 2]
4580122,Curse Cloud End   
4580130,[Wormface 2]
4580131,[Wormface 2]
4580132,[Wormface 2]
4580133,[Wormface 2]
4580140,Giant Falling Cloud   
4580152,[Wormface 2]
4580166,[Wormface 2]
4580173,[Wormface 2]
4580183,[Wormface 2]
4580190,[Wormface 2]
4580191,[Wormface 2]
4580200,[Wormface 2]
4580201,[Wormface 2]
4580211,[Wormface 2]
4580231,[Wormface 2]
4580241,[Wormface 2]
4580270,[Wormface 2]
4580271,[Wormface 2]
4600101,[Troll Knight]
4600103,[Troll Knight]
4600121,[Troll Knight]
4600131,[Troll Knight]
4600141,[Troll Knight]
4600171,[Troll Knight]
4600181,[Troll Knight]
4600202,[Troll Knight]
4600211,[Troll Knight]
4600222,[Troll Knight]
4600251,[Troll Knight]
4600261,[Troll Knight]
4600272,[Troll Knight]
4600311,[Troll Knight]
4600321,[Troll Knight]
4600331,[Troll Knight]
4600342,[Troll Knight]
4600344,[Troll Knight]
4600347,[Troll Knight]
4600351,[Troll Knight]
4600362,[Troll Knight]
4600371,[Troll Knight]
4600381,[Troll Knight]
4600402,[Troll Knight]
4600411,[Troll Knight]
4600422,[Troll Knight]
4600432,[Troll Knight]
4600448,[Troll Knight]
4600449,[Troll Knight]
4600450,[Troll Knight]
4600451,[Troll Knight]
4600452,[Troll Knight]
4600453,[Troll Knight]
4600463,[Troll Knight]
4600464,[Troll Knight]
4600465,[Troll Knight]
4600466,[Troll Knight]
4600471,[Troll Knight]
4600511,[Troll Knight]
4600531,[Troll Knight]
4600533,[Troll Knight]
4600551,[Troll Knight]
4600561,[Troll Knight]
4600571,[Troll Knight]
4600591,[Troll Knight]
4600601,[Troll Knight]
4600611,[Troll Knight]
4600621,[Troll Knight]
4600700,[Troll Knight]
4600701,[Troll Knight]
4600702,[Troll Knight]
4600703,[Troll Knight]
4600704,[Troll Knight]
4600710,[Troll Knight]
4600711,[Troll Knight]
4600712,[Troll Knight]
4600720,[Troll Knight]
4600721,[Troll Knight]
4600722,[Troll Knight]
4600730,[Troll Knight]
4600731,[Troll Knight]
4600732,[Troll Knight]
4600740,[Troll Knight]
4600750,[Troll Knight]
4600760,[Troll Knight]
4600761,[Troll Knight]
4600770,[Troll Knight]
4600771,[Troll Knight]
4600930,[Troll Knight]
4600940,[Troll Knight]
4600950,[Troll Knight]
4600951,[Troll Knight]
4600952,[Troll Knight]
4600960,[Troll Knight]
4600961,[Troll Knight]
4600962,[Troll Knight]
4600970,[Troll Knight]
4600971,[Troll Knight]
4620130,Warp Explode   
4620220,Laser   
4620261,[Astel]
4620262,[Astel]
4620510,Gravity Quad Pulse 1   
4620511,[Astel]
4620520,Gravity Quad Pulse 2   
4620521,[Astel]
4620522,[Astel]
4620530,Gravity Quad Pulse 3   
4620531,[Astel]
4620532,[Astel]
4620540,Gravity Quad Pulse 4   
4620541,[Astel]
4620542,[Astel]
4620560,Meteors   
4620561,[Astel]
4620562,[Astel]
4620563,[Astel]
4620564,[Astel]
4620565,[Astel]
4620566,[Astel]
4620567,[Astel]
4620570,Meteors   
4620571,[Astel]
4620572,[Astel]
4620573,[Astel]
4620574,[Astel]
4620575,[Astel]
4620576,[Astel]
4620577,[Astel]
4620580,Meteors   
4620581,[Astel]
4620582,[Astel]
4620583,[Astel]
4620584,[Astel]
4620585,[Astel]
4620586,[Astel]
4620587,[Astel]
4620590,Meteors   
4620591,[Astel]
4620592,[Astel]
4620593,[Astel]
4620594,[Astel]
4620595,[Astel]
4620596,[Astel]
4620597,[Astel]
4620600,[Astel]
4620601,[Astel]
4620602,[Astel]
4620603,[Astel]
4620604,[Astel]
4620900,Hand Star Linger   
4620901,[Astel]
4620902,[Astel]
4620903,[Astel]
4620910,Hand Star Linger   
4620911,[Astel]
4620912,[Astel]
4620913,[Astel]
4630260,[Runebear]
4630261,[Runebear]
4630500,[Runebear]
4630510,[Runebear]
4630520,[Runebear]
4630530,[Runebear]
4630540,[Runebear]
4630550,[Runebear]
4630560,[Runebear]
4640140,[Ulcerated Tree Spirit]
4640141,[Ulcerated Tree Spirit]
4640145,[Ulcerated Tree Spirit]
4640146,[Ulcerated Tree Spirit]
4640150,[Ulcerated Tree Spirit]
4640151,[Ulcerated Tree Spirit]
4640155,[Ulcerated Tree Spirit]
4640156,[Ulcerated Tree Spirit]
4640280,[Ulcerated Tree Spirit]
4640281,[Ulcerated Tree Spirit]
4640282,[Ulcerated Tree Spirit]
4640283,[Ulcerated Tree Spirit]
4640284,[Ulcerated Tree Spirit]
4640285,[Ulcerated Tree Spirit]
4640315,[Ulcerated Tree Spirit]
4640316,[Ulcerated Tree Spirit]
4640480,[Ulcerated Tree Spirit]
4640481,[Ulcerated Tree Spirit]
4640482,[Ulcerated Tree Spirit]
4640483,[Ulcerated Tree Spirit]
4640484,[Ulcerated Tree Spirit]
4640485,[Ulcerated Tree Spirit]
4640495,[Ulcerated Tree Spirit]
4640496,[Ulcerated Tree Spirit]
4650132,[Dragonkin Soldier]
4650141,[Dragonkin Soldier]
4650152,[Dragonkin Soldier]
4650162,[Dragonkin Soldier]
4650182,[Dragonkin Soldier]
4650194,[Dragonkin Soldier]
4650201,[Dragonkin Soldier]
4650210,Roar   
4650211,[Dragonkin Soldier]
4650221,[Dragonkin Soldier]
4650231,[Dragonkin Soldier]
4650240,Phase Shift   
4650254,[Dragonkin Soldier]
4650255,[Dragonkin Soldier]
4650256,Uplift   
4650264,[Dragonkin Soldier]
4650265,[Dragonkin Soldier]
4650266,Uplift   
4650271,[Dragonkin Soldier]
4650281,[Dragonkin Soldier]
4650297,[Dragonkin Soldier]
4650298,[Dragonkin Soldier]
4650299,[Dragonkin Soldier]
4650300,[Dragonkin Soldier]
4650301,[Dragonkin Soldier]
4650432,[Dragonkin Soldier]
4650441,[Dragonkin Soldier]
4650452,[Dragonkin Soldier]
4650462,[Dragonkin Soldier]
4650482,[Dragonkin Soldier]
4650494,[Dragonkin Soldier]
4650502,[Dragonkin Soldier]
4650503,[Dragonkin Soldier]
4650504,[Dragonkin Soldier]
4650505,[Dragonkin Soldier]
4650506,[Dragonkin Soldier]
4650507,[Dragonkin Soldier]
4650508,[Dragonkin Soldier]
4650509,[Dragonkin Soldier]
4650510,[Dragonkin Soldier]
4650511,[Dragonkin Soldier]
4650512,[Dragonkin Soldier]
4650513,[Dragonkin Soldier]
4650514,[Dragonkin Soldier]
4650520,[Dragonkin Soldier]
4650521,[Dragonkin Soldier]
4650522,[Dragonkin Soldier]
4650523,[Dragonkin Soldier]
4650524,[Dragonkin Soldier]
4650525,[Dragonkin Soldier]
4650526,[Dragonkin Soldier]
4650527,[Dragonkin Soldier]
4650528,[Dragonkin Soldier]
4650530,[Dragonkin Soldier]
4650531,[Dragonkin Soldier]
4650532,[Dragonkin Soldier]
4650533,[Dragonkin Soldier]
4650534,[Dragonkin Soldier]
4650535,[Dragonkin Soldier]
4650536,[Dragonkin Soldier]
4650537,[Dragonkin Soldier]
4650538,[Dragonkin Soldier]
4650582,[Dragonkin Soldier]
4650583,[Dragonkin Soldier]
4650584,[Dragonkin Soldier]
4650585,[Dragonkin Soldier]
4650586,[Dragonkin Soldier]
4650587,[Dragonkin Soldier]
4650588,[Dragonkin Soldier]
4650589,[Dragonkin Soldier]
4650590,[Dragonkin Soldier]
4650591,[Dragonkin Soldier]
4650592,[Dragonkin Soldier]
4650593,[Dragonkin Soldier]
4650594,[Dragonkin Soldier]
4650600,[Dragonkin Soldier]
4650601,[Dragonkin Soldier]
4650602,[Dragonkin Soldier]
4650603,[Dragonkin Soldier]
4650604,[Dragonkin Soldier]
4650605,[Dragonkin Soldier]
4650606,[Dragonkin Soldier]
4650607,[Dragonkin Soldier]
4650608,[Dragonkin Soldier]
4650610,[Dragonkin Soldier]
4650611,[Dragonkin Soldier]
4650612,[Dragonkin Soldier]
4650613,[Dragonkin Soldier]
4650614,[Dragonkin Soldier]
4650615,[Dragonkin Soldier]
4650616,[Dragonkin Soldier]
4650617,[Dragonkin Soldier]
4650618,[Dragonkin Soldier]
4650661,[Dragonkin Soldier]
4650670,Roar   
4650671,[Dragonkin Soldier]
4650681,[Dragonkin Soldier]
4650694,[Dragonkin Soldier]
4650695,[Dragonkin Soldier]
4650696,Uplift   
4650704,[Dragonkin Soldier]
4650705,[Dragonkin Soldier]
4650706,Uplift   
4650711,Ice Lightning Stake   
4650712,[Dragonkin Soldier]
4650720,[Dragonkin Soldier]
4650721,[Dragonkin Soldier]
4650722,[Dragonkin Soldier]
4650723,[Dragonkin Soldier]
4650724,[Dragonkin Soldier]
4650725,[Dragonkin Soldier]
4650726,[Dragonkin Soldier]
4650727,[Dragonkin Soldier]
4650728,[Dragonkin Soldier]
4650729,Lightning Spread Emitted Fall   
4650730,Lightning Spread Tell   
4650731,Lightning Spread Explode   
4650740,[Dragonkin Soldier]
4650741,[Dragonkin Soldier]
4650742,[Dragonkin Soldier]
4650743,[Dragonkin Soldier]
4650744,[Dragonkin Soldier]
4650745,[Dragonkin Soldier]
4650746,[Dragonkin Soldier]
4650747,[Dragonkin Soldier]
4650748,[Dragonkin Soldier]
4650750,[Dragonkin Soldier]
4650751,[Dragonkin Soldier]
4650752,[Dragonkin Soldier]
4650753,[Dragonkin Soldier]
4650754,[Dragonkin Soldier]
4650755,[Dragonkin Soldier]
4650756,[Dragonkin Soldier]
4650757,[Dragonkin Soldier]
4650758,[Dragonkin Soldier]
4650781,[Dragonkin Soldier]
4650791,[Dragonkin Soldier]
4650807,[Dragonkin Soldier]
4650808,[Dragonkin Soldier]
4650809,[Dragonkin Soldier]
4650810,[Dragonkin Soldier]
4650811,[Dragonkin Soldier]
4650825,[Dragonkin Soldier]
4650826,[Dragonkin Soldier]
4650827,[Dragonkin Soldier]
4650910,Land   
4660121,[Golem]
4660126,[Golem]
4660310,[Golem]
4660311,[Golem]
4660320,[Golem]
4660321,[Golem]
4660330,[Golem]
4660331,[Golem]
4660500,Arr   
4660502,[Golem]
4660503,Arr   
4660504,Arr   
4660505,Magic Arr   
4660506,[Golem]
4660507,Magic Arr   
4660508,Arr   
4660510,[Golem]
4660514,[Golem]
4660515,[Golem]
4660610,[Golem]
4660611,[Golem]
4660612,[Golem]
4660613,[Golem]
4660614,[Golem]
4660620,[Golem]
4660621,[Golem]
4660622,[Golem]
4660623,[Golem]
4660624,[Golem]
4660630,[Golem]
4660631,[Golem]
4660632,[Golem]
4660633,[Golem]
4660634,[Golem]
4660740,[Golem]
4660741,[Golem]
4660750,[Golem]
4660751,[Golem]
4660752,[Golem]
4660755,[Golem]
4660756,[Golem]
4660757,[Golem]
4660900,[Golem]
4670160,Running Air Spit   
4670161,Spit Puddle   
4670162,Ground Spit   
4670180,[Ancestor Spirit]
4670190,[Ancestor Spirit]
4670191,[Ancestor Spirit]
4670210,Stomp Aoe   
4670261,[Ancestor Spirit]
4670290,Roll   
4670400,[Ancestor Spirit]
4670401,[Ancestor Spirit]
4670402,[Ancestor Spirit]
4670410,[Ancestor Spirit]
4670450,[Ancestor Spirit]
4670470,[Ancestor Spirit]
4670900,[Ancestor Spirit]
4670910,[Ancestor Spirit]
4680135,Mouth Rock Shower 1   
4680136,Mouth Rock Shower 1   
4680165,Mouth Rock Shower 2   
4680166,Mouth Rock Shower 2   
4680185,Feet Aoe   
4680195,Tail Rock 1   
4680196,Tail Rock 1   
4680205,Tail Rock 2   
4680206,Tail Rock 2   
4680260,Gravity Pullup   
4680261,Gravity Pullup   
4680262,[Fallingstar Beast]
4680263,Gravty Pulldown   
4680270,[Fallingstar Beast]
4680271,[Fallingstar Beast]
4680280,[Fallingstar Beast]
4680281,[Fallingstar Beast]
4680282,[Fallingstar Beast]
4680285,[Fallingstar Beast]
4680290,Ground Pullup   
4680295,Ground Pullup Small   
4680296,Ground Pullup Small   
4680355,[Fallingstar Beast]
4680356,[Fallingstar Beast]
4680450,Ground Pullup Large   
4680455,Ground Pullup Large   
4680456,Ground Pullup Large   
4690150,Deflect   
4690200,[Grafted Scion]
4710311,Sword Pullup   
4710500,[Writhing Mass]
4710501,[Writhing Mass]
4710502,[Writhing Mass]
4710509,[Writhing Mass]
4710510,[Writhing Mass]
4710511,[Writhing Mass]
4710512,[Writhing Mass]
4710513,[Writhing Mass]
4710514,[Writhing Mass]
4710530,[Writhing Mass]
4710540,Spit   
4710541,Spit Gas   
4710545,Spit   
4710550,Ground Pullup   
4710551,Ground Pullup   
4710555,Ground Pullup Close Aoe   
4710556,[Writhing Mass]
4710557,[Writhing Mass]
4710560,[Writhing Mass]
4710561,Ground Pullup   
4710570,Fire Blobs   
4710571,Fire Blobs   
4710572,Fire Blobs   
4710591,Fire Blobs 2   
4710592,Fire Blobs 2   
4710593,Fire Blobs 2   
4710600,[Writhing Mass]
4710601,Lava   
4710610,[Writhing Mass]
4710611,[Writhing Mass]
4710620,Long Exploding Skull 1   
4710621,Long Exploding Skull 2   
4710622,Long Exploding Skull 3   
4710623,Long Exploding Skull 4   
4710624,Long Exploding Skull Emitted   
4710625,Long Exploding Emitted Prime   
4710626,Long Exploding Skull Explode   
4710630,[Writhing Mass]
4710631,[Writhing Mass]
4710632,[Writhing Mass]
4710633,[Writhing Mass]
4710634,[Writhing Mass]
4710635,[Writhing Mass]
4710636,[Writhing Mass]
4710637,[Writhing Mass]
4710638,[Writhing Mass]
4710700,Ultimate Slam 1   
4710701,Ultimate Slam 1   
4710710,[Writhing Mass]
4710711,[Writhing Mass]
4710720,[Writhing Mass]
4710721,[Writhing Mass]
4710730,Hit 1   
4710750,Ultimate Slam 2   
4710751,Ultimate Slam 2   
4710760,[Writhing Mass]
4710761,[Writhing Mass]
4710780,[Writhing Mass]
4710781,[Writhing Mass]
4710790,Hit 2   
4710810,[Writhing Mass]
4710811,[Writhing Mass]
4710812,[Writhing Mass]
4710813,[Writhing Mass]
4710814,[Writhing Mass]
4710815,[Writhing Mass]
4710820,[Writhing Mass]
4710821,[Writhing Mass]
4710822,[Writhing Mass]
4710823,[Writhing Mass]
4710824,[Writhing Mass]
4710825,Skull Small   
4710830,[Writhing Mass]
4710831,[Writhing Mass]
4710832,[Writhing Mass]
4710833,Skull   
4710834,[Writhing Mass]
4710835,[Writhing Mass]
4710900,[Writhing Mass]
4710960,[Writhing Mass]
4710961,[Writhing Mass]
4710962,Lava   
4720112,[Godfrey]
4720113,[Godfrey]
4720114,[Godfrey]
4720172,[Godfrey]
4720192,[Godfrey]
4720193,[Godfrey]
4720194,[Godfrey]
4720200,[Godfrey]
4720201,[Godfrey]
4720202,[Godfrey]
4720203,[Godfrey]
4720251,[Godfrey]
4720281,Phase Shift   
4720321,[Godfrey]
4720351,[Godfrey]
4720361,[Godfrey]
4720371,[Godfrey]
4720381,[Godfrey]
4720400,Huge 50   
4720500,[Godfrey]
4721140,[Hoarah Loux]
4721141,[Hoarah Loux]
4721142,[Hoarah Loux]
4721160,[Hoarah Loux]
4721220,[Hoarah Loux]
4721270,[Hoarah Loux]
4721310,[Hoarah Loux]
4721311,[Hoarah Loux]
4721350,[Hoarah Loux]
4721370,[Hoarah Loux]
4721390,[Hoarah Loux]
4721420,[Hoarah Loux]
4721431,[Hoarah Loux]
4721441,[Hoarah Loux]
4721451,[Hoarah Loux]
4721470,[Hoarah Loux]
4721471,[Hoarah Loux]
4721472,[Hoarah Loux]
4721480,[Hoarah Loux]
4721481,[Hoarah Loux]
4721600,Huge 50   
4730223,[Starscourge Radahn]
4730224,Shockwave Aoe   
4730225,[Starscourge Radahn]
4730226,Shockwave Aoe   
4730233,[Starscourge Radahn]
4730234,Shockwave Aoe   
4730235,[Starscourge Radahn]
4730236,Shockwave Aoe   
4730331,Small Orbs   
4730332,Small Orbs   
4730333,Small Orbs   
4730334,Small Orbs   
4730335,Small Orbs   
4730336,Small Orbs Float   
4730337,Small Orbs Launched   
4730342,Meteor Launch   
4730343,Meteor Launch   
4730344,Meteor Launch   
4730345,Meteor Launch   
4730346,Meteor Aoe   
4730347,[Starscourge Radahn]
4730348,
4730351,[Starscourge Radahn]
4730352,Shockwave Aoe   
4730353,[Starscourge Radahn]
4730354,Shockwave Aoe   
4730367,[Starscourge Radahn]
4730368,Shockwave Aoe   
4730372,[Starscourge Radahn]
4730373,Shockwave Aoe   
4730374,[Starscourge Radahn]
4730375,Shockwave Aoe 2   
4730376,Meteor Spawn 1   
4730377,Meteor Spawn 2   
4730378,Meteor Spawn 3   
4730379,Meteor Spawn 4   
4730380,Meteor 1   
4730381,Meteor 2   
4730382,Meteor 3   
4730383,Meteor 4   
4730384,Meteor   
4730385,Meteor   
4730390,[Starscourge Radahn]
4730391,[Starscourge Radahn]
4730392,[Starscourge Radahn]
4730393,[Starscourge Radahn]
4730394,[Starscourge Radahn]
4730401,Falling Star   
4730410,Scattershot   
4730411,Scattershot   
4730420,[Starscourge Radahn]
4730421,Arrow Rain Homing   
4730422,[Starscourge Radahn]
4730423,[Starscourge Radahn]
4730424,[Starscourge Radahn]
4730426,[Starscourge Radahn]
4730430,Fast Bolt   
4730431,Fast Bolt Crit   
4730492,Giant Aoe Slam   
4730643,Lightning Spawn Aoe   
4730644,Lightning Spawn Aoe   
4730645,Lightning Ground Shockwave   
4730653,Lightning Spawn Aoe   
4730654,Lightning Spawn Aoe   
4730655,Lightning Ground Shockwave   
4730732,Lightning Ground Shockwave   
4730751,Lightning Ground Shockwave   
4730767,Lightning Ground Shockwave   
4750220,[Godrick the Grafted]
4750221,[Godrick the Grafted]
4750230,[Godrick the Grafted]
4750250,[Godrick the Grafted]
4750262,[Godrick the Grafted]
4750390,[Godrick the Grafted]
4750391,Fire Whirlwind   
4750392,[Godrick the Grafted]
4750393,Fire Whirlwind 2   
4750400,[Godrick the Grafted]
4750401,Whirlwind   
4750402,[Godrick the Grafted]
4750403,Whirlwind 2   
4750410,[Godrick the Grafted]
4750411,Rocks   
4750413,[Godrick the Grafted]
4750414,Rocks   
4750416,[Godrick the Grafted]
4750417,[Godrick the Grafted]
4750418,[Godrick the Grafted]
4750419,[Godrick the Grafted]
4750450,Wind Bullet   
4750451,Fire Wind Bullet   
4750462,[Godrick the Grafted]
4750463,Explosion   
4750470,Wind Bullet   
4750471,Fire Wind Bullet   
4750490,Fire Volcano   
4750491,Fire Volcano   
4750492,Fire Volcano Impact   
4750550,[Godrick the Grafted]
4750551,Rocks   
4750553,[Godrick the Grafted]
4750554,Rocks   
4750556,[Godrick the Grafted]
4750557,[Godrick the Grafted]
4750558,[Godrick the Grafted]
4750559,[Godrick the Grafted]
4750800,Whirlwind Deflect   
4750805,[Godrick the Grafted]
4750900,[Godrick the Grafted]
4760051,Snow Pullup   
4760052,[Fire Giant]
4760053,[Fire Giant]
4760054,Snow Pullup Hit   
4760062,Stomp Aoe   
4760080,Fireball   
4760081,Fireball Explosion   
4760082,[Fire Giant]
4760090,Fell Sun   
4760091,[Fire Giant]
4760092,[Fire Giant]
4760093,[Fire Giant]
4760094,Fell Sun Explosion   
4760095,[Fire Giant]
4760096,[Fire Giant]
4760097,[Fire Giant]
4760098,[Fire Giant]
4760099,Fell Sun Linger   
4760130,Fire Pillar Spawn   
4760131,[Fire Giant]
4760132,[Fire Giant]
4760133,Fire Pillar   
4760134,Fire Pillar   
4760135,Fire Pillar   
4760171,[Fire Giant]
4760192,[Fire Giant]
4760200,[Fire Giant]
4760210,[Fire Giant]
4760211,[Fire Giant]
4760212,[Fire Giant]
4760215,
4760216,
4760270,Fireball 2   
4760271,[Fire Giant]
4760272,[Fire Giant]
4760280,Fell Sun 2   
4760281,[Fire Giant]
4760282,[Fire Giant]
4760283,[Fire Giant]
4760284,[Fire Giant]
4760285,[Fire Giant]
4760286,[Fire Giant]
4760287,[Fire Giant]
4760288,[Fire Giant]
4760289,[Fire Giant]
4760290,Volcano   
4760291,[Fire Giant]
4760292,[Fire Giant]
4760293,[Fire Giant]
4760294,[Fire Giant]
4760295,[Fire Giant]
4760300,Fire Pillar Spawn   
4760301,[Fire Giant]
4760302,[Fire Giant]
4760303,[Fire Giant]
4760304,[Fire Giant]
4760305,[Fire Giant]
4760340,[Fire Giant]
4760341,[Fire Giant]
4760342,[Fire Giant]
4770161,Roar   
4770162,[Gargoyle]
4770163,[Gargoyle]
4770164,[Gargoyle]
4770252,[Gargoyle]
4770253,[Gargoyle]
4770320,[Gargoyle]
4770322,[Gargoyle]
4770323,[Gargoyle]
4770324,[Gargoyle]
4770325,[Gargoyle]
4770352,[Gargoyle]
4770353,[Gargoyle]
4770354,[Gargoyle]
4770355,[Gargoyle]
4770380,[Gargoyle]
4770382,[Gargoyle]
4770383,[Gargoyle]
4770384,[Gargoyle]
4770385,[Gargoyle]
4770392,[Gargoyle]
4770393,[Gargoyle]
4770394,[Gargoyle]
4770395,[Gargoyle]
4770431,Roar   
4770432,[Gargoyle]
4770433,[Gargoyle]
4770434,[Gargoyle]
4770450,Poison Breath Drop At Feet   
4770451,Poison Breath Large Fog   
4770553,[Gargoyle]
4770554,[Gargoyle]
4770555,[Gargoyle]
4770556,[Gargoyle]
4770605,[Gargoyle]
4770606,[Gargoyle]
4770635,[Gargoyle]
4770636,[Gargoyle]
4770724,[Gargoyle]
4770731,[Gargoyle]
4770732,[Gargoyle]
4770733,[Gargoyle]
4770734,[Gargoyle]
4770735,[Gargoyle]
4770751,[Gargoyle]
4770752,[Gargoyle]
4770753,[Gargoyle]
4770754,[Gargoyle]
4770755,[Gargoyle]
4770792,[Gargoyle]
4770823,[Gargoyle]
4770824,[Gargoyle]
4770825,[Gargoyle]
4770826,[Gargoyle]
4770834,[Gargoyle]
4770842,[Gargoyle]
4770860,Poison Breath Triple Line   
4770861,Poison Breath Fall   
4770862,Poison Breath Medium Fog   
4770865,Poison Breath Arching Line   
4770866,Poison Breath Small Fog   
4770880,Ruin Explosions   
4770881,[Gargoyle]
4770885,[Gargoyle]
4770886,[Gargoyle]
4770890,[Gargoyle]
4770891,[Gargoyle]
4770895,[Gargoyle]
4770896,[Gargoyle]
4770901,[Gargoyle]
4770902,[Gargoyle]
4770911,[Gargoyle]
4770912,[Gargoyle]
4770920,[Gargoyle]
4770921,[Gargoyle]
4770930,[Gargoyle]
4770931,[Gargoyle]
4800000,[Mohg]
4800001,[Mohg]
4800002,[Mohg]
4800010,[Mohg]
4800020,Blood Puddle   
4800030,Blood Puddle   
4800040,Spear Fire Explosion   
4800050,[Mohg]
4800110,[Mohg]
4800210,Hand Explosion Slash   
4800211,Hand Explosion   
4800240,[Mohg]
4800260,Down Fire Puddle   
4800261,Down Fire Puddle   
4800320,[Mohg]
4800331,[Mohg]
4800332,[Mohg]
4800333,[Mohg]
4800430,Hand Explosion Thrust   
4800431,Hand Explosion Thrust   
4800561,[Mohg]
4800571,[Mohg]
4800581,[Mohg]
4800591,[Mohg]
4800605,[Mohg]
4800608,[Mohg]
4800621,[Mohg]
4800631,[Mohg]
4800701,[Mohg]
4800711,[Mohg]
4800751,[Mohg]
4800752,[Mohg]
4800753,[Mohg]
4800761,[Mohg]
4800771,[Mohg]
4800791,[Mohg]
4800801,[Mohg]
4800837,[Mohg]
4800841,[Mohg]
4800842,[Mohg]
4800900,[Mohg]
4800990,[Mohg]
4810161,[Erdtree Avatar]
4810162,Holy Orb Explosion   
4810163,[Erdtree Avatar]
4810164,[Erdtree Avatar]
4810165,[Erdtree Avatar]
4810166,[Erdtree Avatar]
4810167,Holy Orb   
4810183,Butt Slam   
4810250,Stomp   
4810263,Butt Slam   
4810265,[Erdtree Avatar]
4810266,[Erdtree Avatar]
4810267,[Erdtree Avatar]
4810268,[Erdtree Avatar]
4810269,Rot Gas End   
4820500,[Omenkiller]
4820501,[Omenkiller]
4820510,[Omenkiller]
4820511,[Omenkiller]
4820512,[Omenkiller]
4820513,[Omenkiller]
4820520,[Omenkiller]
4820521,[Omenkiller]
4820522,[Omenkiller]
4820523,[Omenkiller]
4820530,[Omenkiller]
4820531,[Omenkiller]
4820532,[Omenkiller]
4820533,[Omenkiller]
4910130,Magma Breath   
4910140,Crawling Magma Breath   
4910150,Down Magma   
4910151,Down Magma   
4910210,[Magma Wyrm]
4910211,[Magma Wyrm]
4910270,Back Breath   
4910271,[Magma Wyrm]
4910290,[Magma Wyrm]
4910310,[Magma Wyrm]
4910311,[Magma Wyrm]
4910320,[Magma Wyrm]
4910500,[Magma Wyrm]
4910501,[Magma Wyrm]
4910502,Magma Linger   
4910510,[Magma Wyrm]
4910511,[Magma Wyrm]
4910512,[Magma Wyrm]
4910520,Shockwave   
4910521,[Magma Wyrm]
4910530,[Magma Wyrm]
4910630,[Magma Wyrm]
4910640,[Magma Wyrm]
4910650,[Magma Wyrm]
4910651,[Magma Wyrm]
4910710,[Magma Wyrm]
4910711,[Magma Wyrm]
4910770,[Magma Wyrm]
4910790,[Magma Wyrm]
4910810,[Magma Wyrm]
4910811,[Magma Wyrm]
4910820,[Magma Wyrm]
4910900,[Magma Wyrm]
4910901,[Magma Wyrm]
4910902,Magma Linger   
4950105,[Tibia Mariner]
4950115,[Tibia Mariner]
4950125,[Tibia Mariner]
4950135,[Tibia Mariner]
4950180,[Tibia Mariner]
4950181,[Tibia Mariner]
4950210,[Tibia Mariner]
4950220,[Tibia Mariner]
4950221,[Tibia Mariner]
4950225,[Tibia Mariner]
4960800,[Giant Skeleton Torso]
4960810,[Giant Skeleton Torso]
4960820,[Giant Skeleton Torso]
4960830,[Giant Skeleton Torso]
4960900,[Giant Skeleton Torso]
4960901,[Giant Skeleton Torso]
4980141,[Death Rite Bird]
4980171,[Death Rite Bird]
4980181,[Death Rite Bird]
4980200,[Death Rite Bird]
4980210,[Death Rite Bird]
4980221,[Death Rite Bird]
4980240,Pull Out Ground   
4980251,[Death Rite Bird]
4980261,[Death Rite Bird]
4980291,[Death Rite Bird]
4980300,Blight Scream   
4980322,[Death Rite Bird]
4980411,[Death Rite Bird]
4980412,[Death Rite Bird]
4980421,[Death Rite Bird]
4980430,[Death Rite Bird]
4980431,[Death Rite Bird]
4980432,[Death Rite Bird]
4980433,[Death Rite Bird]
4980441,[Death Rite Bird]
4980471,[Death Rite Bird]
4980472,[Death Rite Bird]
4980481,[Death Rite Bird]
4980491,[Death Rite Bird]
4980500,[Death Rite Bird]
4980510,[Death Rite Bird]
4980521,[Death Rite Bird]
4980540,[Death Rite Bird]
4980541,[Death Rite Bird]
4980542,[Death Rite Bird]
4980543,[Death Rite Bird]
4980544,[Death Rite Bird]
4980551,[Death Rite Bird]
4980561,[Death Rite Bird]
4980571,[Death Rite Bird]
4980572,[Death Rite Bird]
4980591,[Death Rite Bird]
4980620,[Death Rite Bird]
4980621,[Death Rite Bird]
4980622,[Death Rite Bird]
4980623,[Death Rite Bird]
4980624,[Death Rite Bird]
4980630,[Death Rite Bird]
4980631,[Death Rite Bird]
4980632,[Death Rite Bird]
4980633,[Death Rite Bird]
4980635,[Death Rite Bird]
4980641,[Death Rite Bird]
4980650,[Death Rite Bird]
4980651,[Death Rite Bird]
4980652,[Death Rite Bird]
4980660,Blight Scream   
4980700,[Death Rite Bird]
4980701,[Death Rite Bird]
4980710,[Death Rite Bird]
4980800,[Death Rite Bird]
4980810,[Death Rite Bird]
4980811,[Death Rite Bird]
4980812,[Death Rite Bird]
4980813,[Death Rite Bird]
4980814,[Death Rite Bird]
4980820,[Death Rite Bird]
4980821,[Death Rite Bird]
4980822,[Death Rite Bird]
4980823,[Death Rite Bird]
4980824,[Death Rite Bird]
4980830,[Death Rite Bird]
4980831,[Death Rite Bird]
4980832,[Death Rite Bird]
4980910,[Death Rite Bird]
4980911,[Death Rite Bird]
4980920,[Death Rite Bird]
4980921,[Death Rite Bird]
4980922,[Death Rite Bird]
4980923,[Death Rite Bird]
4980940,[Death Rite Bird]
4980941,[Death Rite Bird]
4980942,[Death Rite Bird]
4980943,[Death Rite Bird]
4980950,[Death Rite Bird]
6030900,[Bear]
7000200,[Fallen Hawk Soldier]
7000210,[Fallen Hawk Soldier]
7000220,[Fallen Hawk Soldier]
7000230,[Fallen Hawk Soldier]
7000400,[Fallen Hawk Soldier]
7000410,[Fallen Hawk Soldier]
7000420,[Fallen Hawk Soldier]
7000421,[Fallen Hawk Soldier]
7100181,Pullup Ice   
7100190,Floor Ice   
7100191,[White Mask Assailant]
7100192,Floor Ice Linger   
7100193,Floor Ice Explode   
7100200,Ice Storm Aoe   
7100205,[White Mask Assailant]
7100206,Ice Storm Linger   
7100220,Emit Force Ice   
8100000,[Ballista]
8100001,[Ballista]
8100010,[Ballista]
8100011,[Ballista]
8100012,[Ballista]
8101100,[Giant Ballista]
8101101,[Giant Ballista]
8101102,[Giant Ballista]
8101110,[Giant Ballista]
8101120,[Giant Ballista]
8110000,[Dragon-faced Flamethrower]
8110001,[Dragon-faced Flamethrower]
8110010,[Dragon-faced Flamethrower]
9009000,
9410000,
9410001,
9450000,
9450001,
9450002,
9450003,
9450004,
9450005,
9460000,
10000000,
10000001,
10000002,
10013500,Goods 135:Phantom Great Rune
10013501,Hit   
10030000,Goods 300:Fire Pot
10030001,Hit   
10030002,Hit   
10030003,Hit   
10030100,Goods 301:Redmane Fire Pot
10030101,Hit   
10030102,Hit   
10030103,Hit   
10030200,Goods 302:Giantsflame Fire Pot
10030201,Hit   
10030202,Hit   
10030203,Hit   
10032000,Goods 320:Lightning Pot
10032001,Hit   
10032002,Hit   
10032003,Hit   
10032004,Hit   
10032005,Hit   
10032006,Hit   
10032010,Emitter   
10032011,Emitted   
10032012,Emitted Hit   
10032013,Emitted Hit   
10032014,Emitted Hit   
10032015,Emitted Hit   
10032100,Goods 321:Ancient Dragonbolt Pot
10032101,Hit   
10032102,Hit   
10032103,Hit   
10032104,Hit   
10032105,Hit   
10032106,Hit   
10032110,Emitter   
10032111,Emitted   
10032112,Emitted Hit   
10032113,Emitted Hit   
10032114,Emitted Hit   
10032115,Emitted Hit   
10033000,Goods 330:Fetid Pot
10033001,Hit   
10034000,Goods 340:Swarm Pot
10034001,Hit   
10034002,Hit   
10034003,Hit   
10035000,Goods 350:Holy Water Pot
10035001,Hit   
10035100,Goods 351:Sacred Order Pot
10035101,Hit   
10036000,Goods 360:Freezing Pot
10036001,Hit   
10037000,Goods 370:Poison Pot
10037001,Hit   
10038000,Oil Pot   
10038001,Oil Pot   Hit   
10039000,Alluring Pot   
10039001,Alluring Pot   Hit   
10039002,Alluring Pot   Hit   
10039100,Beastlure Pot   
10039101,Beastlure Pot   Hit   
10040000,Roped Fire Pot   
10040001,Roped Fire Pot   Hit   
10040002,Roped Fire Pot   Hit   
10040003,Roped Fire Pot   Hit   
10042000,Roped Lightning Pot   
10042001,Roped Lightning Pot   Hit   
10042002,Roped Lightning Pot   Hit   
10042003,Roped Lightning Pot   Hit   
10042004,Roped Lightning Pot   Hit   
10042005,Roped Lightning Pot   Hit   
10042006,Roped Lightning Pot   Hit   
10042010,Roped Lightning Pot   Emitter   
10042011,Roped Lightning Pot   Emitted   
10042012,Roped Lightning Pot   Emitted Hit   
10042013,Roped Lightning Pot   Emitted Hit   
10042014,Roped Lightning Pot   Emitted Hit   
10042015,Roped Lightning Pot   Emitted Hit   
10043000,Roped Fetid Pot   
10043001,Roped Fetid Pot   Hit   
10044000,Roped Poison Pot   
10044001,Roped Poison Pot   Hit   
10045000,Roped Oil Pot   
10045001,Roped Oil Pot   Hit   
10046000,Roped Magic Pot   
10046001,Roped Magic Pot   Hit   
10047000,Roped Fly Pot   
10047001,Roped Fly Pot   Hit   
10047002,Roped Fly Pot   Emitter   
10047003,Roped Fly Pot   Emitted   
10048000,Roped Freezing Pot   
10048001,Roped Freezing Pot   Hit   
10049000,Roped Volcano Pot   
10049001,Roped Volcano Pot   Hit   
10051000,Roped Holy Water Pot   
10051001,Roped Holy Water Pot   Hit   
10060000,Volcano Pot   
10060001,Volcano Pot   Hit   
10061000,Albinauric Pot   
10061001,Albinauric Pot   Hit   
10063000,Cursed-Blood Pot   
10063001,Cursed-Blood Pot   Hit   
10063002,Cursed-Blood Pot   Hit   
10063003,Cursed-Blood Pot   Hit   
10064000,Sleep Pot   
10064001,Sleep Pot   Hit   
10065000,Rancor Pot   
10065001,Rancor Pot   Hit   
10065002,Rancor Pot   Hit   
10065003,Rancor Pot   Hit   
10066000,Magic Pot   
10066001,Magic Pot   Hit   
10066100,Academy Magic Pot   
10066101,Academy Magic Pot   Hit   
10067000,Rot Pot   
10067001,Rot Pot   Hit   
10081000,Rowa Raisin   
10081100,Sweet Raisin   
10081200,Frozen Raisin   
10170000,Throwing Dagger   
10171000,Bone Dart   
10172000,Poisonbone Dart   
10173000,Kukri   
10174000,Crystal Dart   
10175000,Fan Daggers   
10176000,Ruin Fragment   
10183000,Explosive Stone   
10183001,Explosive Stone   Hit   
10183100,Explosive Stone   Clump   
10183101,Explosive Stone   Clump Hit   
10184000,Poisoned Stone   
10184100,Poisoned Stone   Clump   
10203000,Glowstone   
10203001,Glowstone   Hit   
10205000,Grace Mimic   
10205001,Grace Mimic   Emitter   
10205002,Grace Mimic   Emitted   
10205003,Grace Mimic   Emitted Hit   
10208000,Blasphemous Claw   
10210000,Soft Cotton   
10214000,Margits Shackle   
10215000,Mohgs Shackle   
10220000,"Prattling Pate   ""Hello""   "
10220100,"Prattling Pate   ""Thank You""   "
10220200,"Prattling Pate   ""Apologies""   "
10220300,"Prattling Pate   ""Wonderful""   "
10220400,"Prattling Pate   ""Please Help""   "
10220500,"Prattling Pate   ""My Beloved""   "
10220600,"Prattling Pate   ""Lets Get To It""   "
10220700,"Prattling Pate   ""You're Beautiful""   "
10300000,Ancestral Infants Head   
10300001,Ancestral Infants Head   Hit   
10300002,Ancestral Infants Head   Hit   
10301000,Omen Bairn   Emitter 1   
10301001,Omen Bairn   Emitter 2   
10301002,Omen Bairn   Emitted 1 Emitter   
10301010,Omen Bairn   Emitted 2   
10301020,Omen Bairn   Hit   
10301021,Omen Bairn   Hit   
10301022,Omen Bairn   Emitted 1   
10301100,Regal Omen Bairn   
10301101,Regal Omen Bairn   
10301102,Regal Omen Bairn   
10301110,Regal Omen Bairn   
10301120,Regal Omen Bairn   
10301121,Regal Omen Bairn   
10301122,Regal Omen Bairn   
10302000,Mirandas Prayer   
10302001,Mirandas Prayer   
10302002,Mirandas Prayer   
10302003,Mirandas Prayer   
10302004,Mirandas Prayer   
10302005,Mirandas Prayer   
10302006,Mirandas Prayer   
10303000,Cuckoo Glintstone   
10303001,Cuckoo Glintstone   
10303002,Cuckoo Glintstone   
10304000,Mimics Veil   
10305000,Glintstone Scrap   
10305001,Glintstone Scrap   
10305002,Glintstone Scrap   
10305003,Glintstone Scrap   
10305100,Large Glintstone Scrap   
10305101,Large Glintstone Scrap   
10305102,Large Glintstone Scrap   
10305103,Large Glintstone Scrap   
10305104,Large Glintstone Scrap   
10305105,Large Glintstone Scrap   
10305106,Large Glintstone Scrap   
10305107,Large Glintstone Scrap   
10306000,Gravity Stone Fan   
10306001,Gravity Stone Fan   
10306002,Gravity Stone Fan   
10306003,Gravity Stone Fan   
10306004,Gravity Stone Fan   
10306005,Gravity Stone Fan   
10306006,Gravity Stone Fan   
10306007,Gravity Stone Fan   
10306008,Gravity Stone Fan   
10306009,Gravity Stone Fan   
10306010,Gravity Stone Fan   
10306011,Gravity Stone Fan   
10306012,Gravity Stone Fan   
10306013,Gravity Stone Fan   
10306014,Gravity Stone Fan   
10306015,Gravity Stone Fan   
10306016,Gravity Stone Fan   
10306017,Gravity Stone Fan   
10306018,Gravity Stone Fan   
10306019,Gravity Stone Fan   
10306020,Gravity Stone Fan   
10306021,Gravity Stone Fan   
10306022,Gravity Stone Fan   
10307000,Gravity Stone Chunk   
10307001,Gravity Stone Chunk   
10307002,Gravity Stone Chunk   
10307003,Gravity Stone Chunk   
10307004,Gravity Stone Chunk   
10308000,Wraith Calling Bell   
10331000,Warming Stone   
10331001,Warming Stone   
10331100,Frenzyflame Stone   
10331101,Frenzyflame Stone   
10335000,Bewitching Branch   
10335001,Bewitching Branch   
10350000,Uplifting Aromatic   
10351000,Spark Aromatic   
10351001,Spark Aromatic   
10352000,Ironjar Aromatic   
10355000,Bloodboil Aromatic   
10358000,Poison Spraymist   
10358001,Poison Spraymist   Hit   
10361000,Acid Spraymist   
10361001,Acid Spraymist   Hit   
10400000,Glintstone Pebble   Uncharged   
10400099,Glintstone Pebble   Charged   
10400100,Gr- Glintstone Shard   Uncharged   
10400199,Gr- Glintstone Shard   Charged   
10401000,Swift Glintstone Shard   
10402000,Glintstone Cometshard   Uncharged   
10402050,Glintstone Cometshard   Charged   
10402100,Comet   Uncharged   
10402150,Comet   Charged   
10402151,Comet   Hit   
10403000,Shard Spiral   Uncharged   
10403001,Shard Spiral   Emitted   
10403050,Shard Spiral   Charged   
10403051,Shard Spiral   Emitted   
10404000,Glintstone Stars   Emitter 1 Uncharged   
10404001,Glintstone Stars   
10404002,Glintstone Stars   
10404003,Glintstone Stars   
10404004,Glintstone Stars   
10404005,Glintstone Stars   
10404006,Glintstone Stars   
10404007,Glintstone Stars   
10404008,Glintstone Stars   
10404009,Glintstone Stars   
10404010,Glintstone Stars   
10404011,Glintstone Stars   
10404050,Glintstone Stars   Emitter 2 Charged   
10404051,Glintstone Stars   
10404052,Glintstone Stars   
10404053,Glintstone Stars   
10404054,Glintstone Stars   
10404055,Glintstone Stars   
10404056,Glintstone Stars   
10404057,Glintstone Stars   
10404058,Glintstone Stars   
10404059,Glintstone Stars   
10404060,Glintstone Stars   
10404061,Glintstone Stars   
10404099,Glintstone Stars   
10405000,Star Shower   Emitter 1 Uncharged   
10405001,Star Shower   
10405002,Star Shower   
10405003,Star Shower   
10405004,Star Shower   
10405005,Star Shower   
10405006,Star Shower   
10405007,Star Shower   
10405008,Star Shower   
10405009,Star Shower   
10405010,Star Shower   
10405011,Star Shower   
10405012,Star Shower   
10405013,Star Shower   
10405014,Star Shower   
10405015,Star Shower   
10405016,Star Shower   
10405017,Star Shower   
10405018,Star Shower   
10405019,Star Shower   
10405020,Star Shower   
10405021,Star Shower   
10405022,Star Shower   
10405023,Star Shower   
10405050,Star Shower   Emitter 2 Charged   
10405051,Star Shower   
10405052,Star Shower   
10405053,Star Shower   
10405054,Star Shower   
10405055,Star Shower   
10405056,Star Shower   
10405057,Star Shower   
10405058,Star Shower   
10405059,Star Shower   
10405060,Star Shower   
10405061,Star Shower   
10405062,Star Shower   
10405063,Star Shower   
10405064,Star Shower   
10405065,Star Shower   
10405066,Star Shower   
10405067,Star Shower   
10405068,Star Shower   
10405069,Star Shower   
10405070,Star Shower   
10405071,Star Shower   
10405072,Star Shower   
10405073,Star Shower   
10405099,Star Shower   
10406000,Crystal Barrage   
10406001,Crystal Barrage   
10406099,Crystal Barrage   
10407000,Glintstone Arc   
10407001,Glintstone Arc   
10407002,Glintstone Arc   
10407003,Glintstone Arc   
10407004,Glintstone Arc   
10407005,Glintstone Arc   
10407006,Glintstone Arc   
10407007,Glintstone Arc   
10407099,Glintstone Arc   Charged   
10408000,Cannon Of Haima   Uncharged   
10408001,Cannon Of Haima   
10408050,Cannon Of Haima   Charged   
10408051,Cannon Of Haima   
10409000,Crystal Burst   Uncharged   
10409001,Crystal Burst   
10409002,Crystal Burst   
10409050,Crystal Burst   Charged   
10409051,Crystal Burst   
10409052,Crystal Burst   
10410000,Shatter Earth   
10410001,Shatter Earth   
10410002,Shatter Earth   
10411000,Rock Blaster   
10411010,Rock Blaster   
10411011,Rock Blaster   
10411012,Rock Blaster   
10411013,Rock Blaster   
10411014,Rock Blaster   
10411015,Rock Blaster   
10412000,Gavel Of Haima   
10412001,Gavel Of Haima   
10413000,Terra Magicus   
10413001,Terra Magicus   
10413002,Terra Magicus   
10413003,Terra Magicus   
10420000,Comet Azur   Constant Close Attack   
10420001,Comet Azur   Infrequent Stagger Bullet   
10420002,Comet Azur   Constant Projectile   
10420003,Comet Azur   Release Final Bullet   
10420004,Comet Azur   Intial Cast Close Knockback   
10421000,Founding Rain Of Stars   Uncharged   
10421001,Founding Rain Of Stars   
10421002,Founding Rain Of Stars   
10421003,Founding Rain Of Stars   
10421004,Founding Rain Of Stars   
10421005,Founding Rain Of Stars   
10421006,Founding Rain Of Stars   
10421007,Founding Rain Of Stars   
10421008,Founding Rain Of Stars   
10421050,Founding Rain Of Stars   Charged   
10421051,Founding Rain Of Stars   
10421052,Founding Rain Of Stars   
10421053,Founding Rain Of Stars   
10421054,Founding Rain Of Stars   
10421055,Founding Rain Of Stars   
10421056,Founding Rain Of Stars   
10421057,Founding Rain Of Stars   
10421058,Founding Rain Of Stars   
10422000,Stars Of Ruin   Uncharged   
10422001,Stars Of Ruin   
10422002,Stars Of Ruin   
10422003,Stars Of Ruin   
10422004,Stars Of Ruin   
10422005,Stars Of Ruin   
10422006,Stars Of Ruin   
10422007,Stars Of Ruin   
10422008,Stars Of Ruin   
10422009,Stars Of Ruin   
10422010,Stars Of Ruin   
10422011,Stars Of Ruin   
10422015,Stars Of Ruin   
10422016,Stars Of Ruin   
10422017,Stars Of Ruin   
10422018,Stars Of Ruin   
10422019,Stars Of Ruin   
10422020,Stars Of Ruin   
10422021,Stars Of Ruin   
10422022,Stars Of Ruin   
10422023,Stars Of Ruin   
10422024,Stars Of Ruin   
10422025,Stars Of Ruin   
10422026,Stars Of Ruin   
10422030,Stars Of Ruin   
10422031,Stars Of Ruin   
10422032,Stars Of Ruin   
10422033,Stars Of Ruin   
10422034,Stars Of Ruin   
10422035,Stars Of Ruin   
10422036,Stars Of Ruin   
10422037,Stars Of Ruin   
10422050,Stars Of Ruin   Charged   
10422051,Stars Of Ruin   
10422052,Stars Of Ruin   
10422053,Stars Of Ruin   
10422054,Stars Of Ruin   
10422055,Stars Of Ruin   
10422056,Stars Of Ruin   
10422057,Stars Of Ruin   
10422058,Stars Of Ruin   
10422059,Stars Of Ruin   
10422060,Stars Of Ruin   
10422061,Stars Of Ruin   
10422065,Stars Of Ruin   
10422066,Stars Of Ruin   
10422067,Stars Of Ruin   
10422068,Stars Of Ruin   
10422069,Stars Of Ruin   
10422070,Stars Of Ruin   
10422071,Stars Of Ruin   
10422072,Stars Of Ruin   
10422073,Stars Of Ruin   
10422074,Stars Of Ruin   
10422075,Stars Of Ruin   
10422076,Stars Of Ruin   
10422080,Stars Of Ruin   
10422081,Stars Of Ruin   
10422082,Stars Of Ruin   
10422083,Stars Of Ruin   
10422084,Stars Of Ruin   
10422085,Stars Of Ruin   
10422086,Stars Of Ruin   
10422087,Stars Of Ruin   
10422098,Stars Of Ruin   
10422099,Stars Of Ruin   
10430000,Glintblade Phalanx   
10430001,Glintblade Phalanx   
10430100,Carian Phalanx   
10430101,Carian Phalanx   
10430200,Gr-Blade Phalanx   
10430201,Gr-Blade Phalanx   
10436000,Rennalas Full Moon   
10436001,Rennalas Full Moon   
10436002,Rennalas Full Moon   
10436100,Rannis Dark Moon   
10436101,Rannis Dark Moon   
10436102,Rannis Dark Moon   
10437000,Magic Downpour   Uncharged   
10437001,Magic Downpour   
10437002,Magic Downpour   
10437003,Magic Downpour   
10437004,Magic Downpour   
10437005,Magic Downpour   
10437050,Magic Downpour   Charged   
10437051,Magic Downpour   
10437052,Magic Downpour   
10437053,Magic Downpour   
10437054,Magic Downpour   
10437055,Magic Downpour   
10438000,Lorettas Gr-Bow   Uncharged   
10438001,Lorettas Gr-Bow   
10438050,Lorettas Gr-Bow   Charged   
10438051,Lorettas Gr-Bow   
10438100,Lorettas Mastery   Uncharged   
10438101,Lorettas Mastery   
10438102,Lorettas Mastery   
10438110,Lorettas Mastery   
10438111,Lorettas Mastery   
10438112,Lorettas Mastery   
10438150,Lorettas Mastery   Charged   
10438151,Lorettas Mastery   
10438152,Lorettas Mastery   
10438160,Lorettas Mastery   
10438161,Lorettas Mastery   
10438162,Lorettas Mastery   
10439000,Magic Glintblade   Uncharged   
10439001,Magic Glintblade   
10439002,Magic Glintblade   
10439003,Magic Glintblade   
10439050,Magic Glintblade   Charged   
10439051,Magic Glintblade   
10439052,Magic Glintblade   
10439053,Magic Glintblade   
10440000,Glintstone Icecrag   
10441000,Zamor Ice Storm   Uncharged   
10441001,Zamor Ice Storm   
10441002,Zamor Ice Storm   
10441009,Zamor Ice Storm   
10441050,Zamor Ice Storm   Charged   
10441051,Zamor Ice Storm   
10441052,Zamor Ice Storm   
10441059,Zamor Ice Storm   
10442000,Freezing Mist   Uncharged   
10442001,Freezing Mist   
10442050,Freezing Mist   Charged   
10442051,Freezing Mist   
10443100,Adulas Moonblade   
10443101,Adulas Moonblade   
10443110,Adulas Moonblade   
10443111,Adulas Moonblade   
10443120,Adulas Moonblade   
10443121,Adulas Moonblade   
10443130,Adulas Moonblade   
10443131,Adulas Moonblade   
10448000,Lucidity   
10448001,Lucidity   
10450000,Shattering Crystal   Uncharged   
10450001,Shattering Crystal   
10450002,Shattering Crystal   
10450003,Shattering Crystal   
10450004,Shattering Crystal   
10450050,Shattering Crystal   Charged   
10450051,Shattering Crystal   
10450052,Shattering Crystal   
10450053,Shattering Crystal   
10450054,Shattering Crystal   
10451000,Crystal Release   
10451001,Crystal Release   
10451002,Crystal Release   
10451010,Crystal Release   
10451011,Crystal Release   
10451012,Crystal Release   
10451020,Crystal Release   
10451021,Crystal Release   
10451022,Crystal Release   
10452000,Crystal Torrent   
10452001,Crystal Torrent   
10452002,Crystal Torrent   
10460000,Ambush Shard   
10460001,Ambush Shard   
10460002,Ambush Shard   
10460003,Ambush Shard   
10461000,Night Shard   
10461001,Night Shard   
10462000,Night Comet   Uncharged   
10462001,Night Comet   
10462050,Night Comet   Charged   
10462051,Night Comet   
10463000,Thopss Barrier   
10464000,Carian Retaliation   
10464001,Carian Retaliation   
10464002,Carian Retaliation   
10464003,Carian Retaliation   
10464010,Carian Retaliation   <Unused>   
10464011,Carian Retaliation   <Unused>   
10464012,Carian Retaliation   <Unused>   
10464013,Carian Retaliation   <Unused>   
10464020,Carian Retaliation   <Unused>   
10464021,Carian Retaliation   <Unused>   
10464022,Carian Retaliation   <Unused>   
10464023,Carian Retaliation   <Unused>   
10465000,Eternal Darkness   
10465001,Eternal Darkness   
10467001,Unseen Form   
10470000,Meteorite   
10470001,Meteorite   
10470002,Meteorite   Projectile   
10470003,Meteorite   
10470005,Meteorite   
10470006,Meteorite   
10470007,Meteorite   Projectile   
10470008,Meteorite   
10470010,Meteorite   
10470011,Meteorite   
10470012,Meteorite   Projectile   
10470013,Meteorite   
10470020,Meteorite   
10470021,Meteorite   
10470022,Meteorite   Projectile   
10470023,Meteorite   
10470030,Meteorite   
10470031,Meteorite   
10470032,Meteorite   Projectile   
10470033,Meteorite   
10470040,Meteorite   
10470041,Meteorite   
10470042,Meteorite   Projectile   
10470043,Meteorite   
10470100,Meteorite Of Astel   
10470101,Meteorite Of Astel   
10470102,Meteorite Of Astel   
10470103,Meteorite Of Astel   
10470104,Meteorite Of Astel   
10470105,Meteorite Of Astel   Projectile   
10470106,Meteorite Of Astel   
10470110,Meteorite Of Astel   
10470111,Meteorite Of Astel   
10470112,Meteorite Of Astel   
10470113,Meteorite Of Astel   
10470114,Meteorite Of Astel   
10470115,Meteorite Of Astel   Projectile   
10470120,Meteorite Of Astel   
10470121,Meteorite Of Astel   
10470122,Meteorite Of Astel   
10470125,Meteorite Of Astel   Projectile   
10470150,Meteorite Of Astel   
10470151,Meteorite Of Astel   
10470152,Meteorite Of Astel   
10471000,Rock Sling   Uncharged   
10471001,Rock Sling   
10471002,Rock Sling   
10471003,Rock Sling   
10471004,Rock Sling   
10471005,Rock Sling   
10471006,Rock Sling   
10471007,Rock Sling   
10471008,Rock Sling   
10471009,Rock Sling   
10471010,Rock Sling   
10471011,Rock Sling   
10471012,Rock Sling   
10471050,Rock Sling   Charged   
10471051,Rock Sling   
10471052,Rock Sling   
10471053,Rock Sling   
10471054,Rock Sling   
10471055,Rock Sling   
10471056,Rock Sling   
10471057,Rock Sling   
10471058,Rock Sling   
10471059,Rock Sling   
10471060,Rock Sling   
10471061,Rock Sling   
10471062,Rock Sling   
10472000,Gravity Well   Uncharged   
10472050,Gravity Well   Charged   
10472100,Collapsing Stars   Uncharged   
10472101,Collapsing Stars   
10472105,Collapsing Stars   
10472150,Collapsing Stars   Charged   
10472151,Collapsing Stars   
10472155,Collapsing Stars   
10480000,Magma Shot   Charged   
10480001,Magma Shot   
10480002,Magma Shot   
10480003,Magma Shot   
10480004,Magma Shot   
10480050,Magma Shot   Charged   
10480051,Magma Shot   
10480052,Magma Shot   
10480053,Magma Shot   
10480054,Magma Shot   
10481000,Gelmirs Fury   Uncharged   
10481001,Gelmirs Fury   
10481002,Gelmirs Fury   
10481003,Gelmirs Fury   
10481004,Gelmirs Fury   
10481005,Gelmirs Fury   
10481010,Gelmirs Fury   Charged   
10481011,Gelmirs Fury   
10481015,Gelmirs Fury   
10482000,Roiling Magma   Uncharged   
10482001,Roiling Magma   
10482002,Roiling Magma   
10482003,Roiling Magma   
10482004,Roiling Magma   
10482005,Roiling Magma   
10482006,Roiling Magma   
10482007,Roiling Magma   
10482050,Roiling Magma   Charged   
10482051,Roiling Magma   
10482052,Roiling Magma   
10482053,Roiling Magma   
10482054,Roiling Magma   
10482055,Roiling Magma   
10482056,Roiling Magma   
10482057,Roiling Magma   
10483000,Rykards Rancor   
10483001,Rykards Rancor   
10483002,Rykards Rancor   
10483003,Rykards Rancor   
10483004,Rykards Rancor   
10483005,Rykards Rancor   
10490000,Briars Of Sin   Uncharged   
10490001,Briars Of Sin   
10490002,Briars Of Sin   
10490090,Briars Of Sin   Charged   
10490091,Briars Of Sin   
10490092,Briars Of Sin   
10491000,Briars Of Punishment   Uncharged   
10491001,Briars Of Punishment   
10491002,Briars Of Punishment   
10491003,Briars Of Punishment   
10491004,Briars Of Punishment   
10491005,Briars Of Punishment   
10491006,Briars Of Punishment   
10491090,Briars Of Punishment   Charged   
10491091,Briars Of Punishment   
10491092,Briars Of Punishment   
10491093,Briars Of Punishment   
10491094,Briars Of Punishment   
10491095,Briars Of Punishment   
10491096,Briars Of Punishment   
10500000,Rancorcall   Uncharged   
10500001,Rancorcall   
10500002,Rancorcall   
10500005,Rancorcall   
10500050,Rancorcall   Charged   
10500051,Rancorcall   
10500052,Rancorcall   
10500055,Rancorcall   
10500099,Rancorcall   
10500100,Ancient Death Rancor   Uncharged   
10500101,Ancient Death Rancor   
10500102,Ancient Death Rancor   
10500105,Ancient Death Rancor   
10500150,Ancient Death Rancor   Charged   
10500151,Ancient Death Rancor   
10500152,Ancient Death Rancor   
10500155,Ancient Death Rancor   
10500199,Ancient Death Rancor   
10501000,Explosive Ghostflame   Uncharged   
10501001,Explosive Ghostflame   
10501002,Explosive Ghostflame   
10501003,Explosive Ghostflame   
10501004,Explosive Ghostflame   
10501005,Explosive Ghostflame   
10501006,Explosive Ghostflame   
10501007,Explosive Ghostflame   
10501008,Explosive Ghostflame   
10501009,Explosive Ghostflame   
10501010,Explosive Ghostflame   
10501020,Explosive Ghostflame   Charged   
10502000,Fias Mist   Uncharged   
10502001,Fias Mist   
10502050,Fias Mist   Charged   
10502051,Fias Mist   
10503000,Tibias Summons   Uncharged   
10503001,Tibias Summons   
10503002,Tibias Summons   
10503003,Tibias Summons   
10503004,Tibias Summons   
10503010,Tibias Summons   Charged   
10503011,Tibias Summons   
10504000,Death Lightning   Uncharged   
10504001,Death Lightning   
10504002,Death Lightning   
10504003,Death Lightning   
10504004,Death Lightning   
10504050,Death Lightning   Charged   
10504051,Death Lightning   
10504052,Death Lightning   
10504053,Death Lightning   
10504054,Death Lightning   
10510000,Oracle Bubbles   Uncharged   
10510001,Oracle Bubbles   
10510002,Oracle Bubbles   
10510050,Oracle Bubbles   Charged   
10510051,Oracle Bubbles   
10510052,Oracle Bubbles   
10510099,Oracle Bubbles   
10511000,Gr- Oracular Bubble   Uncharged   
10511001,Gr- Oracular Bubble   
10511050,Gr- Oracular Bubble   Charged   
10511051,Gr- Oracular Bubble   
10600000,Catch Flame   
10600001,Catch Flame   
10600002,Catch Flame   
10600005,Catch Flame   
10600006,Catch Flame   
10600100,O Flame   Uncharged   
10600101,O Flame   
10600105,O Flame   
10600106,O Flame   
10600150,O Flame   Charged   
10600151,O Flame   
10600155,O Flame   
10600156,O Flame   
10601000,Flame Sling   Uncharged   
10601001,Flame Sling   
10601050,Flame Sling   Charged   
10601051,Flame Sling   
10602000,Flame Fall Upon Them   Uncharged   
10602001,Flame Fall Upon Them   
10602002,Flame Fall Upon Them   
10602050,Flame Fall Upon Them   Charged   
10602051,Flame Fall Upon Them   
10602052,Flame Fall Upon Them   
10603000,Whirl O Flame   Uncharged   
10603050,Whirl O Flame   Charged   
10603099,Whirl O Flame   
10604000,Flame Cleanse Me   
10604001,Flame Cleanse Me   
10604002,Flame Cleanse Me   
10610000,Giantsflame Take Thee   Uncharged   
10610001,Giantsflame Take Thee   
10610050,Giantsflame Take Thee   Charged   
10610051,Giantsflame Take Thee   
10611000,Flame Of The Fell God   
10611001,Flame Of The Fell God   
10611002,Flame Of The Fell God   
10611003,Flame Of The Fell God   
10611004,Flame Of The Fell God   
10611005,Flame Of The Fell God   
10611006,Flame Of The Fell God   
10611007,Flame Of The Fell God   
10611008,Flame Of The Fell God   
10611009,Flame Of The Fell God   
10612000,Burn O Flame = Flame Pillars   Uncharged   
10612001,Burn O Flame = Flame Pillars   
10612002,Burn O Flame = Flame Pillars   
10612003,Burn O Flame = Flame Pillars   
10612004,Burn O Flame = Flame Pillars   
10612005,Burn O Flame = Flame Pillars   
10612050,Burn O Flame = Flame Pillars   Charged   
10612051,Burn O Flame = Flame Pillars   
10612052,Burn O Flame = Flame Pillars   
10612053,Burn O Flame = Flame Pillars   
10612054,Burn O Flame = Flame Pillars   
10612055,Burn O Flame = Flame Pillars   
10621000,Black Flame Uncharged   
10621001,Black Flame   
10621050,Black Flame Charged   
10621051,Black Flame   
10622000,Surge O Flame   
10623000,Scouring Black Flame   Uncharged   
10623001,Scouring Black Flame   
10623050,Scouring Black Flame   Charged   
10623051,Scouring Black Flame   
10624000,Noble Presence   Uncharged   
10624001,Noble Presence   
10624050,Noble Presence   Charged   
10624051,Noble Presence   
10625000,Black Flame Ritual   Uncharged   
10625001,Black Flame Ritual   
10625002,Black Flame Ritual   
10625003,Black Flame Ritual   
10625050,Black Flame Ritual   Charged   
10625051,Black Flame Ritual   
10625052,Black Flame Ritual   
10625053,Black Flame Ritual   
10630000,Bloodflame Talons   
10630001,Bloodflame Talons   
10631000,Bloodboon   
10631001,Bloodboon   
10631002,Bloodboon   
10631005,Bloodboon   
10633000,Barrier Of Gold   
10633001,Barrier Of Gold   
10634000,Protection Of The Erdtree   
10634001,Protection Of The Erdtree   
10640000,Rejection Uncharged   
10640050,Rejection Charged   
10641000,Wrath Of Gold Uncharged   
10641050,Wrath Of Gold Charged   
10642000,Urgent Heal   
10642100,Heal   
10642101,Heal   
10642200,Gr- Heal   
10642201,Gr- Heal   
10642300,Lords Heal   
10642301,Lords Heal   
10642400,Erdtree Heal   
10642401,Erdtree Heal   
10643000,Blessings Boon   
10643001,Blessings Boon   
10643100,Blessing Of The Erdtree   
10643101,Blessing Of The Erdtree   
10644000,Cure Poison   
10644100,Lords Aid   
10644101,Lords Aid   
10644110,Lords Aid Allies   
10644111,Lords Aid Allies   
10649000,Lords Divine Fortification   
10649001,Lords Divine Fortification Allies   
10650000,Night Maidens Mist Uncharged   
10650001,Night Maidens Mist   
10650002,Night Maidens Mist   
10650050,Night Maidens Mist Charged   
10650051,Night Maidens Mist   
10650052,Night Maidens Mist   
10651001,Assassins Approach   
10652000,Shadow Bait   
10652001,Shadow Bait   
10653000,Darkness   
10653001,Darkness   
10660000,Golden Vow   
10670000,Discus Of Light   
10670001,Discus Of Light   
10670002,Discus Of Light   
10670003,Discus Of Light   
10670100,Triple Rings Of Light   
10670101,Triple Rings Of Light   
10670102,Triple Rings Of Light   
10670103,Triple Rings Of Light   
10670105,Triple Rings Of Light   
10671000,Radagons Rings Of Light Uncharged   
10671001,Radagons Rings Of Light   
10671050,Radagons Rings Of Light Charged   
10671051,Radagons Rings Of Light   
10672000,Elden Stars   
10672001,Elden Stars   
10672002,Elden Stars   
10672003,Elden Stars   
10672004,Elden Stars   
10672005,Elden Stars   
10672006,Elden Stars   
10673000,Law Of Regression   
10673001,Law Of Regression   
10673002,Law Of Regression   
10673010,Law Of Regression   
10673011,Law Of Regression   
10673012,Law Of Regression   
10673013,Law Of Regression   
10675000,Litany Of Proper Death   
10675001,Litany Of Proper Death   
10675002,Litany Of Proper Death   
10675003,Litany Of Proper Death   
10675004,Litany Of Proper Death   
10675005,Litany Of Proper Death   
10675006,Litany Of Proper Death   
10675007,Litany Of Proper Death   
10675008,Litany Of Proper Death   
10675009,Litany Of Proper Death   
10675010,Litany Of Proper Death   
10675011,Litany Of Proper Death   
10675012,Litany Of Proper Death   
10675013,Litany Of Proper Death   
10675014,Litany Of Proper Death   
10675015,Litany Of Proper Death   
10676000,Law Of Causality   
10676001,Law Of Causality   
10678000,Order Healing   
10680000,Bestial Sling   
10680001,Bestial Sling   
10681000,Stone Of Gurranq   
10681001,Stone Of Gurranq   
10682000,Beast Claw   Uncharged   
10682001,Beast Claw   
10682002,Beast Claw   
10682003,Beast Claw   
10682004,Beast Claw   
10682005,Beast Claw   
10682006,Beast Claw   
10682050,Beast Claw   Charged   
10682051,Beast Claw   
10682052,Beast Claw   
10682053,Beast Claw   
10682054,Beast Claw   
10682055,Beast Claw   
10682056,Beast Claw   
10682057,Beast Claw   
10682058,Beast Claw   
10682059,Beast Claw   
10682060,Beast Claw   
10682061,Beast Claw   
10682062,Beast Claw   
10683000,Gurranqs Beast Claw   
10683001,Gurranqs Beast Claw   
10683002,Gurranqs Beast Claw   
10683003,Gurranqs Beast Claw   
10683004,Gurranqs Beast Claw   
10683005,Gurranqs Beast Claw   
10683006,Gurranqs Beast Claw   
10683007,Gurranqs Beast Claw   
10683008,Gurranqs Beast Claw   
10686000,Bestial Constitution   
10686001,Bestial Constitution   
10690000,Lightning Spear   Uncharged   
10690001,Lightning Spear   
10690002,Lightning Spear   
10690003,Lightning Spear   
10690004,Lightning Spear   
10690050,Lightning Spear   Charged   
10690051,Lightning Spear   
10690052,Lightning Spear   
10690053,Lightning Spear   
10690054,Lightning Spear   
10690055,Lightning Spear   
10690056,Lightning Spear   
10690057,Lightning Spear   
10690058,Lightning Spear   
10690059,Lightning Spear   
10691000,Ancient Dragons' Lightning Strike   Uncharged   
10691001,Ancient Dragons' Lightning Strike   
10691002,Ancient Dragons' Lightning Strike   
10691003,Ancient Dragons' Lightning Strike   
10691004,Ancient Dragons' Lightning Strike   
10691005,Ancient Dragons' Lightning Strike   
10691010,Ancient Dragons' Lightning Strike   Charged   
10691011,Ancient Dragons' Lightning Strike   
10691012,Ancient Dragons' Lightning Strike   
10691013,Ancient Dragons' Lightning Strike   
10691014,Ancient Dragons' Lightning Strike   
10691015,Ancient Dragons' Lightning Strike   
10691016,Ancient Dragons' Lightning Strike   
10691020,Ancient Dragons' Lightning Strike   Uncharged   
10691021,Ancient Dragons' Lightning Strike   
10691022,Ancient Dragons' Lightning Strike   
10691023,Ancient Dragons' Lightning Strike   
10691024,Ancient Dragons' Lightning Strike   
10691025,Ancient Dragons' Lightning Strike   
10691050,Ancient Dragons' Lightning Strike   Charged   
10691051,Ancient Dragons' Lightning Strike   
10691052,Ancient Dragons' Lightning Strike   
10691053,Ancient Dragons' Lightning Strike   
10691054,Ancient Dragons' Lightning Strike   
10691055,Ancient Dragons' Lightning Strike   
10691060,Ancient Dragons' Lightning Strike   Uncharged   
10691061,Ancient Dragons' Lightning Strike   
10691062,Ancient Dragons' Lightning Strike   
10691063,Ancient Dragons' Lightning Strike   
10691064,Ancient Dragons' Lightning Strike   
10691065,Ancient Dragons' Lightning Strike   
10691066,Ancient Dragons' Lightning Strike   
10691070,Ancient Dragons' Lightning Strike   Charged   
10691071,Ancient Dragons' Lightning Strike   
10691072,Ancient Dragons' Lightning Strike   
10691073,Ancient Dragons' Lightning Strike   
10691074,Ancient Dragons' Lightning Strike   
10691075,Ancient Dragons' Lightning Strike   
10692000,Lightning Strike   
10692002,Lightning Strike   
10692003,Lightning Strike   
10692004,Lightning Strike   
10692005,Lightning Strike   
10692006,Lightning Strike   
10692009,Lightning Strike   
10692010,Lightning Strike   
10692011,Lightning Strike   
10692012,Lightning Strike   
10692013,Lightning Strike   
10692014,Lightning Strike   
10692015,Lightning Strike   
10692016,Lightning Strike   
10692100,Frozen Lightning Spear   
10692101,Frozen Lightning Spear   
10692102,Frozen Lightning Spear   
10692103,Frozen Lightning Spear   
10692104,Frozen Lightning Spear   
10692105,Frozen Lightning Spear   
10692106,Frozen Lightning Spear   
10692107,Frozen Lightning Spear   
10692109,Frozen Lightning Spear   
10692110,Frozen Lightning Spear   
10692111,Frozen Lightning Spear   
10692112,Frozen Lightning Spear   
10693000,Honed Bolt   
10693001,Honed Bolt   
10693002,Honed Bolt   
10693003,Honed Bolt   
10693004,Honed Bolt   
10693005,Honed Bolt   
10693006,Honed Bolt   
10693007,Honed Bolt   
10693008,Honed Bolt   
10694000,Ancient Dragons Lightning Spear   
10694001,Ancient Dragons Lightning Spear   
10694002,Ancient Dragons Lightning Spear   
10694003,Ancient Dragons Lightning Spear   
10694004,Ancient Dragons Lightning Spear   
10694005,Ancient Dragons Lightning Spear   
10694006,Ancient Dragons Lightning Spear   
10694007,Ancient Dragons Lightning Spear   
10694008,Ancient Dragons Lightning Spear   
10694009,Ancient Dragons Lightning Spear   
10694010,Ancient Dragons Lightning Spear   
10694011,Ancient Dragons Lightning Spear   
10694012,Ancient Dragons Lightning Spear   
10694013,Ancient Dragons Lightning Spear   
10694014,Ancient Dragons Lightning Spear   
10694015,Ancient Dragons Lightning Spear   
10694100,Fortissaxs Lightning Spear   Uncharged   
10694101,Fortissaxs Lightning Spear   
10694102,Fortissaxs Lightning Spear   
10694103,Fortissaxs Lightning Spear   
10694104,Fortissaxs Lightning Spear   
10694105,Fortissaxs Lightning Spear   
10694106,Fortissaxs Lightning Spear   
10694107,Fortissaxs Lightning Spear   
10694108,Fortissaxs Lightning Spear   
10694109,Fortissaxs Lightning Spear   
10694110,Fortissaxs Lightning Spear   
10694111,Fortissaxs Lightning Spear   
10694112,Fortissaxs Lightning Spear   
10694113,Fortissaxs Lightning Spear   
10694114,Fortissaxs Lightning Spear   
10694115,Fortissaxs Lightning Spear   
10694150,Fortissaxs Lightning Spear   Charged   
10694151,Fortissaxs Lightning Spear   
10694152,Fortissaxs Lightning Spear   
10694153,Fortissaxs Lightning Spear   
10694154,Fortissaxs Lightning Spear   
10694155,Fortissaxs Lightning Spear   
10694156,Fortissaxs Lightning Spear   
10694157,Fortissaxs Lightning Spear   
10694158,Fortissaxs Lightning Spear   
10694159,Fortissaxs Lightning Spear   
10694160,Fortissaxs Lightning Spear   
10694161,Fortissaxs Lightning Spear   
10694162,Fortissaxs Lightning Spear   
10694163,Fortissaxs Lightning Spear   
10694164,Fortissaxs Lightning Spear   
10694165,Fortissaxs Lightning Spear   
10695000,Lansseaxs Glaive   
10695001,Lansseaxs Glaive   
10695002,Lansseaxs Glaive   
10695003,Lansseaxs Glaive   
10695004,Lansseaxs Glaive   
10695005,Lansseaxs Glaive   
10695006,Lansseaxs Glaive   
10695007,Lansseaxs Glaive   
10695008,Lansseaxs Glaive   
10695009,Lansseaxs Glaive   
10695010,Lansseaxs Glaive   
10695011,Lansseaxs Glaive   
10695012,Lansseaxs Glaive   
10695013,Lansseaxs Glaive   
10700000,Dragon Fire   
10700001,Dragon Fire   
10700002,Dragon Fire   
10700100,Agheels Flame   
10700101,Agheels Flame   
10700102,Agheels Flame   
10700110,Agheels Flame   
10701000,Magma Breath   
10701001,Magma Breath   
10701002,Magma Breath   
10701003,Magma Breath   
10701004,Magma Breath   
10701005,Magma Breath   
10701008,Magma Breath   
10701009,Magma Breath   
10701010,Magma Breath   
10701100,Theodorixs Magma   
10701101,Theodorixs Magma   
10701102,Theodorixs Magma   
10701103,Theodorixs Magma   
10701104,Theodorixs Magma   
10701105,Theodorixs Magma   
10701108,Theodorixs Magma   
10701109,Theodorixs Magma   
10701110,Theodorixs Magma   
10702000,Dragon Ice   
10702001,Dragon Ice   
10702002,Dragon Ice   
10702100,Borealiss Mist   
10702101,Borealiss Mist   
10702102,Borealiss Mist   
10702110,Borealiss Mist   
10702120,Borealiss Mist   
10702121,Borealiss Mist   
10702122,Borealiss Mist   
10703000,Rotten Breath   
10703001,Rotten Breath   
10703002,Rotten Breath   
10703100,Ekzykess Decay   
10703101,Ekzykess Decay   
10703102,Ekzykess Decay   
10703110,Ekzykess Decay   
10703120,Ekzykess Decay   
10703121,Ekzykess Decay   
10703122,Ekzykess Decay   
10704000,Glintstone Breath   
10704001,Glintstone Breath   
10704002,Glintstone Breath   
10704100,Smarags Glintstone Breath   
10704101,Smarags Glintstone Breath   
10704102,Smarags Glintstone Breath   
10704110,Smarags Glintstone Breath   
10705000,Placidusaxs Ruin   
10705001,Placidusaxs Ruin   
10705002,Placidusaxs Ruin   
10705003,Placidusaxs Ruin   
10705004,Placidusaxs Ruin   
10705010,Placidusaxs Ruin   
10706000,Dragonclaw   
10706001,Dragonclaw   
10706002,Dragonclaw   
10706003,Dragonclaw   
10709000,Greyolls Roar   
10709001,Greyolls Roar   
10720000,Pest Threads   Midleft   
10720001,Pest Threads   Midright   
10720002,Pest Threads   Rightmost   
10720003,Pest Threads   Leftmost   
10720004,Pest Threads   
10720005,Pest Threads   
10721000,Swarm Of Flies   
10721001,Swarm Of Flies   
10722000,Poison Mist   
10722001,Poison Mist   
10724000,Scarlet Aeonia   
10724001,Scarlet Aeonia   
10730000,Inescapable Frenzy   
10730001,Inescapable Frenzy   
10731000,The Flame Of Frenzy   Uncharged   
10731001,The Flame Of Frenzy   
10731002,The Flame Of Frenzy   
10731005,The Flame Of Frenzy   
10731006,The Flame Of Frenzy   
10731010,The Flame Of Frenzy   
10731050,The Flame Of Frenzy   Charged   
10731051,The Flame Of Frenzy   
10731052,The Flame Of Frenzy   
10731055,The Flame Of Frenzy   
10731056,The Flame Of Frenzy   
10731060,The Flame Of Frenzy   
10731100,Unendurable Frenzy   Frenzy On User Is Set In Magicparam Ref. Id   
10731103,Unendurable Frenzy   Frenzy On User Is Set In Magicparam Ref. Id   
10731104,Unendurable Frenzy   Frenzy On User Is Set In Magicparam Ref. Id   
10731105,Unendurable Frenzy   On Release Part Frenzy On User Is Set In Magicparam Ref. Id   
10731106,Unendurable Frenzy   On Release Part Frenzy On User Is Set In Magicparam Ref. Id   
10731107,Unendurable Frenzy   On Release Part Frenzy On User Is Set In Magicparam Ref. Id   
10731108,Unendurable Frenzy   On Release Part Frenzy On User Is Set In Magicparam Ref. Id   
10731110,Unendurable Frenzy   Frenzy On User Is Set In Magicparam Ref. Id   
10731115,Unendurable Frenzy   
10731116,Unendurable Frenzy   
10731117,Unendurable Frenzy   
10731180,Unendurable Frenzy Frenzy On User Is Set In Bulletparam Effect Id For Target   
10731183,Unendurable Frenzy Frenzy On User Is Set In Bulletparam Effect Id For Target   
10731184,Unendurable Frenzy Frenzy On User Is Set In Bulletparam Effect Id For Target   
10731185,Unendurable Frenzy On Release Part Frenzy On User Is Set In Bulletparam Effect Id For Target   
10731186,Unendurable Frenzy On Release Part Frenzy On User Is Set In Bulletparam Effect Id For Target   
10731187,Unendurable Frenzy On Release Part Frenzy On User Is Set In Bulletparam Effect Id For Target   
10731188,Unendurable Frenzy On Release Part Frenzy On User Is Set In Bulletparam Effect Id For Target   
10731190,Unendurable Frenzy On User Is Set In Bulletparam Effect Id For Target   
10731195,Unendurable Frenzy   
10731196,Unendurable Frenzy   
10731197,Unendurable Frenzy   
10732000,Frenzied Burst   
10732050,Frenzied Burst Charged   
10733000,Howl Of Shabriri   
10733001,Howl Of Shabriri   
10752000,Aspects Of The Crucible Breath   
10752001,Aspects Of The Crucible Breath   
10753000,Black Blade   
10753001,Black Blade   
10753010,Black Blade   
10753011,Black Blade   
10753020,Black Blade   
10753021,Black Blade   
10753030,Black Blade   
10753031,Black Blade   
10790000,Fires Deadly Sin   
10790001,Fires Deadly Sin   
10790050,Fires Deadly Sin Charged   
10790051,Fires Deadly Sin   
10790099,Fires Deadly Sin   
10790300,Golden Lightning Fortification   
10790301,Golden Lightning Fortification   
10999999,Rock Blaster / Death Lightning / Whirl O Flame! / Burn O Flame! / Scouring Black Flame   
11101600,Fire Explosion Projectile That Damages Player Sfx Id 332200   
11101700,Fire Explosion Projectile+Hit Effect That Damages Player Sfx Id 332200+Sfx Id 332201   
11101790,Small Orange Circular Effect Causes Air Juggle Knockback On Player   
11101791,
20000000,Regular Arrow   
20000001,Regular Arrow   
20000005,Regular Arrow   
20000010,[AoW]   Arrow Mighty Shot   
20000011,[AoW]   Arrow Mighty Shot   
20000015,[AoW]   Arrow Mighty Shot   
20000016,[AoW]   Arrow Mighty Shot   
20000020,[AoW]   Arrow Barrage   
20000025,[AoW]   Arrow Barrage   
20000030,[AoW]   Arrow Enchanted Shot   
20000035,[AoW]   Arrow Enchanted Shot   
20000040,[AoW]   Arrow Sky Shot   
20000045,[AoW]   Arrow Sky Shot   
20000050,[AoW]   Arrow Rain Of Arrows   
20000051,[AoW]   Arrow Rain Of Arrows   
20000052,[AoW]   Arrow Rain Of Arrows   
20000053,[AoW]   Arrow Rain Of Arrows Emitter   
20000054,[AoW]   Arrow Rain Of Arrows   
20000055,[AoW]   Arrow Rain Of Arrows   
20000056,[AoW]   Arrow Rain Of Arrows   
20000057,[AoW]   Arrow Rain Of Arrows   
20000058,[AoW]   Arrow Rain Of Arrows   
20000059,[AoW]   Arrow Rain Of Arrows   
20000070,[AoW]   Arrow Through And Through   
20000075,[AoW]   Arrow Through And Through   
20000100,Fire Arrow   
20000101,Fire Arrow   
20000105,Fire Arrow   
20000110,[AoW]   Fire Arrow Mighty Shot   
20000111,[AoW]   Fire Arrow Mighty Shot   
20000115,[AoW]   Fire Arrow Mighty Shot   
20000116,[AoW]   Fire Arrow Mighty Shot   
20000120,[AoW]   Fire Arrow Barrage   
20000125,[AoW]   Fire Arrow Barrage   
20000130,[AoW]   Fire Arrow Enchanted Shot   
20000135,[AoW]   Fire Arrow Enchanted Shot   
20000140,[AoW]   Fire Arrow Sky Shot   
20000145,[AoW]   Fire Arrow Sky Shot   
20000150,[AoW]   Fire Arrow Rain Of Arrows   
20000151,[AoW]   Fire Arrow Rain Of Arrows   
20000152,[AoW]   Fire Arrow Rain Of Arrows   
20000153,[AoW]   Fire Arrow Rain Of Arrows Emitter   
20000154,[AoW]   Fire Arrow Rain Of Arrows   
20000155,[AoW]   Fire Arrow Rain Of Arrows   
20000156,[AoW]   Fire Arrow Rain Of Arrows   
20000157,[AoW]   Fire Arrow Rain Of Arrows   
20000158,[AoW]   Fire Arrow Rain Of Arrows   
20000159,[AoW]   Fire Arrow Rain Of Arrows   
20000170,[AoW]   Fire Arrow Through And Through   
20000175,[AoW]   Fire Arrow Through And Through   
20000200,Serpent Arrow   
20000201,Serpent Arrow   
20000205,Serpent Arrow   
20000210,[AoW]   Serpent Arrow Mighty Shot   
20000211,[AoW]   Serpent Arrow Mighty Shot   
20000215,[AoW]   Serpent Arrow Mighty Shot   
20000216,[AoW]   Serpent Arrow Mighty Shot   
20000220,[AoW]   Serpent Arrow Barrage   
20000225,[AoW]   Serpent Arrow Barrage   
20000230,[AoW]   Serpent Arrow Enchanted Shot   
20000235,[AoW]   Serpent Arrow Enchanted Shot   
20000240,[AoW]   Serpent Arrow Sky Shot   
20000245,[AoW]   Serpent Arrow Sky Shot   
20000250,[AoW]   Serpent Arrow Rain Of Arrows   
20000251,[AoW]   Serpent Arrow Rain Of Arrows   
20000252,[AoW]   Serpent Arrow Rain Of Arrows   
20000253,[AoW]   Serpent Arrow Rain Of Arrows Emitter   
20000254,[AoW]   Serpent Arrow Rain Of Arrows   
20000255,[AoW]   Serpent Arrow Rain Of Arrows   
20000256,[AoW]   Serpent Arrow Rain Of Arrows   
20000257,[AoW]   Serpent Arrow Rain Of Arrows   
20000258,[AoW]   Serpent Arrow Rain Of Arrows   
20000259,[AoW]   Serpent Arrow Rain Of Arrows   
20000270,[AoW]   Serpent Arrow Through And Through   
20000275,[AoW]   Serpent Arrow Through And Through   
20000300,Fletched Bone Arrow   
20000301,Fletched Bone Arrow   
20000305,Fletched Bone Arrow   
20000310,[AoW]   Fletched Bone Arrow   Mighty Shot   
20000311,[AoW]   Fletched Bone Arrow   Mighty Shot   
20000315,[AoW]   Fletched Bone Arrow   Mighty Shot   
20000316,[AoW]   Fletched Bone Arrow   Mighty Shot   
20000320,[AoW]   Fletched Bone Arrow   Barrage   
20000325,[AoW]   Fletched Bone Arrow   Barrage   
20000330,[AoW]   Fletched Bone Arrow   Enchanted Shot   
20000335,[AoW]   Fletched Bone Arrow   Enchanted Shot   
20000340,[AoW]   Fletched Bone Arrow   Sky Shot   
20000345,[AoW]   Fletched Bone Arrow   Sky Shot   
20000350,[AoW]   Fletched Bone Arrow   Rain Of Arrows   
20000351,[AoW]   Fletched Bone Arrow   Rain Of Arrows   
20000352,[AoW]   Fletched Bone Arrow   Rain Of Arrows   
20000353,[AoW]   Fletched Bone Arrow   Rain Of Arrows Emitter   
20000354,[AoW]   Fletched Bone Arrow   Rain Of Arrows   
20000355,[AoW]   Fletched Bone Arrow   Rain Of Arrows   
20000356,[AoW]   Fletched Bone Arrow   Rain Of Arrows   
20000357,[AoW]   Fletched Bone Arrow   Rain Of Arrows   
20000358,[AoW]   Fletched Bone Arrow   Rain Of Arrows   
20000359,[AoW]   Fletched Bone Arrow   Rain Of Arrows   
20000370,[AoW]   Fletched Bone Arrow   Through And Through   
20000375,[AoW]   Fletched Bone Arrow   Through And Through   
20000400,St Trinas Arrow   
20000401,St Trinas Arrow   
20000405,St Trinas Arrow   
20000410,[AoW]   St Trinas Arrow Mighty Shot   
20000411,[AoW]   St Trinas Arrow Mighty Shot   
20000415,[AoW]   St Trinas Arrow Mighty Shot   
20000416,[AoW]   St Trinas Arrow Mighty Shot   
20000420,[AoW]   St Trinas Arrow Barrage   
20000425,[AoW]   St Trinas Arrow Barrage   
20000430,[AoW]   St Trinas Arrow Enchanted Shot   
20000435,[AoW]   St Trinas Arrow Enchanted Shot   
20000440,[AoW]   St Trinas Arrow Sky Shot   
20000445,[AoW]   St Trinas Arrow Sky Shot   
20000450,[AoW]   St Trinas Arrow Rain Of Arrows   
20000451,[AoW]   St Trinas Arrow Rain Of Arrows   
20000452,[AoW]   St Trinas Arrow Rain Of Arrows   
20000453,[AoW]   St Trinas Arrow Rain Of Arrows Emitter   
20000454,[AoW]   St Trinas Arrow Rain Of Arrows   
20000455,[AoW]   St Trinas Arrow Rain Of Arrows   
20000456,[AoW]   St Trinas Arrow Rain Of Arrows   
20000457,[AoW]   St Trinas Arrow Rain Of Arrows   
20000458,[AoW]   St Trinas Arrow Rain Of Arrows   
20000459,[AoW]   St Trinas Arrow Rain Of Arrows   
20000470,[AoW]   St Trinas Arrow Through And Through   
20000475,[AoW]   St Trinas Arrow Through And Through   
20000500,Fletched Shattershard Arrow   
20000501,Fletched Shattershard Arrow   
20000505,Fletched Shattershard Arrow   
20000510,[AoW]   Fletched Shattershard Arrow   Mighty Shot   
20000511,[AoW]   Fletched Shattershard Arrow   Mighty Shot   
20000515,[AoW]   Fletched Shattershard Arrow   Mighty Shot   
20000516,[AoW]   Fletched Shattershard Arrow   Mighty Shot   
20000520,[AoW]   Fletched Shattershard Arrow   Barrage   
20000525,[AoW]   Fletched Shattershard Arrow   Barrage   
20000530,[AoW]   Fletched Shattershard Arrow   Enchanted Shot   
20000535,[AoW]   Fletched Shattershard Arrow   Enchanted Shot   
20000540,[AoW]   Fletched Shattershard Arrow   Sky Shot   
20000545,[AoW]   Fletched Shattershard Arrow   Sky Shot   
20000550,[AoW]   Fletched Shattershard Arrow   Rain Of Arrows   
20000551,[AoW]   Fletched Shattershard Arrow   Rain Of Arrows   
20000552,[AoW]   Fletched Shattershard Arrow   Rain Of Arrows   
20000553,[AoW]   Fletched Shattershard Arrow   Rain Of Arrows Emitter   
20000554,[AoW]   Fletched Shattershard Arrow   Rain Of Arrows   
20000555,[AoW]   Fletched Shattershard Arrow   Rain Of Arrows   
20000556,[AoW]   Fletched Shattershard Arrow   Rain Of Arrows   
20000557,[AoW]   Fletched Shattershard Arrow   Rain Of Arrows   
20000558,[AoW]   Fletched Shattershard Arrow   Rain Of Arrows   
20000559,[AoW]   Fletched Shattershard Arrow   Rain Of Arrows   
20000570,[AoW]   Fletched Shattershard Arrow   Through And Through   
20000575,[AoW]   Fletched Shattershard Arrow   Through And Through   
20000600,Fletched Rainbow Stone Arrow   
20000601,Fletched Rainbow Stone Arrow   
20000605,Fletched Rainbow Stone Arrow   
20000610,[AoW]   Fletched Rainbow Stone Arrow   Mighty Shot   
20000611,[AoW]   Fletched Rainbow Stone Arrow   Mighty Shot   
20000615,[AoW]   Fletched Rainbow Stone Arrow   Mighty Shot   
20000616,[AoW]   Fletched Rainbow Stone Arrow   Mighty Shot   
20000620,[AoW]   Fletched Rainbow Stone Arrow   Barrage   
20000625,[AoW]   Fletched Rainbow Stone Arrow   Barrage   
20000630,[AoW]   Fletched Rainbow Stone Arrow   Enchanted Shot   
20000635,[AoW]   Fletched Rainbow Stone Arrow   Enchanted Shot   
20000640,[AoW]   Fletched Rainbow Stone Arrow   Sky Shot   
20000645,[AoW]   Fletched Rainbow Stone Arrow   Sky Shot   
20000650,[AoW]   Fletched Rainbow Stone Arrow   Rain Of Arrows   
20000651,[AoW]   Fletched Rainbow Stone Arrow   Rain Of Arrows   
20000652,[AoW]   Fletched Rainbow Stone Arrow   Rain Of Arrows   
20000653,[AoW]   Fletched Rainbow Stone Arrow   Rain Of Arrows Emitter   
20000654,[AoW]   Fletched Rainbow Stone Arrow   Rain Of Arrows   
20000655,[AoW]   Fletched Rainbow Stone Arrow   Rain Of Arrows   
20000656,[AoW]   Fletched Rainbow Stone Arrow   Rain Of Arrows   
20000657,[AoW]   Fletched Rainbow Stone Arrow   Rain Of Arrows   
20000658,[AoW]   Fletched Rainbow Stone Arrow   Rain Of Arrows   
20000659,[AoW]   Fletched Rainbow Stone Arrow   Rain Of Arrows   
20000670,[AoW]   Fletched Rainbow Stone Arrow   Through And Through   
20000675,[AoW]   Fletched Rainbow Stone Arrow   Through And Through   
20000700,Golden Arrow   
20000701,Golden Arrow   
20000705,Golden Arrow   
20000710,[AoW]   Golden Arrow Mighty Shot   
20000711,[AoW]   Golden Arrow Mighty Shot   
20000715,[AoW]   Golden Arrow Mighty Shot   
20000716,[AoW]   Golden Arrow Mighty Shot   
20000720,[AoW]   Golden Arrow Barrage   
20000725,[AoW]   Golden Arrow Barrage   
20000730,[AoW]   Golden Arrow Enchanted Shot   
20000735,[AoW]   Golden Arrow Enchanted Shot   
20000740,[AoW]   Golden Arrow Sky Shot   
20000745,[AoW]   Golden Arrow Sky Shot   
20000750,[AoW]   Golden Arrow Rain Of Arrows   
20000751,[AoW]   Golden Arrow Rain Of Arrows   
20000752,[AoW]   Golden Arrow Rain Of Arrows   
20000753,[AoW]   Golden Arrow Rain Of Arrows Emitter   
20000754,[AoW]   Golden Arrow Rain Of Arrows   
20000755,[AoW]   Golden Arrow Rain Of Arrows   
20000756,[AoW]   Golden Arrow Rain Of Arrows   
20000757,[AoW]   Golden Arrow Rain Of Arrows   
20000758,[AoW]   Golden Arrow Rain Of Arrows   
20000759,[AoW]   Golden Arrow Rain Of Arrows   
20000770,[AoW]   Golden Arrow Through And Through   
20000775,[AoW]   Golden Arrow Through And Through   
20000800,Dwelling Arrow   
20000801,Dwelling Arrow   
20000805,Dwelling Arrow   
20000810,[AoW]   Dwelling Arrow Mighty Shot   
20000811,[AoW]   Dwelling Arrow Mighty Shot   
20000815,[AoW]   Dwelling Arrow Mighty Shot   
20000816,[AoW]   Dwelling Arrow Mighty Shot   
20000820,[AoW]   Dwelling Arrow Barrage   
20000825,[AoW]   Dwelling Arrow Barrage   
20000830,[AoW]   Dwelling Arrow Enchanted Shot   
20000835,[AoW]   Dwelling Arrow Enchanted Shot   
20000840,[AoW]   Dwelling Arrow Sky Shot   
20000845,[AoW]   Dwelling Arrow Sky Shot   
20000850,[AoW]   Dwelling Arrow Rain Of Arrows   
20000851,[AoW]   Dwelling Arrow Rain Of Arrows   
20000852,[AoW]   Dwelling Arrow Rain Of Arrows   
20000853,[AoW]   Dwelling Arrow Rain Of Arrows Emitter   
20000854,[AoW]   Dwelling Arrow Rain Of Arrows   
20000855,[AoW]   Dwelling Arrow Rain Of Arrows   
20000856,[AoW]   Dwelling Arrow Rain Of Arrows   
20000857,[AoW]   Dwelling Arrow Rain Of Arrows   
20000858,[AoW]   Dwelling Arrow Rain Of Arrows   
20000859,[AoW]   Dwelling Arrow Rain Of Arrows   
20000870,[AoW]   Dwelling Arrow Through And Through   
20000875,[AoW]   Dwelling Arrow Through And Through   
20000900,Bone Arrow   
20000901,Bone Arrow   
20000905,Bone Arrow   
20000910,[AoW]   Bone Arrow Mighty Shot   
20000911,[AoW]   Bone Arrow Mighty Shot   
20000915,[AoW]   Bone Arrow Mighty Shot   
20000916,[AoW]   Bone Arrow Mighty Shot   
20000920,[AoW]   Bone Arrow Barrage   
20000925,[AoW]   Bone Arrow Barrage   
20000930,[AoW]   Bone Arrow Enchanted Shot   
20000935,[AoW]   Bone Arrow Enchanted Shot   
20000940,[AoW]   Bone Arrow Sky Shot   
20000945,[AoW]   Bone Arrow Sky Shot   
20000950,[AoW]   Bone Arrow Rain Of Arrows   
20000951,[AoW]   Bone Arrow Rain Of Arrows   
20000952,[AoW]   Bone Arrow Rain Of Arrows   
20000953,[AoW]   Bone Arrow Rain Of Arrows Emitter   
20000954,[AoW]   Bone Arrow Rain Of Arrows   
20000955,[AoW]   Bone Arrow Rain Of Arrows   
20000956,[AoW]   Bone Arrow Rain Of Arrows   
20000957,[AoW]   Bone Arrow Rain Of Arrows   
20000958,[AoW]   Bone Arrow Rain Of Arrows   
20000959,[AoW]   Bone Arrow Rain Of Arrows   
20000970,[AoW]   Bone Arrow Through And Through   
20000975,[AoW]   Bone Arrow Through And Through   
20001000,Fletched Fire Bone Arrow   
20001001,Fletched Fire Bone Arrow   
20001005,Fletched Fire Bone Arrow   
20001010,[AoW]   Fletched Fire Bone Arrow   Mighty Shot   
20001011,[AoW]   Fletched Fire Bone Arrow   Mighty Shot   
20001015,[AoW]   Fletched Fire Bone Arrow   Mighty Shot   
20001016,[AoW]   Fletched Fire Bone Arrow   Mighty Shot   
20001020,[AoW]   Fletched Fire Bone Arrow   Barrage   
20001025,[AoW]   Fletched Fire Bone Arrow   Barrage   
20001030,[AoW]   Fletched Fire Bone Arrow   Enchanted Shot   
20001035,[AoW]   Fletched Fire Bone Arrow   Enchanted Shot   
20001040,[AoW]   Fletched Fire Bone Arrow   Sky Shot   
20001045,[AoW]   Fletched Fire Bone Arrow   Sky Shot   
20001050,[AoW]   Fletched Fire Bone Arrow   Rain Of Arrows   
20001051,[AoW]   Fletched Fire Bone Arrow   Rain Of Arrows   
20001052,[AoW]   Fletched Fire Bone Arrow   Rain Of Arrows   
20001053,[AoW]   Fletched Fire Bone Arrow   Rain Of Arrows Emitter   
20001054,[AoW]   Fletched Fire Bone Arrow   Rain Of Arrows   
20001055,[AoW]   Fletched Fire Bone Arrow   Rain Of Arrows   
20001056,[AoW]   Fletched Fire Bone Arrow   Rain Of Arrows   
20001057,[AoW]   Fletched Fire Bone Arrow   Rain Of Arrows   
20001058,[AoW]   Fletched Fire Bone Arrow   Rain Of Arrows   
20001059,[AoW]   Fletched Fire Bone Arrow   Rain Of Arrows   
20001070,[AoW]   Fletched Fire Bone Arrow   Through And Through   
20001075,[AoW]   Fletched Fire Bone Arrow   Through And Through   
20001100,Fire Bone Arrow   
20001101,Fire Bone Arrow   
20001105,Fire Bone Arrow   
20001110,[AoW]   Fire Bone Arrow Mighty Shot   
20001111,[AoW]   Fire Bone Arrow Mighty Shot   
20001115,[AoW]   Fire Bone Arrow Mighty Shot   
20001116,[AoW]   Fire Bone Arrow Mighty Shot   
20001120,[AoW]   Fire Bone Arrow Barrage   
20001125,[AoW]   Fire Bone Arrow Barrage   
20001130,[AoW]   Fire Bone Arrow Enchanted Shot   
20001135,[AoW]   Fire Bone Arrow Enchanted Shot   
20001140,[AoW]   Fire Bone Arrow Sky Shot   
20001145,[AoW]   Fire Bone Arrow Sky Shot   
20001150,[AoW]   Fire Bone Arrow Rain Of Arrows   
20001151,[AoW]   Fire Bone Arrow Rain Of Arrows   
20001152,[AoW]   Fire Bone Arrow Rain Of Arrows   
20001153,[AoW]   Fire Bone Arrow Rain Of Arrows Emitter   
20001154,[AoW]   Fire Bone Arrow Rain Of Arrows   
20001155,[AoW]   Fire Bone Arrow Rain Of Arrows   
20001156,[AoW]   Fire Bone Arrow Rain Of Arrows   
20001157,[AoW]   Fire Bone Arrow Rain Of Arrows   
20001158,[AoW]   Fire Bone Arrow Rain Of Arrows   
20001159,[AoW]   Fire Bone Arrow Rain Of Arrows   
20001170,[AoW]   Fire Bone Arrow Through And Through   
20001175,[AoW]   Fire Bone Arrow Through And Through   
20001200,Fletched Poison Bone Arrow   
20001201,Fletched Poison Bone Arrow   
20001205,Fletched Poison Bone Arrow   
20001210,[AoW]   Fletched Poison Bone Arrow   Mighty Shot   
20001211,[AoW]   Fletched Poison Bone Arrow   Mighty Shot   
20001215,[AoW]   Fletched Poison Bone Arrow   Mighty Shot   
20001216,[AoW]   Fletched Poison Bone Arrow   Mighty Shot   
20001220,[AoW]   Fletched Poison Bone Arrow   Barrage   
20001225,[AoW]   Fletched Poison Bone Arrow   Barrage   
20001230,[AoW]   Fletched Poison Bone Arrow   Enchanted Shot   
20001235,[AoW]   Fletched Poison Bone Arrow   Enchanted Shot   
20001240,[AoW]   Fletched Poison Bone Arrow   Sky Shot   
20001245,[AoW]   Fletched Poison Bone Arrow   Sky Shot   
20001250,[AoW]   Fletched Poison Bone Arrow   Rain Of Arrows   
20001251,[AoW]   Fletched Poison Bone Arrow   Rain Of Arrows   
20001252,[AoW]   Fletched Poison Bone Arrow   Rain Of Arrows   
20001253,[AoW]   Fletched Poison Bone Arrow   Rain Of Arrows Emitter   
20001254,[AoW]   Fletched Poison Bone Arrow   Rain Of Arrows   
20001255,[AoW]   Fletched Poison Bone Arrow   Rain Of Arrows   
20001256,[AoW]   Fletched Poison Bone Arrow   Rain Of Arrows   
20001257,[AoW]   Fletched Poison Bone Arrow   Rain Of Arrows   
20001258,[AoW]   Fletched Poison Bone Arrow   Rain Of Arrows   
20001259,[AoW]   Fletched Poison Bone Arrow   Rain Of Arrows   
20001270,[AoW]   Fletched Poison Bone Arrow   Through And Through   
20001275,[AoW]   Fletched Poison Bone Arrow   Through And Through   
20001300,Poison Bone Arrow   
20001301,Poison Bone Arrow   
20001305,Poison Bone Arrow   
20001310,[AoW]   Fletched Poison Bone Arrow   Mighty Shot   
20001311,[AoW]   Fletched Poison Bone Arrow   Mighty Shot   
20001315,[AoW]   Fletched Poison Bone Arrow   Mighty Shot   
20001316,[AoW]   Fletched Poison Bone Arrow   Mighty Shot   
20001320,[AoW]   Fletched Poison Bone Arrow   Barrage   
20001325,[AoW]   Fletched Poison Bone Arrow   Barrage   
20001330,[AoW]   Fletched Poison Bone Arrow   Enchanted Shot   
20001335,[AoW]   Fletched Poison Bone Arrow   Enchanted Shot   
20001340,[AoW]   Fletched Poison Bone Arrow   Sky Shot   
20001345,[AoW]   Fletched Poison Bone Arrow   Sky Shot   
20001350,[AoW]   Fletched Poison Bone Arrow   Rain Of Arrows   
20001351,[AoW]   Fletched Poison Bone Arrow   Rain Of Arrows   
20001352,[AoW]   Fletched Poison Bone Arrow   Rain Of Arrows   
20001353,[AoW]   Fletched Poison Bone Arrow   Rain Of Arrows Emitter   
20001354,[AoW]   Fletched Poison Bone Arrow   Rain Of Arrows   
20001355,[AoW]   Fletched Poison Bone Arrow   Rain Of Arrows   
20001356,[AoW]   Fletched Poison Bone Arrow   Rain Of Arrows   
20001357,[AoW]   Fletched Poison Bone Arrow   Rain Of Arrows   
20001358,[AoW]   Fletched Poison Bone Arrow   Rain Of Arrows   
20001359,[AoW]   Fletched Poison Bone Arrow   Rain Of Arrows   
20001370,[AoW]   Fletched Poison Bone Arrow   Through And Through   
20001375,[AoW]   Fletched Poison Bone Arrow   Through And Through   
20001400,Fletched Sleepbone Arrow   
20001401,Fletched Sleepbone Arrow   
20001405,Fletched Sleepbone Arrow   
20001410,[AoW]   Fletched Sleep Bone Arrow   Mighty Shot   
20001411,[AoW]   Fletched Sleep Bone Arrow   Mighty Shot   
20001415,[AoW]   Fletched Sleep Bone Arrow   Mighty Shot   
20001416,[AoW]   Fletched Sleep Bone Arrow   Mighty Shot   
20001420,[AoW]   Fletched Sleep Bone Arrow   Barrage   
20001425,[AoW]   Fletched Sleep Bone Arrow   Barrage   
20001430,[AoW]   Fletched Sleep Bone Arrow   Enchanted Shot   
20001435,[AoW]   Fletched Sleep Bone Arrow   Enchanted Shot   
20001440,[AoW]   Fletched Sleep Bone Arrow   Sky Shot   
20001445,[AoW]   Fletched Sleep Bone Arrow   Sky Shot   
20001450,[AoW]   Fletched Sleep Bone Arrow   Rain Of Arrows   
20001451,[AoW]   Fletched Sleep Bone Arrow   Rain Of Arrows   
20001452,[AoW]   Fletched Sleep Bone Arrow   Rain Of Arrows   
20001453,[AoW]   Fletched Sleep Bone Arrow   Rain Of Arrows Emitter   
20001454,[AoW]   Fletched Sleep Bone Arrow   Rain Of Arrows   
20001455,[AoW]   Fletched Sleep Bone Arrow   Rain Of Arrows   
20001456,[AoW]   Fletched Sleep Bone Arrow   Rain Of Arrows   
20001457,[AoW]   Fletched Sleep Bone Arrow   Rain Of Arrows   
20001458,[AoW]   Fletched Sleep Bone Arrow   Rain Of Arrows   
20001459,[AoW]   Fletched Sleep Bone Arrow   Rain Of Arrows   
20001470,[AoW]   Fletched Sleep Bone Arrow   Through And Through   
20001475,[AoW]   Fletched Sleep Bone Arrow   Through And Through   
20001500,Sleep Bone Arrow   
20001501,Sleep Bone Arrow   
20001505,Sleep Bone Arrow   
20001510,[AoW]   Sleep Bone Arrow   Mighty Shot   
20001511,[AoW]   Sleep Bone Arrow   Mighty Shot   
20001515,[AoW]   Sleep Bone Arrow   Mighty Shot   
20001516,[AoW]   Sleep Bone Arrow   Mighty Shot   
20001520,[AoW]   Sleep Bone Arrow   Barrage   
20001525,[AoW]   Sleep Bone Arrow   Barrage   
20001530,[AoW]   Sleep Bone Arrow   Enchanted Shot   
20001535,[AoW]   Sleep Bone Arrow   Enchanted Shot   
20001540,[AoW]   Sleep Bone Arrow   Sky Shot   
20001545,[AoW]   Sleep Bone Arrow   Sky Shot   
20001550,[AoW]   Sleep Bone Arrow   Rain Of Arrows   
20001551,[AoW]   Sleep Bone Arrow   Rain Of Arrows   
20001552,[AoW]   Sleep Bone Arrow   Rain Of Arrows   
20001553,[AoW]   Sleep Bone Arrow   Rain Of Arrows Emitter   
20001554,[AoW]   Sleep Bone Arrow   Rain Of Arrows   
20001555,[AoW]   Sleep Bone Arrow   Rain Of Arrows   
20001556,[AoW]   Sleep Bone Arrow   Rain Of Arrows   
20001557,[AoW]   Sleep Bone Arrow   Rain Of Arrows   
20001558,[AoW]   Sleep Bone Arrow   Rain Of Arrows   
20001559,[AoW]   Sleep Bone Arrow   Rain Of Arrows   
20001570,[AoW]   Sleep Bone Arrow   Through And Through   
20001575,[AoW]   Sleep Bone Arrow   Through And Through   
20001600,Stormwing Bone Arrow   
20001601,Stormwing Bone Arrow   
20001605,Stormwing Bone Arrow   
20001610,[AoW]   Stormwing Bone Arrow   Mighty Shot   
20001611,[AoW]   Stormwing Bone Arrow   Mighty Shot   
20001615,[AoW]   Stormwing Bone Arrow   Mighty Shot   
20001616,[AoW]   Stormwing Bone Arrow   Mighty Shot   
20001620,[AoW]   Stormwing Bone Arrow   Barrage   
20001625,[AoW]   Stormwing Bone Arrow   Barrage   
20001630,[AoW]   Stormwing Bone Arrow   Enchanted Shot   
20001635,[AoW]   Stormwing Bone Arrow   Enchanted Shot   
20001640,[AoW]   Stormwing Bone Arrow   Sky Shot   
20001645,[AoW]   Stormwing Bone Arrow   Sky Shot   
20001650,[AoW]   Stormwing Bone Arrow   Rain Of Arrows   
20001651,[AoW]   Stormwing Bone Arrow   Rain Of Arrows   
20001652,[AoW]   Stormwing Bone Arrow   Rain Of Arrows   
20001653,[AoW]   Stormwing Bone Arrow   Rain Of Arrows Emitter   
20001654,[AoW]   Stormwing Bone Arrow   Rain Of Arrows   
20001655,[AoW]   Stormwing Bone Arrow   Rain Of Arrows   
20001656,[AoW]   Stormwing Bone Arrow   Rain Of Arrows   
20001657,[AoW]   Stormwing Bone Arrow   Rain Of Arrows   
20001658,[AoW]   Stormwing Bone Arrow   Rain Of Arrows   
20001659,[AoW]   Stormwing Bone Arrow   Rain Of Arrows   
20001670,[AoW]   Stormwing Bone Arrow   Through And Through   
20001675,[AoW]   Stormwing Bone Arrow   Through And Through   
20001700,Fletched Lightning Bone Arrow   Lct 2 On Water Hit Trigger 20001791   
20001701,Fletched Lightning Bone Arrow   Lct 2 On Water Hit Trigger 20001791   
20001705,Fletched Lightning Bone Arrow   Lct 2 On Water Hit Trigger 20001791   
20001710,[AoW]   Fletched Lightning Bone Arrow   Mighty Shot   
20001711,[AoW]   Fletched Lightning Bone Arrow   Mighty Shot   
20001715,[AoW]   Fletched Lightning Bone Arrow   Mighty Shot   
20001716,[AoW]   Fletched Lightning Bone Arrow   Mighty Shot   
20001720,[AoW]   Fletched Lightning Bone Arrow   Barrage   
20001725,[AoW]   Fletched Lightning Bone Arrow   Barrage   
20001730,[AoW]   Fletched Lightning Bone Arrow   Enchanted Shot   
20001735,[AoW]   Fletched Lightning Bone Arrow   Enchanted Shot   
20001740,[AoW]   Fletched Lightning Bone Arrow   Sky Shot   
20001745,[AoW]   Fletched Lightning Bone Arrow   Sky Shot   
20001750,[AoW]   Fletched Lightning Bone Arrow   Rain Of Arrows   
20001751,[AoW]   Fletched Lightning Bone Arrow   Rain Of Arrows   
20001752,[AoW]   Fletched Lightning Bone Arrow   Rain Of Arrows   
20001753,[AoW]   Fletched Lightning Bone Arrow   Rain Of Arrows Emitter   
20001754,[AoW]   Fletched Lightning Bone Arrow   Rain Of Arrows   
20001755,[AoW]   Fletched Lightning Bone Arrow   Rain Of Arrows   
20001756,[AoW]   Fletched Lightning Bone Arrow   Rain Of Arrows   
20001757,[AoW]   Fletched Lightning Bone Arrow   Rain Of Arrows   
20001758,[AoW]   Fletched Lightning Bone Arrow   Rain Of Arrows   
20001759,[AoW]   Fletched Lightning Bone Arrow   Rain Of Arrows   
20001770,[AoW]   Fletched Lightning Bone Arrow   Through And Through   
20001775,[AoW]   Fletched Lightning Bone Arrow   Through And Through   
20001791,Fletched Lightning Bone Arrow   A.O.E Lightning On Water 1   
20001792,Fletched Lightning Bone Arrow   A.O.E Lightning On Water 2   
20001793,Fletched Lightning Bone Arrow   A.O.E Lightning On Water 3   
20001794,Fletched Lightning Bone Arrow   A.O.E Lightning On Water 4   
20001800,Lightningbone Arrow   Lct 2 On Water Hit Trigger 20001891   
20001801,Lightningbone Arrow   Lct 2 On Water Hit Trigger 20001891   
20001805,Lightningbone Arrow   Lct 2 On Water Hit Trigger 20001891   
20001810,[AoW]   Lightning Bone Arrow   Mighty Shot   
20001811,[AoW]   Lightning Bone Arrow   Mighty Shot   
20001815,[AoW]   Lightning Bone Arrow   Mighty Shot   
20001816,[AoW]   Lightning Bone Arrow   Mighty Shot   
20001820,[AoW]   Lightning Bone Arrow   Barrage   
20001825,[AoW]   Lightning Bone Arrow   Barrage   
20001830,[AoW]   Lightning Bone Arrow   Enchanted Shot   
20001835,[AoW]   Lightning Bone Arrow   Enchanted Shot   
20001840,[AoW]   Lightning Bone Arrow   Sky Shot   
20001845,[AoW]   Lightning Bone Arrow   Sky Shot   
20001850,[AoW]   Lightning Bone Arrow   Rain Of Arrows   
20001851,[AoW]   Lightning Bone Arrow   Rain Of Arrows   
20001852,[AoW]   Lightning Bone Arrow   Rain Of Arrows   
20001853,[AoW]   Lightning Bone Arrow   Rain Of Arrows Emitter   
20001854,[AoW]   Lightning Bone Arrow   Rain Of Arrows   
20001855,[AoW]   Lightning Bone Arrow   Rain Of Arrows   
20001856,[AoW]   Lightning Bone Arrow   Rain Of Arrows   
20001857,[AoW]   Lightning Bone Arrow   Rain Of Arrows   
20001858,[AoW]   Lightning Bone Arrow   Rain Of Arrows   
20001859,[AoW]   Lightning Bone Arrow   Rain Of Arrows   
20001870,[AoW]   Lightning Bone Arrow   Through And Through   
20001875,[AoW]   Lightning Bone Arrow   Through And Through   
20001891,[AoW]   Lightning Bone Arrow   Lightning On Water 1   
20001892,[AoW]   Lightning Bone Arrow   Lightning On Water 2   
20001893,[AoW]   Lightning Bone Arrow   Lightning On Water 3   
20001894,[AoW]   Lightning Bone Arrow   Lightning On Water 4   
20001900,Rainbow Stone Arrow   
20001901,Rainbow Stone Arrow   
20001905,Rainbow Stone Arrow   
20001910,[AoW]   Rainbow Stone Arrow   Mighty Shot   
20001911,[AoW]   Rainbow Stone Arrow   Mighty Shot   
20001915,[AoW]   Rainbow Stone Arrow   Mighty Shot   
20001916,[AoW]   Rainbow Stone Arrow   Mighty Shot   
20001920,[AoW]   Rainbow Stone Arrow   Barrage   
20001925,[AoW]   Rainbow Stone Arrow   Barrage   
20001930,[AoW]   Rainbow Stone Arrow   Enchanted Shot   
20001935,[AoW]   Rainbow Stone Arrow   Enchanted Shot   
20001940,[AoW]   Rainbow Stone Arrow   Sky Shot   
20001945,[AoW]   Rainbow Stone Arrow   Sky Shot   
20001950,[AoW]   Rainbow Stone Arrow   Rain Of Arrows   
20001951,[AoW]   Rainbow Stone Arrow   Rain Of Arrows   
20001952,[AoW]   Rainbow Stone Arrow   Rain Of Arrows   
20001953,[AoW]   Rainbow Stone Arrow   Rain Of Arrows Emitter   
20001954,[AoW]   Rainbow Stone Arrow   Rain Of Arrows   
20001955,[AoW]   Rainbow Stone Arrow   Rain Of Arrows   
20001956,[AoW]   Rainbow Stone Arrow   Rain Of Arrows   
20001957,[AoW]   Rainbow Stone Arrow   Rain Of Arrows   
20001958,[AoW]   Rainbow Stone Arrow   Rain Of Arrows   
20001959,[AoW]   Rainbow Stone Arrow   Rain Of Arrows   
20001970,[AoW]   Rainbow Stone Arrow   Through And Through   
20001975,[AoW]   Rainbow Stone Arrow   Through And Through   
20002000,Shattershard Arrow   
20002001,Shattershard Arrow   
20002005,Shattershard Arrow   
20002010,[AoW]   Shattershard Arrow   Mighty Shot   
20002011,[AoW]   Shattershard Arrow   Mighty Shot   
20002015,[AoW]   Shattershard Arrow   Mighty Shot   
20002016,[AoW]   Shattershard Arrow   Mighty Shot   
20002020,[AoW]   Shattershard Arrow   Barrage   
20002025,[AoW]   Shattershard Arrow   Barrage   
20002030,[AoW]   Shattershard Arrow   Enchanted Shot   
20002035,[AoW]   Shattershard Arrow   Enchanted Shot   
20002040,[AoW]   Shattershard Arrow   Sky Shot   
20002045,[AoW]   Shattershard Arrow   Sky Shot   
20002050,[AoW]   Shattershard Arrow   Rain Of Arrows   
20002051,[AoW]   Shattershard Arrow   Rain Of Arrows   
20002052,[AoW]   Shattershard Arrow   Rain Of Arrows   
20002053,[AoW]   Shattershard Arrow   Rain Of Arrows Emitter   
20002054,[AoW]   Shattershard Arrow   Rain Of Arrows   
20002055,[AoW]   Shattershard Arrow   Rain Of Arrows   
20002056,[AoW]   Shattershard Arrow   Rain Of Arrows   
20002057,[AoW]   Shattershard Arrow   Rain Of Arrows   
20002058,[AoW]   Shattershard Arrow   Rain Of Arrows   
20002059,[AoW]   Shattershard Arrow   Rain Of Arrows   
20002070,[AoW]   Shattershard Arrow   Through And Through   
20002075,[AoW]   Shattershard Arrow   Through And Through   
20002100,Spiritflame Arrow   
20002101,Spiritflame Arrow   
20002105,Spiritflame Arrow   
20002110,[AoW]   Spiritflame Arrow   Mighty Shot   
20002111,[AoW]   Spiritflame Arrow   Mighty Shot   
20002115,[AoW]   Spiritflame Arrow   Mighty Shot   
20002116,[AoW]   Spiritflame Arrow   Mighty Shot   
20002120,[AoW]   Spiritflame Arrow   Barrage   
20002125,[AoW]   Spiritflame Arrow   Barrage   
20002130,[AoW]   Spiritflame Arrow   Enchanted Shot   
20002135,[AoW]   Spiritflame Arrow   Enchanted Shot   
20002140,[AoW]   Spiritflame Arrow   Sky Shot   
20002145,[AoW]   Spiritflame Arrow   Sky Shot   
20002150,[AoW]   Spiritflame Arrow   Rain Of Arrows   
20002151,[AoW]   Spiritflame Arrow   Rain Of Arrows   
20002152,[AoW]   Spiritflame Arrow   Rain Of Arrows   
20002153,[AoW]   Spiritflame Arrow   Rain Of Arrows Emitter   
20002154,[AoW]   Spiritflame Arrow   Rain Of Arrows   
20002155,[AoW]   Spiritflame Arrow   Rain Of Arrows   
20002156,[AoW]   Spiritflame Arrow   Rain Of Arrows   
20002157,[AoW]   Spiritflame Arrow   Rain Of Arrows   
20002158,[AoW]   Spiritflame Arrow   Rain Of Arrows   
20002159,[AoW]   Spiritflame Arrow   Rain Of Arrows   
20002170,[AoW]   Spiritflame Arrow   Through And Through   
20002175,[AoW]   Spiritflame Arrow   Through And Through   
20002200,
20002201,
20002202,
20002203,
20002205,
20002210,[AoW]   Mighty Shot   
20002211,[AoW]   Mighty Shot   
20002215,[AoW]   Mighty Shot   
20002216,[AoW]   Mighty Shot   
20002220,[AoW]   Barrage   
20002225,[AoW]   Barrage   
20002230,[AoW]   Enchanted Shot   
20002235,[AoW]   Enchanted Shot   
20002240,[AoW]   Sky Shot   
20002245,[AoW]   Sky Shot   
20002250,[AoW]   Rain Of Arrows   
20002251,[AoW]   Rain Of Arrows   
20002252,[AoW]   Rain Of Arrows   
20002253,[AoW]   Rain Of Arrows Emitter   
20002254,[AoW]   Rain Of Arrows   
20002255,[AoW]   Rain Of Arrows   
20002256,[AoW]   Rain Of Arrows   
20002257,[AoW]   Rain Of Arrows   
20002258,[AoW]   Rain Of Arrows   
20002259,[AoW]   Rain Of Arrows   
20002270,[AoW]   Through And Through   
20002275,[AoW]   Through And Through   
20002300,Fletched Magic Bone Arrow   
20002301,Fletched Magic Bone Arrow   
20002305,Fletched Magic Bone Arrow   
20002310,[AoW]   Fletched Magic Bone Arrow   Mighty Shot   
20002311,[AoW]   Fletched Magic Bone Arrow   Mighty Shot   
20002315,[AoW]   Fletched Magic Bone Arrow   Mighty Shot   
20002316,[AoW]   Fletched Magic Bone Arrow   Mighty Shot   
20002320,[AoW]   Fletched Magic Bone Arrow   Barrage   
20002325,[AoW]   Fletched Magic Bone Arrow   Barrage   
20002330,[AoW]   Fletched Magic Bone Arrow   Enchanted Shot   
20002335,[AoW]   Fletched Magic Bone Arrow   Enchanted Shot   
20002340,[AoW]   Fletched Magic Bone Arrow   Sky Shot   
20002345,[AoW]   Fletched Magic Bone Arrow   Sky Shot   
20002350,[AoW]   Fletched Magic Bone Arrow   Rain Of Arrows   
20002351,[AoW]   Fletched Magic Bone Arrow   Rain Of Arrows   
20002352,[AoW]   Fletched Magic Bone Arrow   Rain Of Arrows   
20002353,[AoW]   Fletched Magic Bone Arrow   Rain Of Arrows Emitter   
20002354,[AoW]   Fletched Magic Bone Arrow   Rain Of Arrows   
20002355,[AoW]   Fletched Magic Bone Arrow   Rain Of Arrows   
20002356,[AoW]   Fletched Magic Bone Arrow   Rain Of Arrows   
20002357,[AoW]   Fletched Magic Bone Arrow   Rain Of Arrows   
20002358,[AoW]   Fletched Magic Bone Arrow   Rain Of Arrows   
20002359,[AoW]   Fletched Magic Bone Arrow   Rain Of Arrows   
20002370,[AoW]   Fletched Magic Bone Arrow   Through And Through   
20002375,[AoW]   Fletched Magic Bone Arrow   Through And Through   
20002400,Magic Bone Arrow   
20002401,Magic Bone Arrow   
20002405,Magic Bone Arrow   
20002410,[AoW]   Magic Bone Arrow   Mighty Shot   
20002411,[AoW]   Magic Bone Arrow   Mighty Shot   
20002415,[AoW]   Magic Bone Arrow   Mighty Shot   
20002416,[AoW]   Magic Bone Arrow   Mighty Shot   
20002420,[AoW]   Magic Bone Arrow   Barrage   
20002425,[AoW]   Magic Bone Arrow   Barrage   
20002430,[AoW]   Magic Bone Arrow   Enchanted Shot   
20002435,[AoW]   Magic Bone Arrow   Enchanted Shot   
20002440,[AoW]   Magic Bone Arrow   Sky Shot   
20002445,[AoW]   Magic Bone Arrow   Sky Shot   
20002450,[AoW]   Magic Bone Arrow   Rain Of Arrows   
20002451,[AoW]   Magic Bone Arrow   Rain Of Arrows   
20002452,[AoW]   Magic Bone Arrow   Rain Of Arrows   
20002453,[AoW]   Magic Bone Arrow   Rain Of Arrows Emitter   
20002454,[AoW]   Magic Bone Arrow   Rain Of Arrows   
20002455,[AoW]   Magic Bone Arrow   Rain Of Arrows   
20002456,[AoW]   Magic Bone Arrow   Rain Of Arrows   
20002457,[AoW]   Magic Bone Arrow   Rain Of Arrows   
20002458,[AoW]   Magic Bone Arrow   Rain Of Arrows   
20002459,[AoW]   Magic Bone Arrow   Rain Of Arrows   
20002470,[AoW]   Magic Bone Arrow   Through And Through   
20002475,[AoW]   Magic Bone Arrow   Through And Through   
20002500,Fletched Halig Bone Arrow   
20002501,Fletched Halig Bone Arrow   
20002505,Fletched Halig Bone Arrow   
20002510,[AoW]   Fletched Halig Bone Arrow   Mighty Shot   
20002511,[AoW]   Fletched Halig Bone Arrow   Mighty Shot   
20002515,[AoW]   Fletched Halig Bone Arrow   Mighty Shot   
20002516,[AoW]   Fletched Halig Bone Arrow   Mighty Shot   
20002520,[AoW]   Fletched Halig Bone Arrow   Barrage   
20002525,[AoW]   Fletched Halig Bone Arrow   Barrage   
20002530,[AoW]   Fletched Halig Bone Arrow   Enchanted Shot   
20002535,[AoW]   Fletched Halig Bone Arrow   Enchanted Shot   
20002540,[AoW]   Fletched Halig Bone Arrow   Sky Shot   
20002545,[AoW]   Fletched Halig Bone Arrow   Sky Shot   
20002550,[AoW]   Fletched Halig Bone Arrow   Rain Of Arrows   
20002551,[AoW]   Fletched Halig Bone Arrow   Rain Of Arrows   
20002552,[AoW]   Fletched Halig Bone Arrow   Rain Of Arrows   
20002553,[AoW]   Fletched Halig Bone Arrow   Rain Of Arrows Emitter   
20002554,[AoW]   Fletched Halig Bone Arrow   Rain Of Arrows   
20002555,[AoW]   Fletched Halig Bone Arrow   Rain Of Arrows   
20002556,[AoW]   Fletched Halig Bone Arrow   Rain Of Arrows   
20002557,[AoW]   Fletched Halig Bone Arrow   Rain Of Arrows   
20002558,[AoW]   Fletched Halig Bone Arrow   Rain Of Arrows   
20002559,[AoW]   Fletched Halig Bone Arrow   Rain Of Arrows   
20002570,[AoW]   Fletched Halig Bone Arrow   Through And Through   
20002575,[AoW]   Fletched Halig Bone Arrow   Through And Through   
20002600,Halig Bone Arrow   
20002601,Halig Bone Arrow   
20002605,Halig Bone Arrow   
20002610,[AoW]   Halig Bone Arrow   Mighty Shot   
20002611,[AoW]   Halig Bone Arrow   Mighty Shot   
20002615,[AoW]   Halig Bone Arrow   Mighty Shot   
20002616,[AoW]   Halig Bone Arrow   Mighty Shot   
20002620,[AoW]   Halig Bone Arrow   Barrage   
20002625,[AoW]   Halig Bone Arrow   Barrage   
20002630,[AoW]   Halig Bone Arrow   Enchanted Shot   
20002635,[AoW]   Halig Bone Arrow   Enchanted Shot   
20002640,[AoW]   Halig Bone Arrow   Sky Shot   
20002645,[AoW]   Halig Bone Arrow   Sky Shot   
20002650,[AoW]   Halig Bone Arrow   Rain Of Arrows   
20002651,[AoW]   Halig Bone Arrow   Rain Of Arrows   
20002652,[AoW]   Halig Bone Arrow   Rain Of Arrows   
20002653,[AoW]   Halig Bone Arrow   Rain Of Arrows Emitter   
20002654,[AoW]   Halig Bone Arrow   Rain Of Arrows   
20002655,[AoW]   Halig Bone Arrow   Rain Of Arrows   
20002656,[AoW]   Halig Bone Arrow   Rain Of Arrows   
20002657,[AoW]   Halig Bone Arrow   Rain Of Arrows   
20002658,[AoW]   Halig Bone Arrow   Rain Of Arrows   
20002659,[AoW]   Halig Bone Arrow   Rain Of Arrows   
20002670,[AoW]   Halig Bone Arrow   Through And Through   
20002675,[AoW]   Halig Bone Arrow   Through And Through   
20002700,Fletched Blood Bone Arrow   
20002701,Fletched Blood Bone Arrow   
20002705,Fletched Blood Bone Arrow   
20002710,[AoW]   Fletched Blood Bone Arrow   Mighty Shot   
20002711,[AoW]   Fletched Blood Bone Arrow   Mighty Shot   
20002715,[AoW]   Fletched Blood Bone Arrow   Mighty Shot   
20002716,[AoW]   Fletched Blood Bone Arrow   Mighty Shot   
20002720,[AoW]   Fletched Blood Bone Arrow   Barrage   
20002725,[AoW]   Fletched Blood Bone Arrow   Barrage   
20002730,[AoW]   Fletched Blood Bone Arrow   Enchanted Shot   
20002735,[AoW]   Fletched Blood Bone Arrow   Enchanted Shot   
20002740,[AoW]   Fletched Blood Bone Arrow   Sky Shot   
20002745,[AoW]   Fletched Blood Bone Arrow   Sky Shot   
20002750,[AoW]   Fletched Blood Bone Arrow   Rain Of Arrows   
20002751,[AoW]   Fletched Blood Bone Arrow   Rain Of Arrows   
20002752,[AoW]   Fletched Blood Bone Arrow   Rain Of Arrows   
20002753,[AoW]   Fletched Blood Bone Arrow   Rain Of Arrows Emitter   
20002754,[AoW]   Fletched Blood Bone Arrow   Rain Of Arrows   
20002755,[AoW]   Fletched Blood Bone Arrow   Rain Of Arrows   
20002756,[AoW]   Fletched Blood Bone Arrow   Rain Of Arrows   
20002757,[AoW]   Fletched Blood Bone Arrow   Rain Of Arrows   
20002758,[AoW]   Fletched Blood Bone Arrow   Rain Of Arrows   
20002759,[AoW]   Fletched Blood Bone Arrow   Rain Of Arrows   
20002770,[AoW]   Fletched Blood Bone Arrow   Through And Through   
20002775,[AoW]   Fletched Blood Bone Arrow   Through And Through   
20002800,Blood Bone Arrow   
20002801,Blood Bone Arrow   
20002805,Blood Bone Arrow   
20002810,[AoW]   Blood Bone Arrow   Mighty Shot   
20002811,[AoW]   Blood Bone Arrow   Mighty Shot   
20002815,[AoW]   Blood Bone Arrow   Mighty Shot   
20002816,[AoW]   Blood Bone Arrow   Mighty Shot   
20002820,[AoW]   Blood Bone Arrow   Barrage   
20002825,[AoW]   Blood Bone Arrow   Barrage   
20002830,[AoW]   Blood Bone Arrow   Enchanted Shot   
20002835,[AoW]   Blood Bone Arrow   Enchanted Shot   
20002840,[AoW]   Blood Bone Arrow   Sky Shot   
20002845,[AoW]   Blood Bone Arrow   Sky Shot   
20002850,[AoW]   Blood Bone Arrow   Rain Of Arrows   
20002851,[AoW]   Blood Bone Arrow   Rain Of Arrows   
20002852,[AoW]   Blood Bone Arrow   Rain Of Arrows   
20002853,[AoW]   Blood Bone Arrow   Rain Of Arrows Emitter   
20002854,[AoW]   Blood Bone Arrow   Rain Of Arrows   
20002855,[AoW]   Blood Bone Arrow   Rain Of Arrows   
20002856,[AoW]   Blood Bone Arrow   Rain Of Arrows   
20002857,[AoW]   Blood Bone Arrow   Rain Of Arrows   
20002858,[AoW]   Blood Bone Arrow   Rain Of Arrows   
20002859,[AoW]   Blood Bone Arrow   Rain Of Arrows   
20002870,[AoW]   Blood Bone Arrow   Through And Through   
20002875,[AoW]   Blood Bone Arrow   Through And Through   
20002900,Fletched Cold Bone Arrow   
20002901,Fletched Cold Bone Arrow   
20002905,Fletched Cold Bone Arrow   
20002910,[AoW]   Fletched Cold Bone Arrow   Mighty Shot   
20002911,[AoW]   Fletched Cold Bone Arrow   Mighty Shot   
20002915,[AoW]   Fletched Cold Bone Arrow   Mighty Shot   
20002916,[AoW]   Fletched Cold Bone Arrow   Mighty Shot   
20002920,[AoW]   Fletched Cold Bone Arrow   Barrage   
20002925,[AoW]   Fletched Cold Bone Arrow   Barrage   
20002930,[AoW]   Fletched Cold Bone Arrow   Enchanted Shot   
20002935,[AoW]   Fletched Cold Bone Arrow   Enchanted Shot   
20002940,[AoW]   Fletched Cold Bone Arrow   Sky Shot   
20002945,[AoW]   Fletched Cold Bone Arrow   Sky Shot   
20002950,[AoW]   Fletched Cold Bone Arrow   Rain Of Arrows   
20002951,[AoW]   Fletched Cold Bone Arrow   Rain Of Arrows   
20002952,[AoW]   Fletched Cold Bone Arrow   Rain Of Arrows   
20002953,[AoW]   Fletched Cold Bone Arrow   Rain Of Arrows Emitter   
20002954,[AoW]   Fletched Cold Bone Arrow   Rain Of Arrows   
20002955,[AoW]   Fletched Cold Bone Arrow   Rain Of Arrows   
20002956,[AoW]   Fletched Cold Bone Arrow   Rain Of Arrows   
20002957,[AoW]   Fletched Cold Bone Arrow   Rain Of Arrows   
20002958,[AoW]   Fletched Cold Bone Arrow   Rain Of Arrows   
20002959,[AoW]   Fletched Cold Bone Arrow   Rain Of Arrows   
20002970,[AoW]   Fletched Cold Bone Arrow   Through And Through   
20002975,[AoW]   Fletched Cold Bone Arrow   Through And Through   
20003000,Cold Bone Arrow   
20003001,Cold Bone Arrow   
20003005,Cold Bone Arrow   
20003010,[AoW]   Cold Bone Arrow   Mighty Shot   
20003011,[AoW]   Cold Bone Arrow   Mighty Shot   
20003015,[AoW]   Cold Bone Arrow   Mighty Shot   
20003016,[AoW]   Cold Bone Arrow   Mighty Shot   
20003020,[AoW]   Cold Bone Arrow   Barrage   
20003025,[AoW]   Cold Bone Arrow   Barrage   
20003030,[AoW]   Cold Bone Arrow   Enchanted Shot   
20003035,[AoW]   Cold Bone Arrow   Enchanted Shot   
20003040,[AoW]   Cold Bone Arrow   Sky Shot   
20003045,[AoW]   Cold Bone Arrow   Sky Shot   
20003050,[AoW]   Cold Bone Arrow   Rain Of Arrows   
20003051,[AoW]   Cold Bone Arrow   Rain Of Arrows   
20003052,[AoW]   Cold Bone Arrow   Rain Of Arrows   
20003053,[AoW]   Cold Bone Arrow   Rain Of Arrows Emitter   
20003054,[AoW]   Cold Bone Arrow   Rain Of Arrows   
20003055,[AoW]   Cold Bone Arrow   Rain Of Arrows   
20003056,[AoW]   Cold Bone Arrow   Rain Of Arrows   
20003057,[AoW]   Cold Bone Arrow   Rain Of Arrows   
20003058,[AoW]   Cold Bone Arrow   Rain Of Arrows   
20003059,[AoW]   Cold Bone Arrow   Rain Of Arrows   
20003070,[AoW]   Cold Bone Arrow   Through And Through   
20003075,[AoW]   Cold Bone Arrow   Through And Through   
20003100,Fletched Rot Bone Arrow   
20003101,Fletched Rot Bone Arrow   
20003105,Fletched Rot Bone Arr Ow   
20003110,[AoW]   Fletched Rot Bone Arrow   Mighty Shot   
20003111,[AoW]   Fletched Rot Bone Arrow   Mighty Shot   
20003115,[AoW]   Fletched Rot Bone Arrow   Mighty Shot   
20003116,[AoW]   Fletched Rot Bone Arrow   Mighty Shot   
20003120,[AoW]   Fletched Rot Bone Arrow   Barrage   
20003125,[AoW]   Fletched Rot Bone Arrow   Barrage   
20003130,[AoW]   Fletched Rot Bone Arrow   Enchanted Shot   
20003135,[AoW]   Fletched Rot Bone Arrow   Enchanted Shot   
20003140,[AoW]   Fletched Rot Bone Arrow   Sky Shot   
20003145,[AoW]   Fletched Rot Bone Arrow   Sky Shot   
20003150,[AoW]   Fletched Rot Bone Arrow   Rain Of Arrows   
20003151,[AoW]   Fletched Rot Bone Arrow   Rain Of Arrows   
20003152,[AoW]   Fletched Rot Bone Arrow   Rain Of Arrows   
20003153,[AoW]   Fletched Rot Bone Arrow   Rain Of Arrows Emitter   
20003154,[AoW]   Fletched Rot Bone Arrow   Rain Of Arrows   
20003155,[AoW]   Fletched Rot Bone Arrow   Rain Of Arrows   
20003156,[AoW]   Fletched Rot Bone Arrow   Rain Of Arrows   
20003157,[AoW]   Fletched Rot Bone Arrow   Rain Of Arrows   
20003158,[AoW]   Fletched Rot Bone Arrow   Rain Of Arrows   
20003159,[AoW]   Fletched Rot Bone Arrow   Rain Of Arrows   
20003170,[AoW]   Fletched Rot Bone Arrow   Through And Through   
20003175,[AoW]   Fletched Rot Bone Arrow   Through And Through   
20003200,Rotbone Arrow   
20003201,Rotbone Arrow   
20003205,Rotbone Arrow   
20003210,[AoW]   Rot Bone Arrow   Mighty Shot   
20003211,[AoW]   Rot Bone Arrow   Mighty Shot   
20003215,[AoW]   Rot Bone Arrow   Mighty Shot   
20003216,[AoW]   Rot Bone Arrow   Mighty Shot   
20003220,[AoW]   Rot Bone Arrow   Barrage   
20003225,[AoW]   Rot Bone Arrow   Barrage   
20003230,[AoW]   Rot Bone Arrow   Enchanted Shot   
20003235,[AoW]   Rot Bone Arrow   Enchanted Shot   
20003240,[AoW]   Rot Bone Arrow   Sky Shot   
20003245,[AoW]   Rot Bone Arrow   Sky Shot   
20003250,[AoW]   Rot Bone Arrow   Rain Of Arrows   
20003251,[AoW]   Rot Bone Arrow   Rain Of Arrows   
20003252,[AoW]   Rot Bone Arrow   Rain Of Arrows   
20003253,[AoW]   Rot Bone Arrow   Rain Of Arrows Emitter   
20003254,[AoW]   Rot Bone Arrow   Rain Of Arrows   
20003255,[AoW]   Rot Bone Arrow   Rain Of Arrows   
20003256,[AoW]   Rot Bone Arrow   Rain Of Arrows   
20003257,[AoW]   Rot Bone Arrow   Rain Of Arrows   
20003258,[AoW]   Rot Bone Arrow   Rain Of Arrows   
20003259,[AoW]   Rot Bone Arrow   Rain Of Arrows   
20003270,[AoW]   Rot Bone Arrow   Through And Through   
20003275,[AoW]   Rot Bone Arrow   Through And Through   
20005000,Great Arrow   
20005050,[AoW]   Great Arrow   Rain Of Arrows   
20005051,[AoW]   Great Arrow   Rain Of Arrows   
20005052,[AoW]   Great Arrow   Rain Of Arrows   
20005053,[AoW]   Great Arrow   Rain Of Arrows Emitter   
20005054,[AoW]   Great Arrow   Rain Of Arrows   
20005055,[AoW]   Great Arrow   Rain Of Arrows   
20005056,[AoW]   Great Arrow   Rain Of Arrows   
20005057,[AoW]   Great Arrow   Rain Of Arrows   
20005058,[AoW]   Great Arrow   Rain Of Arrows   
20005059,[AoW]   Great Arrow   Rain Of Arrows   
20005070,[AoW]   Great Arrow   Through And Through   
20005075,[AoW]   Great Arrow   Through And Through   
20005080,Great Arrow   
20005081,Great Arrow   
20005082,Great Arrow   
20005083,Great Arrow   
20005084,Great Arrow   
20005085,Great Arrow   
20005086,Great Arrow   
20005087,Great Arrow   
20005088,Great Arrow   
20005089,Great Arrow   
20005100,Golems Arrow   
20005101,Golems Arrow   
20005102,Golems Arrow   
20005103,Golems Arrow   
20005104,Golems Arrow   
20005105,Golems Arrow   
20005106,Golems Arrow   
20005150,[AoW]   Golems Arrow   Rain Of Arrows   
20005151,[AoW]   Golems Arrow   Rain Of Arrows   
20005152,[AoW]   Golems Arrow   Rain Of Arrows   
20005153,[AoW]   Golems Arrow   Rain Of Arrows Emitter   
20005154,[AoW]   Golems Arrow   Rain Of Arrows   
20005155,[AoW]   Golems Arrow   Rain Of Arrows   
20005156,[AoW]   Golems Arrow   Rain Of Arrows   
20005157,[AoW]   Golems Arrow   Rain Of Arrows   
20005158,[AoW]   Golems Arrow   Rain Of Arrows   
20005159,[AoW]   Golems Arrow   Rain Of Arrows   
20005170,[AoW]   Golems Arrow   Through And Through   
20005175,[AoW]   Golems Arrow   Through And Through   
20005180,Golems Arrow   
20005181,Golems Arrow   
20005182,Golems Arrow   
20005183,Golems Arrow   
20005184,Golems Arrow   
20005185,Golems Arrow   
20005186,Golems Arrow   
20005187,Golems Arrow   
20005188,Golems Arrow   
20005189,Golems Arrow   
20005200,Golden Great Arrow   
20005201,Golden Great Arrow   
20005250,[AoW]   Golden Great Arrow   Rain Of Arrows   
20005251,[AoW]   Golden Great Arrow   Rain Of Arrows   
20005252,[AoW]   Golden Great Arrow   Rain Of Arrows   
20005253,[AoW]   Golden Great Arrow   Rain Of Arrows Emitter   
20005254,[AoW]   Golden Great Arrow   Rain Of Arrows   
20005255,[AoW]   Golden Great Arrow   Rain Of Arrows   
20005256,[AoW]   Golden Great Arrow   Rain Of Arrows   
20005257,[AoW]   Golden Great Arrow   Rain Of Arrows   
20005258,[AoW]   Golden Great Arrow   Rain Of Arrows   
20005259,[AoW]   Golden Great Arrow   Rain Of Arrows   
20005270,[AoW]   Golden Great Arrow   Through And Through   
20005275,[AoW]   Golden Great Arrow   Through And Through   
20005280,Golden Great Arrow   
20005281,Golden Great Arrow   
20005282,Golden Great Arrow   
20005283,Golden Great Arrow   
20005284,Golden Great Arrow   
20005285,Golden Great Arrow   
20005286,Golden Great Arrow   
20005287,Golden Great Arrow   
20005288,Golden Great Arrow   
20005289,Golden Great Arrow   
20005300,Golems Magic Arrow   
20005350,[AoW]   Golems Magic Arrow   Rain Of Arrows   
20005351,[AoW]   Golems Magic Arrow   Rain Of Arrows   
20005352,[AoW]   Golems Magic Arrow   Rain Of Arrows   
20005353,[AoW]   Golems Magic Arrow   Rain Of Arrows Emitter   
20005354,[AoW]   Golems Magic Arrow   Rain Of Arrows   
20005355,[AoW]   Golems Magic Arrow   Rain Of Arrows   
20005356,[AoW]   Golems Magic Arrow   Rain Of Arrows   
20005357,[AoW]   Golems Magic Arrow   Rain Of Arrows   
20005358,[AoW]   Golems Magic Arrow   Rain Of Arrows   
20005359,[AoW]   Golems Magic Arrow   Rain Of Arrows   
20005370,[AoW]   Golems Magic Arrow   Through And Through   
20005375,[AoW]   Golems Magic Arrow   Through And Through   
20005380,Golems Magic Arrow   
20005381,Golems Magic Arrow   
20005382,Golems Magic Arrow   
20005383,Golems Magic Arrow   
20005384,Golems Magic Arrow   
20005385,Golems Magic Arrow   
20005386,Golems Magic Arrow   
20005387,Golems Magic Arrow   
20005388,Golems Magic Arrow   
20005389,Golems Magic Arrow   
20005400,Radahns Spear   
20005450,[AoW]   Radahns Spear   Rain Of Arrows   
20005451,[AoW]   Radahns Spear   Rain Of Arrows   
20005452,[AoW]   Radahns Spear   Rain Of Arrows   
20005453,[AoW]   Radahns Spear   Rain Of Arrows Emitter   
20005454,[AoW]   Radahns Spear   Rain Of Arrows   
20005455,[AoW]   Radahns Spear   Rain Of Arrows   
20005456,[AoW]   Radahns Spear   Rain Of Arrows   
20005457,[AoW]   Radahns Spear   Rain Of Arrows   
20005458,[AoW]   Radahns Spear   Rain Of Arrows   
20005459,[AoW]   Radahns Spear   Rain Of Arrows   
20005470,[AoW]   Radahns Spear   Through And Through   
20005475,[AoW]   Radahns Spear   Through And Through   
20005480,Radahns Spear   
20005481,Radahns Spear   
20005482,Radahns Spear   
20005483,Radahns Spear   
20005484,Radahns Spear   
20005485,Radahns Spear   
20005486,Radahns Spear   
20005487,Radahns Spear   
20005488,Radahns Spear   
20005489,Radahns Spear   
20005500,Fletched Bone Great Arrow   
20005550,[AoW]   Fletched Bone Great Arrow   Rain Of Arrows   
20005551,[AoW]   Fletched Bone Great Arrow   Rain Of Arrows   
20005552,[AoW]   Fletched Bone Great Arrow   Rain Of Arrows   
20005553,[AoW]   Fletched Bone Great Arrow   Rain Of Arrows Emitter   
20005554,[AoW]   Fletched Bone Great Arrow   Rain Of Arrows   
20005555,[AoW]   Fletched Bone Great Arrow   Rain Of Arrows   
20005556,[AoW]   Fletched Bone Great Arrow   Rain Of Arrows   
20005557,[AoW]   Fletched Bone Great Arrow   Rain Of Arrows   
20005558,[AoW]   Fletched Bone Great Arrow   Rain Of Arrows   
20005559,[AoW]   Fletched Bone Great Arrow   Rain Of Arrows   
20005570,[AoW]   Fletched Bone Great Arrow   Through And Through   
20005575,[AoW]   Fletched Bone Great Arrow   Through And Through   
20005580,Fletched Bone Great Arrow   
20005581,Fletched Bone Great Arrow   
20005582,Fletched Bone Great Arrow   
20005583,Fletched Bone Great Arrow   
20005584,Fletched Bone Great Arrow   
20005585,Fletched Bone Great Arrow   
20005586,Fletched Bone Great Arrow   
20005587,Fletched Bone Great Arrow   
20005588,Fletched Bone Great Arrow   
20005589,Fletched Bone Great Arrow   
20005600,Bone Great Arrow   
20005650,[AoW]   Bone Great Bone Arrow   Rain Of Arrows   
20005651,[AoW]   Bone Great Bone Arrow   Rain Of Arrows   
20005652,[AoW]   Bone Great Bone Arrow   Rain Of Arrows   
20005653,[AoW]   Bone Great Bone Arrow   Rain Of Arrows Emitter   
20005654,[AoW]   Bone Great Bone Arrow   Rain Of Arrows   
20005655,[AoW]   Bone Great Bone Arrow   Rain Of Arrows   
20005656,[AoW]   Bone Great Bone Arrow   Rain Of Arrows   
20005657,[AoW]   Bone Great Bone Arrow   Rain Of Arrows   
20005658,[AoW]   Bone Great Bone Arrow   Rain Of Arrows   
20005659,[AoW]   Bone Great Bone Arrow   Rain Of Arrows   
20005670,[AoW]   Bone Great Bone Arrow   Through And Through   
20005675,[AoW]   Bone Great Bone Arrow   Through And Through   
20005680,Bone Great Bone Arrow   
20005681,Bone Great Bone Arrow   
20005682,Bone Great Bone Arrow   
20005683,Bone Great Bone Arrow   
20005684,Bone Great Bone Arrow   
20005685,Bone Great Bone Arrow   
20005686,Bone Great Bone Arrow   
20005687,Bone Great Bone Arrow   
20005688,Bone Great Bone Arrow   
20005689,Bone Great Bone Arrow   
20007000,Regular Bolt   
20007010,Regular Bolt   
20007020,Regular Bolt   
20007021,Regular Bolt   
20007022,Regular Bolt   
20007023,Regular Bolt   
20007024,Regular Bolt   
20007100,Lightning Bolt   
20007101,Lightning Bolt   
20007110,Lightning Bolt   
20007111,Lightning Bolt   
20007120,Lightning Bolt   
20007121,Lightning Bolt   
20007122,Lightning Bolt   
20007123,Lightning Bolt   
20007124,Lightning Bolt   
20007180,
20007181,
20007182,
20007183,
20007184,
20007185,
20007190,
20007191,
20007192,
20007193,
20007194,
20007195,
20007200,Perfumers Bolt   
20007201,Perfumers Bolt   
20007210,Perfumers Bolt   
20007211,Perfumers Bolt   
20007220,Perfumers Bolt   
20007221,Perfumers Bolt   
20007222,Perfumers Bolt   
20007223,Perfumers Bolt   
20007224,Perfumers Bolt   
20007225,Perfumers Bolt   
20007300,Black-Key Bolt   
20007310,Black-Key Bolt   
20007320,Black-Key Bolt   
20007321,Black-Key Bolt   
20007322,Black-Key Bolt   
20007323,Black-Key Bolt   
20007324,Black-Key Bolt   
20007400,Burred Bolt   
20007410,Burred Bolt   
20007420,Burred Bolt   
20007421,Burred Bolt   
20007422,Burred Bolt   
20007423,Burred Bolt   
20007424,Burred Bolt   
20007500,Meteor Bolt   
20007510,Meteor Bolt   
20007520,Meteor Bolt   
20007521,Meteor Bolt   
20007522,Meteor Bolt   
20007523,Meteor Bolt   
20007524,Meteor Bolt   
20007600,Explosive Bolt   
20007601,Explosive Bolt   
20007610,Explosive Bolt   
20007611,Explosive Bolt   
20007620,Explosive Bolt   
20007621,Explosive Bolt   
20007622,Explosive Bolt   
20007623,Explosive Bolt   
20007624,Explosive Bolt   
20007625,Explosive Bolt   
20007700,Golden Bolt   
20007710,Golden Bolt   
20007720,Golden Bolt   
20007721,Golden Bolt   
20007722,Golden Bolt   
20007723,Golden Bolt   
20007724,Golden Bolt   
20007800,Lordsworn Bolt   
20007810,Lordsworn Bolt   
20007820,Lordsworn Bolt   
20007821,Lordsworn Bolt   
20007822,Lordsworn Bolt   
20007823,Lordsworn Bolt   
20007824,Lordsworn Bolt   
20007900,Bone Bolt   
20007910,Bone Bolt   
20007920,Bone Bolt   
20007921,Bone Bolt   
20007922,Bone Bolt   
20007923,Bone Bolt   
20007924,Bone Bolt   
20008000,Fire Bone Bolt   
20008010,Fire Bone Bolt   
20008020,Fire Bone Bolt   
20008021,Fire Bone Bolt   
20008022,Fire Bone Bolt   
20008023,Fire Bone Bolt   
20008024,Fire Bone Bolt   
20008100,Lightning Bone Bolt   
20008110,Lightning Bone Bolt   
20008120,Lightning Bone Bolt   
20008121,Lightning Bone Bolt   
20008122,Lightning Bone Bolt   
20008123,Lightning Bone Bolt   
20008124,Lightning Bone Bolt   
20008190,
20008191,
20008192,
20008193,
20008194,
20008195,
20008196,
20008197,
20008200,Magic Bone Bolt   
20008210,Magic Bone Bolt   
20008220,Magic Bone Bolt   
20008221,Magic Bone Bolt   
20008222,Magic Bone Bolt   
20008223,Magic Bone Bolt   
20008224,Magic Bone Bolt   
20008300,Halig Bone Bolt   
20008310,Halig Bone Bolt   
20008320,Halig Bone Bolt   
20008321,Halig Bone Bolt   
20008322,Halig Bone Bolt   
20008323,Halig Bone Bolt   
20008324,Halig Bone Bolt   
20008400,Poison Bone Bolt   
20008410,Poison Bone Bolt   
20008420,Poison Bone Bolt   
20008421,Poison Bone Bolt   
20008422,Poison Bone Bolt   
20008423,Poison Bone Bolt   
20008424,Poison Bone Bolt   
20008500,Blood Bone Bolt   
20008510,Blood Bone Bolt   
20008520,Blood Bone Bolt   
20008521,Blood Bone Bolt   
20008522,Blood Bone Bolt   
20008523,Blood Bone Bolt   
20008524,Blood Bone Bolt   
20008600,Cold Bone Bolt   
20008610,Cold Bone Bolt   
20008620,Cold Bone Bolt   
20008621,Cold Bone Bolt   
20008622,Cold Bone Bolt   
20008623,Cold Bone Bolt   
20008624,Cold Bone Bolt   
20008700,Rot Bone Bolt   
20008710,Rot Bone Bolt   
20008720,Rot Bone Bolt   
20008721,Rot Bone Bolt   
20008722,Rot Bone Bolt   
20008723,Rot Bone Bolt   
20008724,Rot Bone Bolt   
20008800,Sleep Bone Bolt   
20008810,Sleep Bone Bolt   
20008820,Sleep Bone Bolt   
20008821,Sleep Bone Bolt   
20008822,Sleep Bone Bolt   
20008823,Sleep Bone Bolt   
20008824,Sleep Bone Bolt   
20008900,Flaming Bolt   
20008910,Flaming Bolt   
20008920,Flaming Bolt   
20008921,Flaming Bolt   
20008922,Flaming Bolt   
20008923,Flaming Bolt   
20008924,Flaming Bolt   
20009000,Ballista Bolt   
20009010,Ballista Bolt   
20009100,Lightning Great Bolt   
20009101,Lightning Great Bolt   
20009110,Lightning Great Bolt   
20009111,Lightning Great Bolt   
20009190,Lightning Great Bolt   
20009191,Lightning Great Bolt   
20009192,Lightning Great Bolt   
20009193,Lightning Great Bolt   
20009194,Lightning Great Bolt   
20009195,Lightning Great Bolt   
20009196,Lightning Great Bolt   
20009197,Lightning Great Bolt   
20009200,Explosive Great Bolt   
20009201,Explosive Great Bolt   
20009210,Explosive Great Bolt   
20009211,Explosive Great Bolt   
20009300,Ballista Bone Bolt   
20009310,Ballista Bone Bolt   
81000000,Fire Bone Arrow   Npc 1   Atk Id Is Npc Values Are Higher   
81001000,Fire Bone Arrow   Npc 2   Atk Id Is Npc Values Are Higher   
81001010,Fire Bone Arrow   Npc 3   Atk Id Is Npc Values Are Higher   
81001020,Fire Bone Arrow   Npc 4   Atk Id Is Npc Values Are Higher   
81001030,Fire Bone Arrow   Npc 5   Atk Id Is Npc Values Are Higher   
81001040,Fire Bone Arrow   Npc 6   Atk Id Is Npc Values Are Higher   
81001050,Fire Bone Arrow   Npc 7   Atk Id Is Npc Values Are Higher   
81001060,Fire Bone Arrow   Npc 8   Atk Id Is Npc Values Are Higher   
81001070,Fire Bone Arrow   Npc 9   Atk Id Is Npc Values Are Higher   
81010000,Cold Bone Arrow   Npc 1   Atk Id Is Npc Values Are Higher   
81010010,Cold Bone Arrow   Npc 2   Atk Id Is Npc Values Are Higher   
81010020,Cold Bone Arrow   Npc 3   Atk Id Is Npc Values Are Higher   
81010030,Cold Bone Arrow   Npc 4   Atk Id Is Npc Values Are Higher   
81010040,Cold Bone Arrow   Npc 5   Atk Id Is Npc Values Are Higher   
81010050,Cold Bone Arrow   Npc 6   Atk Id Is Npc Values Are Higher   
81010060,Cold Bone Arrow   Npc 7   Atk Id Is Npc Values Are Higher   
81010070,Cold Bone Arrow   Npc 8   Atk Id Is Npc Values Are Higher   
81020000,Sfx Id->806751-806752<-Valid Ids   
81020001,
81020002,
81020003,Sfx Id 300173->Silver Tear   
81020004,Sfx Id 300173->Silver Tear   
81020010,Sfx Id->806751-806752<-Valid Ids   
81020011,
81020012,
81020013,Sfx Id 300173->Silver Tear   
81020014,Sfx Id 300173->Silver Tear   
81020020,Sfx Id->806751-806752<-Valid Ids   
81020021,
81020022,
81020023,Sfx Id 300173->Silver Tear   
81020024,Sfx Id 300173->Silver Tear   
81020030,Sfx Id->806751-806752<-Valid Ids   
81020031,
81020032,
81020033,Sfx Id 300173->Silver Tear   
81020034,Sfx Id 300173->Silver Tear   
81020040,Sfx Id->806751-806752<-Valid Ids   
81020041,
81020042,
81020043,Sfx Id 300173->Silver Tear   
81020044,Sfx Id 300173->Silver Tear   
81020050,Sfx Id->806751-806752<-Valid Ids   
81020051,
81020052,
81020053,Sfx Id 300173->Silver Tear   
81020054,Sfx Id 300173->Silver Tear   
81020060,Sfx Id->806751-806752<-Valid Ids   
81020061,
81020062,
81020063,Sfx Id 300173->Silver Tear   
81020064,Sfx Id 300173->Silver Tear   
81020070,Sfx Id->806751-806752<-Valid Ids   
81020071,
81020072,
81020073,Sfx Id 300173->Silver Tear   
81020074,Sfx Id 300173->Silver Tear   
81030000,
81032000,
81032010,
81032020,
81032030,
81032040,
81032050,
81032060,
81032070,
81100000,
81100001,
81100005,
81100006,
81100700,
81100701,
81100705,
81100706,
81100710,
81100711,
81100720,
81100721,
81100730,
81100731,
81100740,
81100741,
81100750,
81100751,
81100760,
81100761,
81100770,
81100771,
81101000,
81101001,
81101005,
81101006,
81101010,
81101011,
81101020,
81101021,
81101030,
81101031,
81101040,
81101041,
81101050,
81101051,
81101060,
81101061,
81101070,
81101071,
81101200,
81101201,
81101205,
81101206,
81101210,
81101211,
81101220,
81101221,
81101230,
81101231,
81101240,
81101241,
81101250,
81101251,
81101260,
81101261,
81101270,
81101271,
81103200,
81103201,
81103205,
81103206,
81103210,
81103211,
81103220,
81103221,
81103230,
81103231,
81103240,
81103241,
81103250,
81103251,
81103260,
81103261,
81103270,
81103271,
81103300,
81103301,
81103305,
81103306,
81103310,
81103311,
81103320,
81103321,
81103330,
81103331,
81103340,
81103341,
81103350,
81103351,
81103360,
81103361,
81103370,
81103371,
81105000,
81105001,
81105005,
81105006,
81105010,
81105011,
81105020,
81105021,
81105030,
81105031,
81105040,
81105041,
81105050,
81105051,
81105060,
81105061,
81105070,
81105071,
81110000,
81110001,
81110005,
81110006,
81110010,
81110011,
81110020,
81110021,
81110030,
81110031,
81110040,
81110041,
81110050,
81110051,
81110060,
81110061,
81110070,
81110071,
81300000,
81301200,
81301210,
81301220,
81301230,
81301240,
81301250,
81301260,
81301270,
81303200,
81303210,
81303220,
81303230,
81303240,
81303250,
81303260,
81303270,
82100000,
82100001,
82100002,
82100003,
82100004,
82100005,
82100006,
82100007,
82100008,
82101000,
82101001,
82101002,
82101003,
82101010,
82101011,
82101012,
82101013,
82101020,
82101021,
82101022,
82101023,
82101030,
82101031,
82101032,
82101033,
82101040,
82101041,
82101042,
82101043,
82101050,
82101051,
82101052,
82101053,
82101060,
82101061,
82101062,
82101063,
82101070,
82101071,
82101072,
82101073,
82101200,
82101201,
82101202,
82101203,
82101210,
82101211,
82101212,
82101213,
82101220,
82101221,
82101222,
82101223,
82101230,
82101231,
82101232,
82101233,
82101240,
82101241,
82101242,
82101243,
82101250,
82101251,
82101252,
82101253,
82101260,
82101261,
82101262,
82101263,
82101270,
82101271,
82101272,
82101273,
82102000,
82102001,
82102002,
82102003,
82102004,
82102005,
82102006,
82102007,
82102008,
82102010,
82102011,
82102012,
82102013,
82102014,
82102015,
82102016,
82102017,
82102018,
82102020,
82102021,
82102022,
82102023,
82102024,
82102025,
82102026,
82102027,
82102028,
82102030,
82102031,
82102032,
82102033,
82102034,
82102035,
82102036,
82102037,
82102038,
82102040,
82102041,
82102042,
82102043,
82102044,
82102045,
82102046,
82102047,
82102048,
82102050,One Random Lightning Strike 30 M Radius Around Player 0   Fulgur Bloom Near Agheel Lake North Grace   
82102051,One Random Lightning Strike 30 M Radius Around Player 1   Fulgur Bloom Near Agheel Lake North Grace   
82102052,One Random Lightning Strike 30 M Radius Around Player 2   Fulgur Bloom Near Agheel Lake North Grace   
82102053,One Random Lightning Strike 30 M Radius Around Player 3   Fulgur Bloom Near Agheel Lake North Grace   
82102054,One Random Lightning Strike 30 M Radius Around Player 4   Fulgur Bloom Near Agheel Lake North Grace   
82102055,One Random Lightning Strike 30 M Radius Around Player 5   Fulgur Bloom Near Agheel Lake North Grace   
82102056,One Random Lightning Strike 30 M Radius Around Player 6   Fulgur Bloom Near Agheel Lake North Grace   
82102057,One Random Lightning Strike 30 M Radius Around Player 7   Fulgur Bloom Near Agheel Lake North Grace   
82102058,One Random Lightning Strike 30 M Radius Around Player 8   Fulgur Bloom Near Agheel Lake North Grace   
82102060,One Random Lightning Strike 30 M Radius Around Player 0   Fulgur Bloom   
82102061,One Random Lightning Strike 30 M Radius Around Player 1   Fulgur Bloom   
82102062,One Random Lightning Strike 30 M Radius Around Player 2   Fulgur Bloom   
82102063,One Random Lightning Strike 30 M Radius Around Player 3   Fulgur Bloom   
82102064,One Random Lightning Strike 30 M Radius Around Player 4   Fulgur Bloom   
82102065,One Random Lightning Strike 30 M Radius Around Player 5   Fulgur Bloom   
82102066,One Random Lightning Strike 30 M Radius Around Player 6   Fulgur Bloom   
82102067,One Random Lightning Strike 30 M Radius Around Player 7   Fulgur Bloom   
82102068,One Random Lightning Strike 30 M Radius Around Player 8   Fulgur Bloom   
82102070,One Random Lightning Strike 30 M Radius Around Player 0   Fulgur Bloom   
82102071,One Random Lightning Strike 30 M Radius Around Player 1   Fulgur Bloom   
82102072,One Random Lightning Strike 30 M Radius Around Player 2   Fulgur Bloom   
82102073,One Random Lightning Strike 30 M Radius Around Player 3   Fulgur Bloom   
82102074,One Random Lightning Strike 30 M Radius Around Player 4   Fulgur Bloom   
82102075,One Random Lightning Strike 30 M Radius Around Player 5   Fulgur Bloom   
82102076,One Random Lightning Strike 30 M Radius Around Player 6   Fulgur Bloom   
82102077,One Random Lightning Strike 30 M Radius Around Player 7   Fulgur Bloom   
82102078,One Random Lightning Strike 30 M Radius Around Player 8   Fulgur Bloom   
82103000,One Random Lightning Strike 30 M Radius Around Player 0   Fulgur Bloom   
82103001,One Random Lightning Strike 30 M Radius Around Player 1   Fulgur Bloom   
82103002,One Random Lightning Strike 30 M Radius Around Player 2   Fulgur Bloom   
82103003,One Random Lightning Strike 30 M Radius Around Player 3   Fulgur Bloom   
82103004,One Random Lightning Strike 30 M Radius Around Player 4   Fulgur Bloom   
82103005,One Random Lightning Strike 30 M Radius Around Player 5   Fulgur Bloom   
82103006,One Random Lightning Strike 30 M Radius Around Player 6   Fulgur Bloom   
82103007,One Random Lightning Strike 30 M Radius Around Player 7   Fulgur Bloom   
82103008,One Random Lightning Strike 30 M Radius Around Player 8   Fulgur Bloom   
82103010,One Random Lightning Strike 30 M Radius Around Player 0   Fulgur Bloom   
82103011,One Random Lightning Strike 30 M Radius Around Player 1   Fulgur Bloom   
82103012,One Random Lightning Strike 30 M Radius Around Player 2   Fulgur Bloom   
82103013,One Random Lightning Strike 30 M Radius Around Player 3   Fulgur Bloom   
82103014,One Random Lightning Strike 30 M Radius Around Player 4   Fulgur Bloom   
82103015,One Random Lightning Strike 30 M Radius Around Player 5   Fulgur Bloom   
82103016,One Random Lightning Strike 30 M Radius Around Player 6   Fulgur Bloom   
82103017,One Random Lightning Strike 30 M Radius Around Player 7   Fulgur Bloom   
82103018,One Random Lightning Strike 30 M Radius Around Player 8   Fulgur Bloom   
82103020,One Random Lightning Strike 30 M Radius Around Player 0   Fulgur Bloom   
82103021,One Random Lightning Strike 30 M Radius Around Player 1   Fulgur Bloom   
82103022,One Random Lightning Strike 30 M Radius Around Player 2   Fulgur Bloom   
82103023,One Random Lightning Strike 30 M Radius Around Player 3   Fulgur Bloom   
82103024,One Random Lightning Strike 30 M Radius Around Player 4   Fulgur Bloom   
82103025,One Random Lightning Strike 30 M Radius Around Player 5   Fulgur Bloom   
82103026,One Random Lightning Strike 30 M Radius Around Player 6   Fulgur Bloom   
82103027,One Random Lightning Strike 30 M Radius Around Player 7   Fulgur Bloom   
82103028,One Random Lightning Strike 30 M Radius Around Player 8   Fulgur Bloom   
82103030,One Random Lightning Strike 30 M Radius Around Player 0   Fulgur Bloom   
82103031,One Random Lightning Strike 30 M Radius Around Player 1   Fulgur Bloom   
82103032,One Random Lightning Strike 30 M Radius Around Player 2   Fulgur Bloom   
82103033,One Random Lightning Strike 30 M Radius Around Player 3   Fulgur Bloom   
82103034,One Random Lightning Strike 30 M Radius Around Player 4   Fulgur Bloom   
82103035,One Random Lightning Strike 30 M Radius Around Player 5   Fulgur Bloom   
82103036,One Random Lightning Strike 30 M Radius Around Player 6   Fulgur Bloom   
82103037,One Random Lightning Strike 30 M Radius Around Player 7   Fulgur Bloom   
82103038,One Random Lightning Strike 30 M Radius Around Player 8   Fulgur Bloom   
82103040,Random Lightning Strikes 30 M Radius Around Player 0   
82103041,Random Lightning Strikes 30 M Radius Around Player 1   
82103042,Random Lightning Strikes 30 M Radius Around Player 2   
82103043,Random Lightning Strikes 30 M Radius Around Player 3   
82103044,Random Lightning Strikes 30 M Radius Around Player 4   
82103045,Random Lightning Strikes 30 M Radius Around Player 5   
82103046,Random Lightning Strikes 30 M Radius Around Player 6   
82103047,Random Lightning Strikes 30 M Radius Around Player 7   
82103048,Random Lightning Strikes 30 M Radius Around Player 8   
82103050,Random Lightning Strikes 30 M Radius Around Player 0   
82103051,Random Lightning Strikes 30 M Radius Around Player 1   
82103052,Random Lightning Strikes 30 M Radius Around Player 2   
82103053,Random Lightning Strikes 30 M Radius Around Player 3   
82103054,Random Lightning Strikes 30 M Radius Around Player 4   
82103055,Random Lightning Strikes 30 M Radius Around Player 5   
82103056,Random Lightning Strikes 30 M Radius Around Player 6   
82103057,Random Lightning Strikes 30 M Radius Around Player 7   
82103058,Random Lightning Strikes 30 M Radius Around Player 8   
82103060,Random Lightning Strikes 30 M Radius Around Player 0   
82103061,Random Lightning Strikes 30 M Radius Around Player 1   
82103062,Random Lightning Strikes 30 M Radius Around Player 2   
82103063,Random Lightning Strikes 30 M Radius Around Player 3   
82103064,Random Lightning Strikes 30 M Radius Around Player 4   
82103065,Random Lightning Strikes 30 M Radius Around Player 5   
82103066,Random Lightning Strikes 30 M Radius Around Player 6   
82103067,Random Lightning Strikes 30 M Radius Around Player 7   
82103068,Random Lightning Strikes 30 M Radius Around Player 8   
82103070,Random Lightning Strikes 30 M Radius Around Player 0   
82103071,Random Lightning Strikes 30 M Radius Around Player 1   
82103072,Random Lightning Strikes 30 M Radius Around Player 2   
82103073,Random Lightning Strikes 30 M Radius Around Player 3   
82103074,Random Lightning Strikes 30 M Radius Around Player 4   
82103075,Random Lightning Strikes 30 M Radius Around Player 5   
82103076,Random Lightning Strikes 30 M Radius Around Player 6   
82103077,Random Lightning Strikes 30 M Radius Around Player 7   
82103078,Random Lightning Strikes 30 M Radius Around Player 8   
82104200,Random Lightning Strikes 30 M Radius Around Player 0   
82104201,Random Lightning Strikes 30 M Radius Around Player 1   
82104202,Random Lightning Strikes 30 M Radius Around Player 2   
82104203,Random Lightning Strikes 30 M Radius Around Player 3   
82104204,Random Lightning Strikes 30 M Radius Around Player 4   
82104205,Random Lightning Strikes 30 M Radius Around Player 5   
82104206,Random Lightning Strikes 30 M Radius Around Player 6   
82104207,Random Lightning Strikes 30 M Radius Around Player 7   
82104208,Random Lightning Strikes 30 M Radius Around Player 8   
82104210,Random Lightning Strikes 30 M Radius Around Player 0   
82104211,Random Lightning Strikes 30 M Radius Around Player 1   
82104212,Random Lightning Strikes 30 M Radius Around Player 2   
82104213,Random Lightning Strikes 30 M Radius Around Player 3   
82104214,Random Lightning Strikes 30 M Radius Around Player 4   
82104215,Random Lightning Strikes 30 M Radius Around Player 5   
82104216,Random Lightning Strikes 30 M Radius Around Player 6   
82104217,Random Lightning Strikes 30 M Radius Around Player 7   
82104218,Random Lightning Strikes 30 M Radius Around Player 8   
82104220,Random Lightning Strikes 30 M Radius Around Player 0   
82104221,Random Lightning Strikes 30 M Radius Around Player 1   
82104222,Random Lightning Strikes 30 M Radius Around Player 2   
82104223,Random Lightning Strikes 30 M Radius Around Player 3   
82104224,Random Lightning Strikes 30 M Radius Around Player 4   
82104225,Random Lightning Strikes 30 M Radius Around Player 5   
82104226,Random Lightning Strikes 30 M Radius Around Player 6   
82104227,Random Lightning Strikes 30 M Radius Around Player 7   
82104228,Random Lightning Strikes 30 M Radius Around Player 8   
82104230,Random Lightning Strikes 30 M Radius Around Player 0   
82104231,Random Lightning Strikes 30 M Radius Around Player 1   
82104232,Random Lightning Strikes 30 M Radius Around Player 2   
82104233,Random Lightning Strikes 30 M Radius Around Player 3   
82104234,Random Lightning Strikes 30 M Radius Around Player 4   
82104235,Random Lightning Strikes 30 M Radius Around Player 5   
82104236,Random Lightning Strikes 30 M Radius Around Player 6   
82104237,Random Lightning Strikes 30 M Radius Around Player 7   
82104238,Random Lightning Strikes 30 M Radius Around Player 8   
82104240,Random Lightning Strikes 30 M Radius Around Player 0   
82104241,Random Lightning Strikes 30 M Radius Around Player 1   
82104242,Random Lightning Strikes 30 M Radius Around Player 2   
82104243,Random Lightning Strikes 30 M Radius Around Player 3   
82104244,Random Lightning Strikes 30 M Radius Around Player 4   
82104245,Random Lightning Strikes 30 M Radius Around Player 5   
82104246,Random Lightning Strikes 30 M Radius Around Player 6   
82104247,Random Lightning Strikes 30 M Radius Around Player 7   
82104248,Random Lightning Strikes 30 M Radius Around Player 8   
82104250,Random Lightning Strikes 30 M Radius Around Player 0   
82104251,Random Lightning Strikes 30 M Radius Around Player 1   
82104252,Random Lightning Strikes 30 M Radius Around Player 2   
82104253,Random Lightning Strikes 30 M Radius Around Player 3   
82104254,Random Lightning Strikes 30 M Radius Around Player 4   
82104255,Random Lightning Strikes 30 M Radius Around Player 5   
82104256,Random Lightning Strikes 30 M Radius Around Player 6   
82104257,Random Lightning Strikes 30 M Radius Around Player 7   
82104258,Random Lightning Strikes 30 M Radius Around Player 8   
82104260,Random Lightning Strikes 30 M Radius Around Player 0   
82104261,Random Lightning Strikes 30 M Radius Around Player 1   
82104262,Random Lightning Strikes 30 M Radius Around Player 2   
82104263,Random Lightning Strikes 30 M Radius Around Player 3   
82104264,Random Lightning Strikes 30 M Radius Around Player 4   
82104265,Random Lightning Strikes 30 M Radius Around Player 5   
82104266,Random Lightning Strikes 30 M Radius Around Player 6   
82104267,Random Lightning Strikes 30 M Radius Around Player 7   
82104268,Random Lightning Strikes 30 M Radius Around Player 8   
82104270,Random Lightning Strikes 30 M Radius Around Player 0   
82104271,Random Lightning Strikes 30 M Radius Around Player 1   
82104272,Random Lightning Strikes 30 M Radius Around Player 2   
82104273,Random Lightning Strikes 30 M Radius Around Player 3   
82104274,Random Lightning Strikes 30 M Radius Around Player 4   
82104275,Random Lightning Strikes 30 M Radius Around Player 5   
82104276,Random Lightning Strikes 30 M Radius Around Player 6   
82104277,Random Lightning Strikes 30 M Radius Around Player 7   
82104278,Random Lightning Strikes 30 M Radius Around Player 8   
82105000,Random Lightning Strikes 30 M Radius Around Player 0   
82105001,Random Lightning Strikes 30 M Radius Around Player 1   
82105002,Random Lightning Strikes 30 M Radius Around Player 2   
82105003,Random Lightning Strikes 30 M Radius Around Player 3   
82105004,Random Lightning Strikes 30 M Radius Around Player 4   
82105005,Random Lightning Strikes 30 M Radius Around Player 5   
82105006,Random Lightning Strikes 30 M Radius Around Player 6   
82105007,Random Lightning Strikes 30 M Radius Around Player 7   
82105008,Random Lightning Strikes 30 M Radius Around Player 8   
82105010,Random Lightning Strikes 30 M Radius Around Player 0   
82105011,Random Lightning Strikes 30 M Radius Around Player 1   
82105012,Random Lightning Strikes 30 M Radius Around Player 2   
82105013,Random Lightning Strikes 30 M Radius Around Player 3   
82105014,Random Lightning Strikes 30 M Radius Around Player 4   
82105015,Random Lightning Strikes 30 M Radius Around Player 5   
82105016,Random Lightning Strikes 30 M Radius Around Player 6   
82105017,Random Lightning Strikes 30 M Radius Around Player 7   
82105018,Random Lightning Strikes 30 M Radius Around Player 8   
82105020,Random Lightning Strikes 30 M Radius Around Player 0   
82105021,Random Lightning Strikes 30 M Radius Around Player 1   
82105022,Random Lightning Strikes 30 M Radius Around Player 2   
82105023,Random Lightning Strikes 30 M Radius Around Player 3   
82105024,Random Lightning Strikes 30 M Radius Around Player 4   
82105025,Random Lightning Strikes 30 M Radius Around Player 5   
82105026,Random Lightning Strikes 30 M Radius Around Player 6   
82105027,Random Lightning Strikes 30 M Radius Around Player 7   
82105028,Random Lightning Strikes 30 M Radius Around Player 8   
82105030,Random Lightning Strikes 30 M Radius Around Player 0   
82105031,Random Lightning Strikes 30 M Radius Around Player 1   
82105032,Random Lightning Strikes 30 M Radius Around Player 2   
82105033,Random Lightning Strikes 30 M Radius Around Player 3   
82105034,Random Lightning Strikes 30 M Radius Around Player 4   
82105035,Random Lightning Strikes 30 M Radius Around Player 5   
82105036,Random Lightning Strikes 30 M Radius Around Player 6   
82105037,Random Lightning Strikes 30 M Radius Around Player 7   
82105038,Random Lightning Strikes 30 M Radius Around Player 8   
82105040,Random Lightning Strikes 30 M Radius Around Player 0   
82105041,Random Lightning Strikes 30 M Radius Around Player 1   
82105042,Random Lightning Strikes 30 M Radius Around Player 2   
82105043,Random Lightning Strikes 30 M Radius Around Player 3   
82105044,Random Lightning Strikes 30 M Radius Around Player 4   
82105045,Random Lightning Strikes 30 M Radius Around Player 5   
82105046,Random Lightning Strikes 30 M Radius Around Player 6   
82105047,Random Lightning Strikes 30 M Radius Around Player 7   
82105048,Random Lightning Strikes 30 M Radius Around Player 8   
82105050,
82105051,
82105052,
82105053,
82105054,
82105055,
82105056,
82105057,
82105058,
82105060,
82105061,
82105062,
82105063,
82105064,
82105065,
82105066,
82105067,
82105068,
82105070,
82105071,
82105072,
82105073,
82105074,
82105075,
82105076,
82105077,
82105078,
82105200,
82105201,
82105202,
82105203,
82105204,
82105205,
82105206,
82105207,
82105208,
82105210,
82105211,
82105212,
82105213,
82105214,
82105215,
82105216,
82105217,
82105218,
82105220,
82105221,
82105222,
82105223,
82105224,
82105225,
82105226,
82105227,
82105228,
82105230,
82105231,
82105232,
82105233,
82105234,
82105235,
82105236,
82105237,
82105238,
82105240,
82105241,
82105242,
82105243,
82105244,
82105245,
82105246,
82105247,
82105248,
82105250,
82105251,
82105252,
82105253,
82105254,
82105255,
82105256,
82105257,
82105258,
82105260,
82105261,
82105262,
82105263,
82105264,
82105265,
82105266,
82105267,
82105268,
82105270,
82105271,
82105272,
82105273,
82105274,
82105275,
82105276,
82105277,
82105278,
82200000,
82200001,
82200005,
82200006,
82210000,
82210001,
82210002,
82210003,
82210005,
82210006,
82210007,
82210008,
82300000,
82300005,
82400000,
82400001,
82402000,
82402001,
82402010,
82402011,
82402020,
82402021,
82402030,
82402031,
82402040,
82402041,
82402050,
82402051,
82402060,
82402061,
82402070,
82402071,
82402200,
82402201,
82402210,
82402211,
82402220,
82402221,
82402230,
82402231,
82402240,
82402241,
82402250,
82402251,
82402260,
82402261,
82402270,
82402271,
82600000,Soul Spears Emerge From The Sky And Rain Down 1   
82600001,Soul Spears Emerge From The Sky And Rain Down 2   
82600002,Soul Spears Emerge From The Sky And Rain Down 3   
82600003,Soul Spears Emerge From The Sky And Rain Down 4   
82600004,Soul Spears Emerge From The Sky And Rain Down 5   
82600010,Soul Spears Emerge From The Sky And Rain Down 1   
82600011,Soul Spears Emerge From The Sky And Rain Down 2   
82600012,Soul Spears Emerge From The Sky And Rain Down 3   
82600013,Soul Spears Emerge From The Sky And Rain Down 4   
82600014,Soul Spears Emerge From The Sky And Rain Down 5   
82600020,Soul Spears Emerge From The Sky And Rain Down 1   
82600021,Soul Spears Emerge From The Sky And Rain Down 2   
82600022,Soul Spears Emerge From The Sky And Rain Down 3   
82600023,Soul Spears Emerge From The Sky And Rain Down 4   
82600024,Soul Spears Emerge From The Sky And Rain Down 5   
82600030,Soul Spears Emerge From The Sky And Rain Down 1   
82600031,Soul Spears Emerge From The Sky And Rain Down 2   
82600032,Soul Spears Emerge From The Sky And Rain Down 3   
82600033,Soul Spears Emerge From The Sky And Rain Down 4   
82600034,Soul Spears Emerge From The Sky And Rain Down 5   
82600040,Soul Spears Emerge From The Sky And Rain Down 1   
82600041,Soul Spears Emerge From The Sky And Rain Down 2   
82600042,Soul Spears Emerge From The Sky And Rain Down 3   
82600043,Soul Spears Emerge From The Sky And Rain Down 4   
82600044,Soul Spears Emerge From The Sky And Rain Down 5   
82600050,Soul Spears Emerge From The Sky And Rain Down 1   
82600051,Soul Spears Emerge From The Sky And Rain Down 2   
82600052,Soul Spears Emerge From The Sky And Rain Down 3   
82600053,Soul Spears Emerge From The Sky And Rain Down 4   
82600054,Soul Spears Emerge From The Sky And Rain Down 5   
82600060,Soul Spears Emerge From The Sky And Rain Down 1   
82600061,Soul Spears Emerge From The Sky And Rain Down 2   
82600062,Soul Spears Emerge From The Sky And Rain Down 3   
82600063,Soul Spears Emerge From The Sky And Rain Down 4   
82600064,Soul Spears Emerge From The Sky And Rain Down 5   
82600070,Soul Spears Emerge From The Sky And Rain Down 1   
82600071,Soul Spears Emerge From The Sky And Rain Down 2   
82600072,Soul Spears Emerge From The Sky And Rain Down 3   
82600073,Soul Spears Emerge From The Sky And Rain Down 4   
82600074,Soul Spears Emerge From The Sky And Rain Down 5   
82700000,Erupting Dark Orange Scarlet Rot Geyser+Smoke 1   
82700001,Erupting Dark Orange Scarlet Rot Geyser+Smoke 2   
82700002,Erupting Dark Orange Scarlet Rot Geyser+Smoke 3   
82700010,Erupting Dark Orange Scarlet Rot Geyser+Smoke 1   
82700011,Erupting Dark Orange Scarlet Rot Geyser+Smoke 2   
82700012,Erupting Dark Orange Scarlet Rot Geyser+Smoke 3   
82700020,Erupting Dark Orange Scarlet Rot Geyser+Smoke 1   
82700021,Erupting Dark Orange Scarlet Rot Geyser+Smoke 2   
82700022,Erupting Dark Orange Scarlet Rot Geyser+Smoke 3   
82700030,Erupting Dark Orange Scarlet Rot Geyser+Smoke 1   
82700031,Erupting Dark Orange Scarlet Rot Geyser+Smoke 2   
82700032,Erupting Dark Orange Scarlet Rot Geyser+Smoke 3   
82700040,Erupting Dark Orange Scarlet Rot Geyser+Smoke 1   
82700041,Erupting Dark Orange Scarlet Rot Geyser+Smoke 2   
82700042,Erupting Dark Orange Scarlet Rot Geyser+Smoke 3   
82700050,Erupting Dark Orange Scarlet Rot Geyser+Smoke 1   
82700051,Erupting Dark Orange Scarlet Rot Geyser+Smoke 2   
82700052,Erupting Dark Orange Scarlet Rot Geyser+Smoke 3   
82700060,Erupting Dark Orange Scarlet Rot Geyser+Smoke 1   
82700061,Erupting Dark Orange Scarlet Rot Geyser+Smoke 2   
82700062,Erupting Dark Orange Scarlet Rot Geyser+Smoke 3   
82700070,Erupting Dark Orange Scarlet Rot Geyser+Smoke 1   
82700071,Erupting Dark Orange Scarlet Rot Geyser+Smoke 2   
82700072,Erupting Dark Orange Scarlet Rot Geyser+Smoke 3   
82730000,Erupting Dark Orange Scarlet Rot Geyser+Smoke 1   
82730001,Erupting Dark Orange Scarlet Rot Geyser+Smoke 2   
82730002,Erupting Dark Orange Scarlet Rot Geyser+Smoke 3   
82730010,Erupting Dark Orange Scarlet Rot Geyser+Smoke 1   
82730011,Erupting Dark Orange Scarlet Rot Geyser+Smoke 2   
82730012,Erupting Dark Orange Scarlet Rot Geyser+Smoke 3   
82730020,Erupting Dark Orange Scarlet Rot Geyser+Smoke 1   
82730021,Erupting Dark Orange Scarlet Rot Geyser+Smoke 2   
82730022,Erupting Dark Orange Scarlet Rot Geyser+Smoke 3   
82730030,Erupting Dark Orange Scarlet Rot Geyser+Smoke 1   
82730031,Erupting Dark Orange Scarlet Rot Geyser+Smoke 2   
82730032,Erupting Dark Orange Scarlet Rot Geyser+Smoke 3   
82730040,Erupting Dark Orange Scarlet Rot Geyser+Smoke 1   
82730041,Erupting Dark Orange Scarlet Rot Geyser+Smoke 2   
82730042,Erupting Dark Orange Scarlet Rot Geyser+Smoke 3   
82730050,Erupting Dark Orange Scarlet Rot Geyser+Smoke 1   
82730051,Erupting Dark Orange Scarlet Rot Geyser+Smoke 2   
82730052,Erupting Dark Orange Scarlet Rot Geyser+Smoke 3   
82730060,Erupting Dark Orange Scarlet Rot Geyser+Smoke 1   
82730061,Erupting Dark Orange Scarlet Rot Geyser+Smoke 2   
82730062,Erupting Dark Orange Scarlet Rot Geyser+Smoke 3   
82730070,Erupting Dark Orange Scarlet Rot Geyser+Smoke 1   
82730071,Erupting Dark Orange Scarlet Rot Geyser+Smoke 2   
82730072,Erupting Dark Orange Scarlet Rot Geyser+Smoke 3   
82800000,Erupting Flame Geyser+Orange Smoke That Turns Gray Near The Top 1   
82800001,Erupting Flame Geyser+Orange Smoke That Turns Gray Near The Top 2   
82800002,Erupting Flame Geyser+Orange Smoke That Turns Gray Near The Top 3   
82800004,Erupting Flame Geyser+Orange Smoke That Turns Gray Near The Top 4   
82803200,Erupting Flame Geyser+Orange Smoke That Turns Gray Near The Top 1   
82803201,Erupting Flame Geyser+Orange Smoke That Turns Gray Near The Top 2   
82803202,Erupting Flame Geyser+Orange Smoke That Turns Gray Near The Top 3   
82803203,Erupting Flame Geyser+Orange Smoke That Turns Gray Near The Top 4   
82803210,Erupting Flame Geyser+Orange Smoke That Turns Gray Near The Top 1   
82803211,Erupting Flame Geyser+Orange Smoke That Turns Gray Near The Top 2   
82803212,Erupting Flame Geyser+Orange Smoke That Turns Gray Near The Top 3   
82803213,Erupting Flame Geyser+Orange Smoke That Turns Gray Near The Top 4   
82803220,Erupting Flame Geyser+Orange Smoke That Turns Gray Near The Top 1   
82803221,Erupting Flame Geyser+Orange Smoke That Turns Gray Near The Top 2   
82803222,Erupting Flame Geyser+Orange Smoke That Turns Gray Near The Top 3   
82803223,Erupting Flame Geyser+Orange Smoke That Turns Gray Near The Top 4   
82803230,Erupting Flame Geyser+Orange Smoke That Turns Gray Near The Top 1   
82803231,Erupting Flame Geyser+Orange Smoke That Turns Gray Near The Top 2   
82803232,Erupting Flame Geyser+Orange Smoke That Turns Gray Near The Top 3   
82803233,Erupting Flame Geyser+Orange Smoke That Turns Gray Near The Top 4   
82803240,Erupting Flame Geyser+Orange Smoke That Turns Gray Near The Top 1   
82803241,Erupting Flame Geyser+Orange Smoke That Turns Gray Near The Top 2   
82803242,Erupting Flame Geyser+Orange Smoke That Turns Gray Near The Top 3   
82803243,Erupting Flame Geyser+Orange Smoke That Turns Gray Near The Top 4   
82803250,Erupting Flame Geyser+Orange Smoke That Turns Gray Near The Top 1   
82803251,Erupting Flame Geyser+Orange Smoke That Turns Gray Near The Top 2   
82803252,Erupting Flame Geyser+Orange Smoke That Turns Gray Near The Top 3   
82803253,Erupting Flame Geyser+Orange Smoke That Turns Gray Near The Top 4   
82803260,Erupting Flame Geyser+Orange Smoke That Turns Gray Near The Top 1   
82803261,Erupting Flame Geyser+Orange Smoke That Turns Gray Near The Top 2   
82803262,Erupting Flame Geyser+Orange Smoke That Turns Gray Near The Top 3   
82803263,Erupting Flame Geyser+Orange Smoke That Turns Gray Near The Top 4   
82803270,Erupting Flame Geyser+Orange Smoke That Turns Gray Near The Top 1   
82803271,Erupting Flame Geyser+Orange Smoke That Turns Gray Near The Top 2   
82803272,Erupting Flame Geyser+Orange Smoke That Turns Gray Near The Top 3   
82803273,Erupting Flame Geyser+Orange Smoke That Turns Gray Near The Top 4   
82900000,Fountain Of Blood ~ 30 M Diameter 1   
82900001,Fountain Of Blood ~ 30 M Diameter 2   
82900002,Fountain Of Blood ~ 30 M Diameter 3   
82900003,Fountain Of Blood ~ 30 M Diameter 4   
82900004,Fountain Of Blood ~ 30 M Diameter 5   
82900010,Fountain Of Blood ~ 30 M Diameter 1   
82900011,Fountain Of Blood ~ 30 M Diameter 2   
82900012,Fountain Of Blood ~ 30 M Diameter 3   
82900013,Fountain Of Blood ~ 30 M Diameter 4   
82900014,Fountain Of Blood ~ 30 M Diameter 5   
82900020,Fountain Of Blood ~ 30 M Diameter 1   
82900021,Fountain Of Blood ~ 30 M Diameter 2   
82900022,Fountain Of Blood ~ 30 M Diameter 3   
82900023,Fountain Of Blood ~ 30 M Diameter 4   
82900024,Fountain Of Blood ~ 30 M Diameter 5   
82900030,Fountain Of Blood ~ 30 M Diameter 1   
82900031,Fountain Of Blood ~ 30 M Diameter 2   
82900032,Fountain Of Blood ~ 30 M Diameter 3   
82900033,Fountain Of Blood ~ 30 M Diameter 4   
82900034,Fountain Of Blood ~ 30 M Diameter 5   
82900040,Fountain Of Blood ~ 30 M Diameter 1   
82900041,Fountain Of Blood ~ 30 M Diameter 2   
82900042,Fountain Of Blood ~ 30 M Diameter 3   
82900043,Fountain Of Blood ~ 30 M Diameter 4   
82900044,Fountain Of Blood ~ 30 M Diameter 5   
82900050,Fountain Of Blood ~ 30 M Diameter 1   
82900051,Fountain Of Blood ~ 30 M Diameter 2   
82900052,Fountain Of Blood ~ 30 M Diameter 3   
82900053,Fountain Of Blood ~ 30 M Diameter 4   
82900054,Fountain Of Blood ~ 30 M Diameter 5   
82900060,Fountain Of Blood ~ 30 M Diameter 1   
82900061,Fountain Of Blood ~ 30 M Diameter 2   
82900062,Fountain Of Blood ~ 30 M Diameter 3   
82900063,Fountain Of Blood ~ 30 M Diameter 4   
82900064,Fountain Of Blood ~ 30 M Diameter 5   
82900070,Fountain Of Blood ~ 30 M Diameter 1   
82900071,Fountain Of Blood ~ 30 M Diameter 2   
82900072,Fountain Of Blood ~ 30 M Diameter 3   
82900073,Fountain Of Blood ~ 30 M Diameter 4   
82900074,Fountain Of Blood ~ 30 M Diameter 5   
83000000,Multiple Red Lightning Strikes+Stunning Floor Damage 1   
83000001,Multiple Red Lightning Strikes+Stunning Floor Damage 2   
83000002,Multiple Red Lightning Strikes+Stunning Floor Damage 3   
83000005,Multiple Red Lightning Strikes+Stunning Floor Damage 4hit   
83000010,Multiple Red Lightning Strikes+Stunning Floor Damage 1   
83000011,Multiple Red Lightning Strikes+Stunning Floor Damage 2   
83000012,Multiple Red Lightning Strikes+Stunning Floor Damage 3   
83000015,Multiple Red Lightning Strikes+Stunning Floor Damage 4hit   
83000020,Multiple Red Lightning Strikes+Stunning Floor Damage 1   
83000021,Multiple Red Lightning Strikes+Stunning Floor Damage 2   
83000022,Multiple Red Lightning Strikes+Stunning Floor Damage 3   
83000025,Multiple Red Lightning Strikes+Stunning Floor Damage 4hit   
83000030,Multiple Red Lightning Strikes+Stunning Floor Damage 1   
83000031,Multiple Red Lightning Strikes+Stunning Floor Damage 2   
83000032,Multiple Red Lightning Strikes+Stunning Floor Damage 3   
83000035,Multiple Red Lightning Strikes+Stunning Floor Damage 4hit   
83000040,Multiple Red Lightning Strikes+Stunning Floor Damage 1   
83000041,Multiple Red Lightning Strikes+Stunning Floor Damage 2   
83000042,Multiple Red Lightning Strikes+Stunning Floor Damage 3   
83000045,Multiple Red Lightning Strikes+Stunning Floor Damage 4hit   
83000050,Multiple Red Lightning Strikes+Stunning Floor Damage 1   
83000051,Multiple Red Lightning Strikes+Stunning Floor Damage 2   
83000052,Multiple Red Lightning Strikes+Stunning Floor Damage 3   
83000055,Multiple Red Lightning Strikes+Stunning Floor Damage 4hit   
83000060,Multiple Red Lightning Strikes+Stunning Floor Damage 1   
83000061,Multiple Red Lightning Strikes+Stunning Floor Damage 2   
83000062,Multiple Red Lightning Strikes+Stunning Floor Damage 3   
83000065,Multiple Red Lightning Strikes+Stunning Floor Damage 4hit   
83000070,Multiple Red Lightning Strikes+Stunning Floor Damage 1   
83000071,Multiple Red Lightning Strikes+Stunning Floor Damage 2   
83000072,Multiple Red Lightning Strikes+Stunning Floor Damage 3   
83000075,Multiple Red Lightning Strikes+Stunning Floor Damage 4hit   
83100000,Randomly Scaterred Erdtree Yellow Leaves Flying Around   
83200000,Randomly Scaterred Erdtree Yellow Leaves Flying Around   
83210000,Randomly Scaterred Erdtree Yellow Leaves Flying Around   
83301800,Large Blue+Purple Explosion Nice Impact   
83301810,Large Blue+Purple Explosion Nice Impact   
83301820,Large Blue+Purple Explosion Nice Impact   
83301830,Large Blue+Purple Explosion Nice Impact   
83301840,Large Blue+Purple Explosion Nice Impact   
83301850,Large Blue+Purple Explosion Nice Impact   
83301860,Large Blue+Purple Explosion Nice Impact   
83301870,Large Blue+Purple Explosion Nice Impact   
87000000,Med_Large Orange Explosion+Black Smoke   
87000010,Med_Large Orange Explosion+Black Smoke   
87000020,Med_Large Orange Explosion+Black Smoke   
87000030,Med_Large Orange Explosion+Black Smoke   
87000040,Med_Large Orange Explosion+Black Smoke   
87000050,Med_Large Orange Explosion+Black Smoke   
87000060,Med_Large Orange Explosion+Black Smoke   
87000070,Med_Large Orange Explosion+Black Smoke   
87001000,Med_Large Orange Explosion+Black Smoke   
87001010,Med_Large Orange Explosion+Black Smoke   
87001020,Med_Large Orange Explosion+Black Smoke   
87001030,Med_Large Orange Explosion+Black Smoke   
87001040,Med_Large Orange Explosion+Black Smoke   
87001050,Med_Large Orange Explosion+Black Smoke   
87001060,Med_Large Orange Explosion+Black Smoke   
87001070,Med_Large Orange Explosion+Black Smoke   
87001200,Med_Large Orange Explosion+Black Smoke   
87001210,Med_Large Orange Explosion+Black Smoke   
87001220,Med_Large Orange Explosion+Black Smoke   
87001230,Med_Large Orange Explosion+Black Smoke   
87001240,Med_Large Orange Explosion+Black Smoke   
87001250,Med_Large Orange Explosion+Black Smoke   
87001260,Med_Large Orange Explosion+Black Smoke   
87001270,Med_Large Orange Explosion+Black Smoke   
87001400,Med_Large Orange Explosion+Black Smoke   
87001410,Med_Large Orange Explosion+Black Smoke   
87001420,Med_Large Orange Explosion+Black Smoke   
87001430,Med_Large Orange Explosion+Black Smoke   
87001440,Med_Large Orange Explosion+Black Smoke   
87001450,Med_Large Orange Explosion+Black Smoke   
87001460,Med_Large Orange Explosion+Black Smoke   
87001470,Med_Large Orange Explosion+Black Smoke   
87002000,Med_Large Orange Explosion+Black Smoke   
87002010,Med_Large Orange Explosion+Black Smoke   
87002020,Med_Large Orange Explosion+Black Smoke   
87002030,Med_Large Orange Explosion+Black Smoke   
87002040,Med_Large Orange Explosion+Black Smoke   
87002050,Med_Large Orange Explosion+Black Smoke   
87002060,Med_Large Orange Explosion+Black Smoke   
87002070,Med_Large Orange Explosion+Black Smoke   
87003000,Med_Large Orange Explosion+Black Smoke   
87003010,Med_Large Orange Explosion+Black Smoke   
87003020,Med_Large Orange Explosion+Black Smoke   
87003030,Med_Large Orange Explosion+Black Smoke   
87003040,Med_Large Orange Explosion+Black Smoke   
87003050,Med_Large Orange Explosion+Black Smoke   
87003060,Med_Large Orange Explosion+Black Smoke   
87003070,Med_Large Orange Explosion+Black Smoke   
87100000,Poison Cloud 1 / 2   
87100001,Poison Cloud 2 / 2   
999999999,
:|,
:|,
82104250,Random Lightning Strikes 30 M Radius Around Player 0   
82104251,Random Lightning Strikes 30 M Radius Around Player 1   
82104252,Random Lightning Strikes 30 M Radius Around Player 2   
82104253,Random Lightning Strikes 30 M Radius Around Player 3   
82104254,Random Lightning Strikes 30 M Radius Around Player 4   
82104255,Random Lightning Strikes 30 M Radius Around Player 5   
82104256,Random Lightning Strikes 30 M Radius Around Player 6   
82104257,Random Lightning Strikes 30 M Radius Around Player 7   
82104258,Random Lightning Strikes 30 M Radius Around Player 8   
:|,
82104260,Random Lightning Strikes 30 M Radius Around Player 0   
82104261,Random Lightning Strikes 30 M Radius Around Player 1   
82104262,Random Lightning Strikes 30 M Radius Around Player 2   
82104263,Random Lightning Strikes 30 M Radius Around Player 3   
82104264,Random Lightning Strikes 30 M Radius Around Player 4   
82104265,Random Lightning Strikes 30 M Radius Around Player 5   
82104266,Random Lightning Strikes 30 M Radius Around Player 6   
82104267,Random Lightning Strikes 30 M Radius Around Player 7   
82104268,Random Lightning Strikes 30 M Radius Around Player 8   
:|,
82104270,Random Lightning Strikes 30 M Radius Around Player 0   
82104271,Random Lightning Strikes 30 M Radius Around Player 1   
82104272,Random Lightning Strikes 30 M Radius Around Player 2   
82104273,Random Lightning Strikes 30 M Radius Around Player 3   
82104274,Random Lightning Strikes 30 M Radius Around Player 4   
82104275,Random Lightning Strikes 30 M Radius Around Player 5   
82104276,Random Lightning Strikes 30 M Radius Around Player 6   
82104277,Random Lightning Strikes 30 M Radius Around Player 7   
82104278,Random Lightning Strikes 30 M Radius Around Player 8   
:|,
82105000,Random Lightning Strikes 30 M Radius Around Player 0   
82105001,Random Lightning Strikes 30 M Radius Around Player 1   
82105002,Random Lightning Strikes 30 M Radius Around Player 2   
82105003,Random Lightning Strikes 30 M Radius Around Player 3   
82105004,Random Lightning Strikes 30 M Radius Around Player 4   
82105005,Random Lightning Strikes 30 M Radius Around Player 5   
82105006,Random Lightning Strikes 30 M Radius Around Player 6   
82105007,Random Lightning Strikes 30 M Radius Around Player 7   
82105008,Random Lightning Strikes 30 M Radius Around Player 8   
:|,
82105010,Random Lightning Strikes 30 M Radius Around Player 0   
82105011,Random Lightning Strikes 30 M Radius Around Player 1   
82105012,Random Lightning Strikes 30 M Radius Around Player 2   
82105013,Random Lightning Strikes 30 M Radius Around Player 3   
82105014,Random Lightning Strikes 30 M Radius Around Player 4   
82105015,Random Lightning Strikes 30 M Radius Around Player 5   
82105016,Random Lightning Strikes 30 M Radius Around Player 6   
82105017,Random Lightning Strikes 30 M Radius Around Player 7   
82105018,Random Lightning Strikes 30 M Radius Around Player 8   
:|,
82105020,Random Lightning Strikes 30 M Radius Around Player 0   
82105021,Random Lightning Strikes 30 M Radius Around Player 1   
82105022,Random Lightning Strikes 30 M Radius Around Player 2   
82105023,Random Lightning Strikes 30 M Radius Around Player 3   
82105024,Random Lightning Strikes 30 M Radius Around Player 4   
82105025,Random Lightning Strikes 30 M Radius Around Player 5   
82105026,Random Lightning Strikes 30 M Radius Around Player 6   
82105027,Random Lightning Strikes 30 M Radius Around Player 7   
82105028,Random Lightning Strikes 30 M Radius Around Player 8   
:|,
82105030,Random Lightning Strikes 30 M Radius Around Player 0   
82105031,Random Lightning Strikes 30 M Radius Around Player 1   
82105032,Random Lightning Strikes 30 M Radius Around Player 2   
82105033,Random Lightning Strikes 30 M Radius Around Player 3   
82105034,Random Lightning Strikes 30 M Radius Around Player 4   
82105035,Random Lightning Strikes 30 M Radius Around Player 5   
82105036,Random Lightning Strikes 30 M Radius Around Player 6   
82105037,Random Lightning Strikes 30 M Radius Around Player 7   
82105038,Random Lightning Strikes 30 M Radius Around Player 8   
:|,
82105040,Random Lightning Strikes 30 M Radius Around Player 0   
82105041,Random Lightning Strikes 30 M Radius Around Player 1   
82105042,Random Lightning Strikes 30 M Radius Around Player 2   
82105043,Random Lightning Strikes 30 M Radius Around Player 3   
82105044,Random Lightning Strikes 30 M Radius Around Player 4   
82105045,Random Lightning Strikes 30 M Radius Around Player 5   
82105046,Random Lightning Strikes 30 M Radius Around Player 6   
82105047,Random Lightning Strikes 30 M Radius Around Player 7   
82105048,Random Lightning Strikes 30 M Radius Around Player 8   
:|,
82105050,
82105051,
82105052,
82105053,
82105054,
82105055,
82105056,
82105057,
82105058,
:|,
82105060,
82105061,
82105062,
82105063,
82105064,
82105065,
82105066,
82105067,
82105068,
82105070,
82105071,
82105072,
82105073,
82105074,
82105075,
82105076,
82105077,
82105078,
82105200,
82105201,
82105202,
82105203,
82105204,
82105205,
82105206,
82105207,
82105208,
82105210,
82105211,
82105212,
82105213,
82105214,
82105215,
82105216,
82105217,
82105218,
82105220,
82105221,
82105222,
82105223,
82105224,
82105225,
82105226,
82105227,
82105228,
82105230,
82105231,
82105232,
82105233,
82105234,
82105235,
82105236,
82105237,
82105238,
82105240,
82105241,
82105242,
82105243,
82105244,
82105245,
82105246,
82105247,
82105248,
82105250,
82105251,
82105252,
82105253,
82105254,
82105255,
82105256,
82105257,
82105258,
82105260,
82105261,
82105262,
82105263,
82105264,
82105265,
82105266,
82105267,
82105268,
82105270,
82105271,
82105272,
82105273,
82105274,
82105275,
82105276,
82105277,
82105278,
:|,
82200000,
82200001,
82200005,
82200006,
:|,
82210000,
82210001,
82210002,
82210003,
82210005,
82210006,
:|,
82210007,
82210008,
:|,
82300000,
82300005,
:|,
82400000,
82400001,
:|,
82402000,
82402001,
:|,
82402010,
82402011,
:|,
82402020,
82402021,
:|,
82402030,
82402031,
:|,
82402040,
82402041,
:|,
82402050,
82402051,
:|,
82402060,
82402061,
:|,
82402070,
82402071,
:|,
82402200,
82402201,
:|,
82402210,
82402211,
:|,
82402220,
82402221,
:|,
82402230,
82402231,
:|,
82402240,
82402241,
:|,
82402250,
82402251,
:|,
82402260,
82402261,
:|,
82402270,
82402271,
:|,
82600000,Soul Spears Emerge From The Sky And Rain Down 1   
82600001,Soul Spears Emerge From The Sky And Rain Down 2   
82600002,Soul Spears Emerge From The Sky And Rain Down 3   
82600003,Soul Spears Emerge From The Sky And Rain Down 4   
82600004,Soul Spears Emerge From The Sky And Rain Down 5   
:|,
82600010,Soul Spears Emerge From The Sky And Rain Down 1   
82600011,Soul Spears Emerge From The Sky And Rain Down 2   
82600012,Soul Spears Emerge From The Sky And Rain Down 3   
82600013,Soul Spears Emerge From The Sky And Rain Down 4   
82600014,Soul Spears Emerge From The Sky And Rain Down 5   
:|,
82600020,Soul Spears Emerge From The Sky And Rain Down 1   
82600021,Soul Spears Emerge From The Sky And Rain Down 2   
82600022,Soul Spears Emerge From The Sky And Rain Down 3   
82600023,Soul Spears Emerge From The Sky And Rain Down 4   
82600024,Soul Spears Emerge From The Sky And Rain Down 5   
:|,
82600030,Soul Spears Emerge From The Sky And Rain Down 1   
82600031,Soul Spears Emerge From The Sky And Rain Down 2   
82600032,Soul Spears Emerge From The Sky And Rain Down 3   
82600033,Soul Spears Emerge From The Sky And Rain Down 4   
82600034,Soul Spears Emerge From The Sky And Rain Down 5   
:|,
82600040,Soul Spears Emerge From The Sky And Rain Down 1   
82600041,Soul Spears Emerge From The Sky And Rain Down 2   
82600042,Soul Spears Emerge From The Sky And Rain Down 3   
82600043,Soul Spears Emerge From The Sky And Rain Down 4   
82600044,Soul Spears Emerge From The Sky And Rain Down 5   
:|,
82600050,Soul Spears Emerge From The Sky And Rain Down 1   
82600051,Soul Spears Emerge From The Sky And Rain Down 2   
82600052,Soul Spears Emerge From The Sky And Rain Down 3   
82600053,Soul Spears Emerge From The Sky And Rain Down 4   
82600054,Soul Spears Emerge From The Sky And Rain Down 5   
:|,
82600060,Soul Spears Emerge From The Sky And Rain Down 1   
82600061,Soul Spears Emerge From The Sky And Rain Down 2   
82600062,Soul Spears Emerge From The Sky And Rain Down 3   
82600063,Soul Spears Emerge From The Sky And Rain Down 4   
82600064,Soul Spears Emerge From The Sky And Rain Down 5   
:|,
82600070,Soul Spears Emerge From The Sky And Rain Down 1   
82600071,Soul Spears Emerge From The Sky And Rain Down 2   
82600072,Soul Spears Emerge From The Sky And Rain Down 3   
82600073,Soul Spears Emerge From The Sky And Rain Down 4   
82600074,Soul Spears Emerge From The Sky And Rain Down 5   
:|,
82700000,Erupting Dark Orange Scarlet Rot Geyser+Smoke 1   
82700001,Erupting Dark Orange Scarlet Rot Geyser+Smoke 2   
82700002,Erupting Dark Orange Scarlet Rot Geyser+Smoke 3   
:|,
82700010,Erupting Dark Orange Scarlet Rot Geyser+Smoke 1   
82700011,Erupting Dark Orange Scarlet Rot Geyser+Smoke 2   
82700012,Erupting Dark Orange Scarlet Rot Geyser+Smoke 3   
:|,
82700020,Erupting Dark Orange Scarlet Rot Geyser+Smoke 1   
82700021,Erupting Dark Orange Scarlet Rot Geyser+Smoke 2   
82700022,Erupting Dark Orange Scarlet Rot Geyser+Smoke 3   
:|,
82700030,Erupting Dark Orange Scarlet Rot Geyser+Smoke 1   
82700031,Erupting Dark Orange Scarlet Rot Geyser+Smoke 2   
82700032,Erupting Dark Orange Scarlet Rot Geyser+Smoke 3   
:|,
82700040,Erupting Dark Orange Scarlet Rot Geyser+Smoke 1   
82700041,Erupting Dark Orange Scarlet Rot Geyser+Smoke 2   
82700042,Erupting Dark Orange Scarlet Rot Geyser+Smoke 3   
:|,
82700050,Erupting Dark Orange Scarlet Rot Geyser+Smoke 1   
82700051,Erupting Dark Orange Scarlet Rot Geyser+Smoke 2   
82700052,Erupting Dark Orange Scarlet Rot Geyser+Smoke 3   
:|,
82700060,Erupting Dark Orange Scarlet Rot Geyser+Smoke 1   
82700061,Erupting Dark Orange Scarlet Rot Geyser+Smoke 2   
82700062,Erupting Dark Orange Scarlet Rot Geyser+Smoke 3   
:|,
82700070,Erupting Dark Orange Scarlet Rot Geyser+Smoke 1   
82700071,Erupting Dark Orange Scarlet Rot Geyser+Smoke 2   
82700072,Erupting Dark Orange Scarlet Rot Geyser+Smoke 3   
:|,
82730000,Erupting Dark Orange Scarlet Rot Geyser+Smoke 1   
82730001,Erupting Dark Orange Scarlet Rot Geyser+Smoke 2   
82730002,Erupting Dark Orange Scarlet Rot Geyser+Smoke 3   
:|,
82730010,Erupting Dark Orange Scarlet Rot Geyser+Smoke 1   
82730011,Erupting Dark Orange Scarlet Rot Geyser+Smoke 2   
82730012,Erupting Dark Orange Scarlet Rot Geyser+Smoke 3   
:|,
82730020,Erupting Dark Orange Scarlet Rot Geyser+Smoke 1   
82730021,Erupting Dark Orange Scarlet Rot Geyser+Smoke 2   
82730022,Erupting Dark Orange Scarlet Rot Geyser+Smoke 3   
:|,
82730030,Erupting Dark Orange Scarlet Rot Geyser+Smoke 1   
82730031,Erupting Dark Orange Scarlet Rot Geyser+Smoke 2   
82730032,Erupting Dark Orange Scarlet Rot Geyser+Smoke 3   
:|,
82730040,Erupting Dark Orange Scarlet Rot Geyser+Smoke 1   
82730041,Erupting Dark Orange Scarlet Rot Geyser+Smoke 2   
82730042,Erupting Dark Orange Scarlet Rot Geyser+Smoke 3   
:|,
82730050,Erupting Dark Orange Scarlet Rot Geyser+Smoke 1   
82730051,Erupting Dark Orange Scarlet Rot Geyser+Smoke 2   
82730052,Erupting Dark Orange Scarlet Rot Geyser+Smoke 3   
:|,
82730060,Erupting Dark Orange Scarlet Rot Geyser+Smoke 1   
82730061,Erupting Dark Orange Scarlet Rot Geyser+Smoke 2   
82730062,Erupting Dark Orange Scarlet Rot Geyser+Smoke 3   
:|,
82730070,Erupting Dark Orange Scarlet Rot Geyser+Smoke 1   
82730071,Erupting Dark Orange Scarlet Rot Geyser+Smoke 2   
82730072,Erupting Dark Orange Scarlet Rot Geyser+Smoke 3   
:|,
82800000,Erupting Flame Geyser+Orange Smoke That Turns Gray Near The Top 1   
82800001,Erupting Flame Geyser+Orange Smoke That Turns Gray Near The Top 2   
82800002,Erupting Flame Geyser+Orange Smoke That Turns Gray Near The Top 3   
82800004,Erupting Flame Geyser+Orange Smoke That Turns Gray Near The Top 4   
:|,
82803200,Erupting Flame Geyser+Orange Smoke That Turns Gray Near The Top 1   
82803201,Erupting Flame Geyser+Orange Smoke That Turns Gray Near The Top 2   
82803202,Erupting Flame Geyser+Orange Smoke That Turns Gray Near The Top 3   
82803203,Erupting Flame Geyser+Orange Smoke That Turns Gray Near The Top 4   
:|,
82803210,Erupting Flame Geyser+Orange Smoke That Turns Gray Near The Top 1   
82803211,Erupting Flame Geyser+Orange Smoke That Turns Gray Near The Top 2   
82803212,Erupting Flame Geyser+Orange Smoke That Turns Gray Near The Top 3   
82803213,Erupting Flame Geyser+Orange Smoke That Turns Gray Near The Top 4   
:|,
82803220,Erupting Flame Geyser+Orange Smoke That Turns Gray Near The Top 1   
82803221,Erupting Flame Geyser+Orange Smoke That Turns Gray Near The Top 2   
82803222,Erupting Flame Geyser+Orange Smoke That Turns Gray Near The Top 3   
82803223,Erupting Flame Geyser+Orange Smoke That Turns Gray Near The Top 4   
:|,
82803230,Erupting Flame Geyser+Orange Smoke That Turns Gray Near The Top 1   
82803231,Erupting Flame Geyser+Orange Smoke That Turns Gray Near The Top 2   
82803232,Erupting Flame Geyser+Orange Smoke That Turns Gray Near The Top 3   
82803233,Erupting Flame Geyser+Orange Smoke That Turns Gray Near The Top 4   
:|,
82803240,Erupting Flame Geyser+Orange Smoke That Turns Gray Near The Top 1   
82803241,Erupting Flame Geyser+Orange Smoke That Turns Gray Near The Top 2   
82803242,Erupting Flame Geyser+Orange Smoke That Turns Gray Near The Top 3   
82803243,Erupting Flame Geyser+Orange Smoke That Turns Gray Near The Top 4   
:|,
82803250,Erupting Flame Geyser+Orange Smoke That Turns Gray Near The Top 1   
82803251,Erupting Flame Geyser+Orange Smoke That Turns Gray Near The Top 2   
82803252,Erupting Flame Geyser+Orange Smoke That Turns Gray Near The Top 3   
82803253,Erupting Flame Geyser+Orange Smoke That Turns Gray Near The Top 4   
:|,
82803260,Erupting Flame Geyser+Orange Smoke That Turns Gray Near The Top 1   
82803261,Erupting Flame Geyser+Orange Smoke That Turns Gray Near The Top 2   
82803262,Erupting Flame Geyser+Orange Smoke That Turns Gray Near The Top 3   
82803263,Erupting Flame Geyser+Orange Smoke That Turns Gray Near The Top 4   
:|,
82803270,Erupting Flame Geyser+Orange Smoke That Turns Gray Near The Top 1   
82803271,Erupting Flame Geyser+Orange Smoke That Turns Gray Near The Top 2   
82803272,Erupting Flame Geyser+Orange Smoke That Turns Gray Near The Top 3   
82803273,Erupting Flame Geyser+Orange Smoke That Turns Gray Near The Top 4   
:|,
82900000,Fountain Of Blood ~ 30 M Diameter 1   
82900001,Fountain Of Blood ~ 30 M Diameter 2   
82900002,Fountain Of Blood ~ 30 M Diameter 3   
82900003,Fountain Of Blood ~ 30 M Diameter 4   
82900004,Fountain Of Blood ~ 30 M Diameter 5   
:|,
82900010,Fountain Of Blood ~ 30 M Diameter 1   
82900011,Fountain Of Blood ~ 30 M Diameter 2   
82900012,Fountain Of Blood ~ 30 M Diameter 3   
82900013,Fountain Of Blood ~ 30 M Diameter 4   
82900014,Fountain Of Blood ~ 30 M Diameter 5   
:|,
82900020,Fountain Of Blood ~ 30 M Diameter 1   
82900021,Fountain Of Blood ~ 30 M Diameter 2   
82900022,Fountain Of Blood ~ 30 M Diameter 3   
82900023,Fountain Of Blood ~ 30 M Diameter 4   
82900024,Fountain Of Blood ~ 30 M Diameter 5   
:|,
82900030,Fountain Of Blood ~ 30 M Diameter 1   
82900031,Fountain Of Blood ~ 30 M Diameter 2   
82900032,Fountain Of Blood ~ 30 M Diameter 3   
82900033,Fountain Of Blood ~ 30 M Diameter 4   
82900034,Fountain Of Blood ~ 30 M Diameter 5   
:|,
82900040,Fountain Of Blood ~ 30 M Diameter 1   
82900041,Fountain Of Blood ~ 30 M Diameter 2   
82900042,Fountain Of Blood ~ 30 M Diameter 3   
82900043,Fountain Of Blood ~ 30 M Diameter 4   
82900044,Fountain Of Blood ~ 30 M Diameter 5   
:|,
82900050,Fountain Of Blood ~ 30 M Diameter 1   
82900051,Fountain Of Blood ~ 30 M Diameter 2   
82900052,Fountain Of Blood ~ 30 M Diameter 3   
82900053,Fountain Of Blood ~ 30 M Diameter 4   
82900054,Fountain Of Blood ~ 30 M Diameter 5   
:|,
82900060,Fountain Of Blood ~ 30 M Diameter 1   
82900061,Fountain Of Blood ~ 30 M Diameter 2   
82900062,Fountain Of Blood ~ 30 M Diameter 3   
82900063,Fountain Of Blood ~ 30 M Diameter 4   
82900064,Fountain Of Blood ~ 30 M Diameter 5   
:|,
82900070,Fountain Of Blood ~ 30 M Diameter 1   
82900071,Fountain Of Blood ~ 30 M Diameter 2   
82900072,Fountain Of Blood ~ 30 M Diameter 3   
82900073,Fountain Of Blood ~ 30 M Diameter 4   
82900074,Fountain Of Blood ~ 30 M Diameter 5   
:|,
83000000,Multiple Red Lightning Strikes+Stunning Floor Damage 1   
83000001,Multiple Red Lightning Strikes+Stunning Floor Damage 2   
83000002,Multiple Red Lightning Strikes+Stunning Floor Damage 3   
83000005,Multiple Red Lightning Strikes+Stunning Floor Damage 4hit   
:|,
83000010,Multiple Red Lightning Strikes+Stunning Floor Damage 1   
83000011,Multiple Red Lightning Strikes+Stunning Floor Damage 2   
83000012,Multiple Red Lightning Strikes+Stunning Floor Damage 3   
83000015,Multiple Red Lightning Strikes+Stunning Floor Damage 4hit   
:|,
83000020,Multiple Red Lightning Strikes+Stunning Floor Damage 1   
83000021,Multiple Red Lightning Strikes+Stunning Floor Damage 2   
83000022,Multiple Red Lightning Strikes+Stunning Floor Damage 3   
83000025,Multiple Red Lightning Strikes+Stunning Floor Damage 4hit   
:|,
83000030,Multiple Red Lightning Strikes+Stunning Floor Damage 1   
83000031,Multiple Red Lightning Strikes+Stunning Floor Damage 2   
83000032,Multiple Red Lightning Strikes+Stunning Floor Damage 3   
83000035,Multiple Red Lightning Strikes+Stunning Floor Damage 4hit   
:|,
83000040,Multiple Red Lightning Strikes+Stunning Floor Damage 1   
83000041,Multiple Red Lightning Strikes+Stunning Floor Damage 2   
83000042,Multiple Red Lightning Strikes+Stunning Floor Damage 3   
83000045,Multiple Red Lightning Strikes+Stunning Floor Damage 4hit   
:|,
83000050,Multiple Red Lightning Strikes+Stunning Floor Damage 1   
83000051,Multiple Red Lightning Strikes+Stunning Floor Damage 2   
83000052,Multiple Red Lightning Strikes+Stunning Floor Damage 3   
83000055,Multiple Red Lightning Strikes+Stunning Floor Damage 4hit   
:|,
83000060,Multiple Red Lightning Strikes+Stunning Floor Damage 1   
83000061,Multiple Red Lightning Strikes+Stunning Floor Damage 2   
83000062,Multiple Red Lightning Strikes+Stunning Floor Damage 3   
83000065,Multiple Red Lightning Strikes+Stunning Floor Damage 4hit   
:|,
83000070,Multiple Red Lightning Strikes+Stunning Floor Damage 1   
83000071,Multiple Red Lightning Strikes+Stunning Floor Damage 2   
83000072,Multiple Red Lightning Strikes+Stunning Floor Damage 3   
83000075,Multiple Red Lightning Strikes+Stunning Floor Damage 4hit   
:|,
83100000,Randomly Scaterred Erdtree Yellow Leaves Flying Around   
83200000,Randomly Scaterred Erdtree Yellow Leaves Flying Around   
83210000,Randomly Scaterred Erdtree Yellow Leaves Flying Around   
:|,
83301800,Large Blue+Purple Explosion Nice Impact   
83301810,Large Blue+Purple Explosion Nice Impact   
83301820,Large Blue+Purple Explosion Nice Impact   
83301830,Large Blue+Purple Explosion Nice Impact   
83301840,Large Blue+Purple Explosion Nice Impact   
83301850,Large Blue+Purple Explosion Nice Impact   
83301860,Large Blue+Purple Explosion Nice Impact   
83301870,Large Blue+Purple Explosion Nice Impact   
:|,
87000000,Med_Large Orange Explosion+Black Smoke   
87000010,Med_Large Orange Explosion+Black Smoke   
87000020,Med_Large Orange Explosion+Black Smoke   
87000030,Med_Large Orange Explosion+Black Smoke   
87000040,Med_Large Orange Explosion+Black Smoke   
87000050,Med_Large Orange Explosion+Black Smoke   
87000060,Med_Large Orange Explosion+Black Smoke   
87000070,Med_Large Orange Explosion+Black Smoke   
87001000,Med_Large Orange Explosion+Black Smoke   
87001010,Med_Large Orange Explosion+Black Smoke   
87001020,Med_Large Orange Explosion+Black Smoke   
87001030,Med_Large Orange Explosion+Black Smoke   
87001040,Med_Large Orange Explosion+Black Smoke   
87001050,Med_Large Orange Explosion+Black Smoke   
87001060,Med_Large Orange Explosion+Black Smoke   
87001070,Med_Large Orange Explosion+Black Smoke   
87001200,Med_Large Orange Explosion+Black Smoke   
87001210,Med_Large Orange Explosion+Black Smoke   
87001220,Med_Large Orange Explosion+Black Smoke   
87001230,Med_Large Orange Explosion+Black Smoke   
87001240,Med_Large Orange Explosion+Black Smoke   
87001250,Med_Large Orange Explosion+Black Smoke   
87001260,Med_Large Orange Explosion+Black Smoke   
87001270,Med_Large Orange Explosion+Black Smoke   
87001400,Med_Large Orange Explosion+Black Smoke   
87001410,Med_Large Orange Explosion+Black Smoke   
87001420,Med_Large Orange Explosion+Black Smoke   
87001430,Med_Large Orange Explosion+Black Smoke   
87001440,Med_Large Orange Explosion+Black Smoke   
87001450,Med_Large Orange Explosion+Black Smoke   
87001460,Med_Large Orange Explosion+Black Smoke   
87001470,Med_Large Orange Explosion+Black Smoke   
87002000,Med_Large Orange Explosion+Black Smoke   
87002010,Med_Large Orange Explosion+Black Smoke   
87002020,Med_Large Orange Explosion+Black Smoke   
87002030,Med_Large Orange Explosion+Black Smoke   
87002040,Med_Large Orange Explosion+Black Smoke   
87002050,Med_Large Orange Explosion+Black Smoke   
87002060,Med_Large Orange Explosion+Black Smoke   
87002070,Med_Large Orange Explosion+Black Smoke   
87003000,Med_Large Orange Explosion+Black Smoke   
87003010,Med_Large Orange Explosion+Black Smoke   
87003020,Med_Large Orange Explosion+Black Smoke   
87003030,Med_Large Orange Explosion+Black Smoke   
87003040,Med_Large Orange Explosion+Black Smoke   
87003050,Med_Large Orange Explosion+Black Smoke   
87003060,Med_Large Orange Explosion+Black Smoke   
87003070,Med_Large Orange Explosion+Black Smoke   
:|,
87100000,Poison Cloud 1 / 2   
87100001,Poison Cloud 2 / 2   
:|,
999999999,