ID,DESCRIPTION
0,Def - None
1,State 52|Pledge Effect Test|
2,
3,
4,Beh Npc 7|Tarnisheds Furled Finger Create Summon Sign|
5,
6,Beh Npc 12
7,Beh Npc 13 Finger Severer Return To World|
8,Beh Npc 101
9,Beh Npc 102
10,
11,
12,
13,
14,
15,
16,
17,
18,
20,
21,
22,
23,
24,
25,
26,
27,
28,
29,
30,
31,
32,
33,
35,
36,
37,
38,
39,
40,
41,
46,
50,
51,
52,
53,
54,
55,
60,
70,
71,
72,
73,
74,
79,
80,
81,
84,
86,
87,
88,
89,
90,
91,
92,
93,
94,
95,
96,
97,
98,
99,
100,Grace Heal Hp|
101,Grace Remove|All Status|
102,Grace Remove|Blood|
103,Grace Remove|Poison|
104,Grace Remove|Scarlet Rot|
105,Grace Remove|Frost|
106,Grace Reload|
107,Grace Remove|Madness|
108,Grace Remove|Sleep|
109,Grace Remove|Blight|
110,
111,
112,
113,
114,
115,
116,
117,Remove|Madness|
118,Remove|Sleep|
119,
120,
125,Torrent|
126,Torrent|
127,
128,
129,
130,
131,Hks c0000|Ride Atk Move Cancel|
132,Hks c0000|Recovery Window|Heavy Attack|
133,Hks c0000|Switch Heavy To|Heavy Sub|
134,Hks c0000|Switch Heavy Sub|To Heavy|
135,Hks c0000|Light Sub Start|Type 0|
136,Hks c0000|Light Sub Start|Type 1|
137,Hks c0000|Light Sub Start|Type 2|
138,Hks c0000|Light Sub Start|Type 3|
140,Hks c0000|Player Jump|
141,Hks c0000|Land Lightest Swingpose 0|
142,Hks c0000|Land Light Swingpose 1|
143,Hks c0000|Land Medium Swingpose 2|
144,Hks c0000|Land Heavy Swingpose 3|
145,Hks c0000|Land Heavyiest Swingpose 4|
146,Hks c0000|Swing Window|
147,Not Hks|Player Kick|
150,Hks c0000|Jumping Off Ladder|
151,
152,
160,
161,
170,Hks c0000|Guard End = True|
171,Hks c0000|Triggers On Backstep While Guarding|Get Guard Lvl Dam 3|
172,Hks c0000|Variable Guard Start Type 0 Or 1|
173,Hks c0000|Guard Counter|End|
174,Hks c0000|Guard Counter|Window|
175,Hks c0000|Parry Motion|
176,Hks c0000|Guard Level Action|
180,Go full invis
181,Hks c0000|Exe_Ride_Off / Enable_Force_Ride_Off|
182,Hks c0000|
183,Hks c0000|Spiritspring|In Range|
184,Hks c0000|Spirit Spring|Fall Immune (Torrent)|
185,Hks c0000|Spiritspring|Fall Immune|
186,Hks c0000|Spiritspring|Is Jumping|
190,State 433|
191,
200,
201,Beh Npc 201|
202,Beh Npc 202|Trigger When I Use Grace|
210,Plan_Sp_Effect_Buddy_Order_Go|
211,Beh Npc 211|Plan_Sp_Effect_Buddy_Order_Come|
212,Beh Npc 212|Plan_Sp_Effect_Buddy_Order_Unsummon|
220,Plan_Sp_Effect_Buddy_Order_Trigger|
290,
300,State 50| Restore |100% Hp|100% Fp|100% Sp|
301,State 13| Remove |All Status Inflictions|
302,State 6| Remove Blood |Inflict Blood -99999|
303,State 5| Remove Scarlet Rot |Inflict Scarlet Rot -99999|
304,State 2| Remove Poison |Inflict Poison -99999|
305,
306,
307,
308,
309,
310,
311,Beh Npc 311|
312,Beh Npc 312|
313,
314,
315,
316,
317,
318,
319,
350,
351,
352,
360,
361,
362,
370,
371,
372,
373,
380,
381,
382,
390,Has 392 In Next Sp Effect|
391,
392,Vfx 60000 5 Sec Dur|
401,Worm Recovery Torch 1/2|
402,Worm Recovery Torch 2/2 |State 262|
403,
404,Vfx Id|5000|
407,Cast Light|State 147|
412,Vfx Id|5001has Priority 1 And I Think It Goes With Effect Id 407|
415,Torch Effect|
416,Sentrys Torch Effect|
417,
420,Oil Pot|
425,Weight_Overweight|
430,Chariot|State 324|
435,
436,
437,
438,
440,
441,
442,
445,
450,Red ripples coming from face
451,Blue ripples coming from face
455,Disables all movement (only works on motioninterval 0)
460,Beast|Repellent Torch Effect|
461,
462,
463,
467,Swarm Potcycle|
468,
469,
470,Gravity Pull Towards Caster|
471,
472,
473,Swarm Pot|
474,Hks c9997|Heal Hp Regen|
475,Blessing Of The Erdtree Hp Regen|
480,
481,Shadow Bait|
482,Alluring Pot|
483,Alluring Pot|
484,Beastlure Pot Effect|
485,
486,
487,
490,Rune Arc|
491,Rune Arc|
499,Rune Arc|
500,Blood Cycle |State 467|
501,Blood Presence Of Blood|
502,",|"
503,",|"
505,Poison/Scarlet Rotcycle|State 275|
506,Poison/Scarlet Rot Presence Of Rot|State 380|
507,",|"
508,",|"
510,State 188|
511,Online Check Reset Event Flag 2100|State 330|
512,State 189|
513,Vfx Id|95900000|
514,State 418|
530,Furlcalling Finger Remedy Reveal Phantom Signs|
531,White Cipher Ring Request Aid|
532,Blue Cipher Ring Answer Aid Request|
533,Taunters Tongue Encourage Invasion|
534,Small Golden Effigy Send Summon Sign To Summoning Pool|
535,Small Red Effigy Send Invasion Sign To Summoning Pool|
536,Phantom Bloody/Recusant Finger Attempt Invasion|
539,
540,
541,Red finger icon
542,
543,
544,
545,
546,
590,Slight increase all resistances
591,
592,Slight increase all resistances
600,Godricks Gr| Rune|
601,Regenerates all
602,Max stam increase
603,
604,
605,
606,
607,
608,Souls effects flying inward
609,
610,Radahns Gr| Rune|
611,
612,Blue icon
613,Green icon
614,
615,
616,
617,
618,Orange Souls effects flying inward
619,
620,Morgotts Gr| Rune|
621,
622,
623,
624,
625,
626,
627,
628,Gold Souls effects flying inward
629,
630,Rykards Gr| Rune|
631,
632,
633,
634,
635,
636,
637,
638,Orange and White Souls effects flying inward
639,
640,Mohgs Gr| Rune|
641,
642,
643,
644,
645,
646,
647,
648,Red Souls effects flying inward
649,
650,Malenias Gr| Rune|
651,
652,
653,
654,
655,
656,
657,
658,Yellow and Pink Souls effects flying inward
659,
790,
800,A.O.W Barricade Shield|Type 1|Trigger|
801,A.o.W|Barricade Shield|Stability Buff|
802,A.o.W|Barricade Shield|Type 2|Trigger|
803,A.o.W|Barricade Shield|Stability Buff|
804,A.o.W|Barricade Shield|Type 3|Trigger|
805,A.o.W|Barricade Shield|Stability Buff|
806,A.o.W|Barricade Shield|Type 4|Trigger|
807,A.o.W|Barricade Shield|Stability Buff|
808,A.o.W|Barricade Shield|Type 5|Trigger|
809,A.o.W|Barricade Shield|Stability Buff|
810,A.o.W|Barricade Shield|Type 6|Trigger|
811,A.o.W|Barricade Shield|Stability Buff|
812,A.o.W|Barricade Shield|Type 7|Trigger|
813,A.o.W|Barricade Shield|Stability Buff|
814,A.o.W|Barricade Shield|Type 7|Trigger|
820,Sacred Blade|
821,Sacred Blade Anti|Undead Holy Buff|
822,Sacred Blade|
823,Sacred Blade Anti|Undead Holy Buff|
825,Chilling Mist|
826,Chilling Mist Frost Buff|
827,Chilling Mist|
828,Chilling Mist Frost Buff|
829,Chilling Mist Frost|
830,Poisonous Mist|
831,Poisonous Mist Poison Buff|
832,Poisonous Mist|
833,Poisonous Mist Poison Buff|
834,Poisonous Mist Poison|
835,Black Flame Tornado Hp Burn|
836,Roar|
837,Roar Dam Buff|
838,Roar|
840,Roar Dam Buff|
841,Roar No Fp|
842,Roar Dam Buff No Fp|
843,Roar No Fp|
845,Roar Dam Buff No Fp|
846,State 28 R_H_Buff|
847,Red attack dmg buff
848,Red attack dmg buff
850,Take small amount of damage
855,Godslayers Gr|Sword Hp Burn|
860,Gargoyles Blackblade Hp Burn|
865,
870,Reduvia Blood Bullet|
875,Dragon Halberd Frost|
880,Royal Gr|Sword Bullet|Frost|
881,Royal Gr|Sword|Bullet|Frost|
882,Poison Bullet|Cycles 505|
883,Poison Bullet|Cycles 505|
1000,
1001,
1002,
1100,Unused 1100|
1110,Unused 1110|
1111,Unused 1111|
1120,Trigers Bullet Id 950|
1130,Unused 1130|
1140,Unused 1140|
1150,Unused 1150|
1160,Unused 1160|
1200,Unused 1200|
1210,Unused 1210|
1300,Unused 1300|
1310,Unused 1310|
1400,Phantom Id 203 Light Red Invader Ghost|
1410,Ai Visual Distance Change|
1420,Npc|200% Def Corr To All Dam Types|
1500,Triggers Effect Id 1501 Through Bullet Id 2041|
1501,Set Inside Bullet 2041|Cycles 1502|
1502,Heal Spell|
1505,State 385 Can Trigger On Ghosts|
1510,Stormhawk Axe|
1511,Stormhawk Axe|Lightning Buff|
1512,Stormhawk Axe|
1513,Stormhawk Axe|Lightning Buff|
1515,Carian Retaliation|
1520,Magic weapon
1521,White smoke dripping from body
1525,Erdtree Gr|Shield Bullet|
1526,
1530,Ice Spear Bullet Frost|
1540,Raptor Of The Mists Protection|
1545,Winged Gr|Horn Bullet|
1550,Fire weapon buff
1555,Winged Scythe No Flask|
1560,
1565,Blasphemous Blade Hp Absorb|
1570,
1575,Royal Gr|Sword|
1576,Royal Gr|Sword Bullet Frost|
1580,Blood weapon buff
1585,Jellyfish Shield|
1586,Jellyfish Shield Dam Buff|
1587,Jellyfish Shield|
1588,Jellyfish Shield Dam Buff|
1589,Red attack dmg buff
1590,
1591,
1595,Tongues Of Fire Fp Cost|
1600,Fire On Self Mid|Torso|
1601,
1605,Sea Of Magma Fp Cost|
1606,Cursed|Blood Slice|
1607,Cursed|Blood Slice Vfx|
1608,Cursed|Blood Slice|
1609,Cursed|Blood Slice Vfx|
1610,Ez|Info11|
1611,A.o.W|Lifesteal Fist 1|Recover 5% Hp|
1612,A.o.W|Lifesteal Fist 2|Recover 15% Hp|
1615,Unknown Blood|
1616,Unknown Blood|
1617,Poison Moth Flight Vfx|
1618,Poison Moth Flight Vfx|
1619,Poison Moth Flight Vfx|
1620,Poison Moth Flight|
1621,Poison Moth Flight|
1622,Poison Moth Flight|
1623,Poison Moth Flight|
1624,Poison Moth Flight Vfx|
1625,Mohgwyns Sacred Spear Bullet|
1626,Mohgwyns Sacred Spear|
1627,Mohgwyns Sacred Spear Fire Buff|
1628,Mohgwyns Sacred Spear|
1629,Mohgwyns Sacred Spear Fire Buff|
1630,Prayerful Strike|State 275|Beh 2120|Bullet 2150|
1631,Prayerful Strike|State 284|
1632,Prayerful Strike|State 284|
1635,Prayerful Strike|State 275|Beh 2121|Bullet 2155|
1636,Prayerful Strike|
1640,Holy Ground Def|
1641,Holy Ground Hp Regen|
1645,Lorettas Slash Vfx|
1646,Lorettas Slash Vfx|
1647,Lorettas Slash Vfx|
1648,Lorettas Slash Vfx|
1650,Endure Poise Buff|
1651,Endure Poise Buff No Fp|
1655,Endure Poise Buff|
1656,Endure Poise Buff No Fp|
1660,White Blade R|Hand Weapon Enchant+Dam Buffvfx Id 8590|
1661,White Blade + S_White Explosion Near Grip|Vfx Id 8591|
1662,White Blade R|Hand Weapon Enchant+Dam Buff|
1665,White Blade R|Hand Weapon Enchant+Dam Buffvfx Id 8590|
1666,Lightning Slash|
1667,Lightning Slash Lightning Buff|
1670,Lightning Slash|
1671,Lightning Slash Lightning Buff|
1675,Barbaric/Milos Roar|
1676,Barb / Milos Roar Dam Buffbarb Roar Heavy Sp=True|
1677,Barbaric/Milos Roar|
1678,Barb / Milos Roar Dam Buffatk R|Heavy Sp|Type 0=True|
1680,Barbaric/Milos Roar No Fp|
1681,Barb Roar Heavy Sp=True|
1682,Barbaric/Milos Roar No Fp|
1683,Barb / Milos Roar Dam Buffatk R|Heavy Sp|Type 0=True|
1685,Determination|
1686,Determination Dam Buff|
1687,Determination|
1688,Determination Dam Buff|
1690,Determination Critical Dam Debuff|
1691,Determination No Fp|
1692,Determination Dam Buff No Fp|
1693,Determination No Fp|
1694,Determination Dam Buff No Fp|
1695,Determination No Fp Critical Dam Debuff|
1696,Royal Knights Resolve|
1697,Royal Knights Resolve Dam Buff|
1698,Royal Knights Resolve|
1699,Royal Knights Resolve Dam Buff|
1700,Royal Knights Resolve Critical Dam Debuff|
1701,Royal Knights Resolve No Fp|
1702,Royal Knights Resolve Dam Buff No Fp|
1703,Royal Knights Resolve No Fp|
1704,Royal Knights Resolve Dam Buff No Fp|
1705,Royal Knights Resolve No Fp Critical Dam Debuff|
1706,Golden Tempering|
1707,Golden Tempering Anti|Undead/Holy Buff|
1708,Golden Tempering|
1709,Golden Tempering Anti|Undead/Holy Buff|
1710,Flaming Strikefire Buff|
1711,0.75 Atk % Fire Buffr|Hand|
1712,1 Atk % Fire Buffr|Hand|
1713,0.75 Atk % Fire Buffl|Hand|
1714,1 Atk % Fire Buffl|Hand|
1715,Trigger Cond R|Hand Hks |State 323cycles 1716|
1716,Golden Temperinganti Undead / Holy Buffr|Hand|
1717,Apply 1st Firecycles 1718l|Hand|
1718,Golden Temperinganti Undead / Holy Buffl|Hand|
1720,Dm Gr|Sword|
1721,Dm Gr|Sword|Frost Magic|
1722,Darkmoon|
1723,Dm Gr|Sword|
1724,Dm Gr|Sword|
1725,Zamor Ice Storm Vfx|
1726,Zamor Ice Storm Vfx|
1727,Zamor Ice Storm Vfx|
1728,Zamor Ice Storm Vfx|
1730,A.o.W|Golden Vow Dam|Def Buff|
1731,A.o.W|Golden Vow Part 1 Cycle|
1732,A.o.W|Golden Vow Golden Great Arrow Dam / Def Buff|
1733,A.o.W|Golden Vow Cycle Great Arrow Icon|
1734,A.o.W|Golden Vow|
1735,A.o.W|Golden Vow|
1736,A.o.W|Golden Vow|
1740,White fog all over body
1745,
1750,Hks c9997|Ashseppuku Self Bleed|
1751,Hks c9997|Ashseppuku Bleed|
1752,
1753,A.o.W|Seppuku Dam|Bleed Buff|
1754,A.o.W|Seppuku Bleed|
1755,A.o.W|Seppuku Bleed|
1756,A.o.W|Seppuku Bleed|
1757,A.o.W|Seppuku Bleed|
1758,A.o.W|Seppuku Bleed|
1759,A.o.W|Seppuku Bleed|
1760,A.o.W|Seppuku Bleed|
1761,A.o.W|Seppuku Bleed|
1763,Blood Blade Vfx|
1764,
1765,A.o.W|Assassins Gambit Effect|
1766,A.o.W|Assassins Gambit Effect|
1767,A.o.W|Assassins Gambit Effect|
1768,Commanders Standard Bullet|
1769,Commanders Standardcycle|
1770,Commanders Standardcycle|
1771,Blood Blade Vfx|
1772,Blood Blade Vfx|
1773,Blood Blade Vfx|
1774,Blood Blade Vfx|
1775,Flaming Strike|
1776,Flaming Strike Fire Buff|
1777,Flaming Strike|
1778,Flaming Strike Fire Buff|
1780,Vykes Spear Self Madness|
1781,Vykes Spear Self Madness|
1782,Vykes Spear Self Madness|
1785,Viper Bite Poison|
1789,Eclipse Shotel Blight Bullet|
1790,Eclipse Shotel|
1791,Eclipse Shotel Holy/Blight Buff|
1792,Eclipse Shotel|
1793,Eclipse Shotel Holy/Blight Buff|
1794,Eclipse Shotel Blight|
1795,Eclipse Shotel Blight|
1800,A.o.W|Hoarfrost Stomp Frost|
1801,A.o.W|Hoarfrost Stomp Frost|
1805,Ruinous Ghostflame|
1806,Ruinous Ghostflame Frost / Magic Buff|
1807,Ruinous Ghostflame|
1808,Ruinous Ghostflame Frost/Magic Buff|
1809,Ruinous Ghostflame Frost|
1810,War Cry|Cond |State 323 R|Hand Hks Style|Cycles E_Id 1811|
1811,War Cry Dam Buff|Increase Physical Dam By 7% For|40 Sec|
1812,War Cry|Cond |State 322 L|Hand Hks Style|Cycles E_Id 1813|
1813,War Cry Dam Buff|Increase Physical Dam By 7% For|40 Sec|
1815,War Cry|Cond |State 323 R|Hand Hks Style|Cycles E_Id 1816|
1816,War Cry Dam Buff|Increase Physical Dam By 7% For|6 Sec|
1817,War Cry|Cond |State 322 L|Hand Hks Style|Cycles E_Id 1818|
1818,War Cry Dam Buff|Increase Physical Dam By 7% For|6 Sec|
1820,Cragblade|
1821,Cragblade Dam/Stagger Buff|
1822,Cragblade|
1823,Cragblade Dam/Stagger Buff|
1825,Cragblade No Fp|
1826,Cragblade Dam/Stagger Buff No Fp|
1827,Cragblade No Fp|
1828,Cragblade Dam/Stagger Buff No Fp|
1830,Blood Tax Hp Absorb|
1831,Blood Tax Hp Absorb|
1835,Last Rites Anti|Undead/Dam Buff Self|
1836,Last Rites Anti|Undead/Dam Buff Allies|
1837,Last Rites Anti|Undead/Dam Buff Self|
1838,Last Rites Anti|Undead/Dam Buff Allies|
1839,
1840,Sacred Order Anti|Undead/Dam Buff|
1841,Sacred Order|
1842,Sacred Order Anti|Undead/Dam Buff|
1843,Sacred Order No Fp|
1845,Sacred Order Anti|Undead/Dam Buff No Fp|
1846,Sacred Order No Fp|
1847,Sacred Order Anti|Undead/Dam Buff No Fp|
1848,Sacred Order|
1849,Sacred Order|
1850,Oath Of Vengeance|All Stats +5 For|60 Sec|
1851,Oath Of Vengeance|Npc All Defense Corrections |45%|+|Player Wep Repel Power +35|For|5 Sec|
1852,Oath Of Vengeance|Npc All Defense Corrections |5%|For|1 Sec|No Fp|
1855,Sword Of Milos Bullet|
1856,Sword Of Milos Bullet|
1859,Starscourge Gr|Sword Poise|
1860,Braggarts Roar|
1861,Braggarts Roar Dam/Def/Sp Buff|
1862,Braggarts Roar|
1863,Braggarts Roar Dam/Def/Sp Buff|
1864,Braggarts Roar Icon|
1865,Braggarts Roar No Fp|
1866,Braggarts Roar Dam/Def/Sp Buff No Fp|
1867,Braggarts Roar No Fp|
1868,Braggarts Roar Dam/Def/Sp Buff No Fp|
1869,Braggarts Roar Icon No Fp|
1870,Shared Order Anti|Undead / Dam Buff Self|
1871,Shared Order Anti|Undead / Dam Buff|
1872,Shared Order Anti|Undead / Dam Buff Self|
1875,Shared Order Anti|Undead / Dam Buff|
1876,Holy Dam Buff For 1875|
1877,Holy Dam Buff For 1871|
1880,Hks c0000|R|Hand Cond. Need Sword Of St. Trina|
1881,Hks c0000|L|Hand Cond. Need Sword Of St.Trina Sleep Buff|
1882,Chr|Asm Style Hks L|Handsword Of St. Trina|
1883,Atk Enabler On Enemysword Of St.Trina Sleep Buff|
1884,Status Inflict Sleepsword Of St.Trina Sleep|
1885,Status Inflict Sleepsword Of St.Trina Sleepsword Of St. Trina Bullet Sleep|
1890,Hks c0000|R|Handice Lightning Sword|
1891,Atk Enabler On Enemyice Lightning Sword Frost / Lightning Buff|
1892,Hks c0000|L|Hand Ice Lightning Sword|
1893,Atk Enabler On Enemyice Lightning Sword Frost / Lightning Buff|
1894,Status Inflict Frostice Lightning Sword Frost|
1896,Devourers Scepter Bullet|
1897,Scepter Of The All Knowing Bullet|
1898,Scepter Of The All Knowing|
1899,Scepter Of The All Knowing|
1900,15% Magical Def To |Npc|10% Magical Def Pvp|
1901,State Info 260 Frost|+70 Inflict Frost|20% To All Dam|Also Inflicts Blood Via|E_Id 3191|30 Sec|
1902,10% Magical Def To |Npc|5% Magical Def Pvp|
1903,
1904,
1905,Unknown Frost|
1906,
1908,State 187|
1910,Carian Regal Scepter|Boost Dam Of Moon Sorcery|
1911,Carian Glintstone Staff|Boost Dam Of Carian Sword Sorcery|
1912,Carian Glintblade Staff|Boost Dam Of Glintblade Sorcery|
1913,Diggers Staff|Boosts Stone Digger Sorcery|
1914,Crystal Staff|Boost Dam Of Crystalian Sorcery|
1915,Karolos Spell|
1916,Olivinus Spell|
1917,Gelmir Glintstone Staff|Boost Dam Of Lava Sorcery|
1918,Staff Of The Guilty|Boost Dam Of Thorn Sorcery|
1919,Prince Of Death Staff|Boost Dam Of Death Sorcery|
1920,Meteorite Staff|Boost Dam Of Gravity Sorcery|
1921,Staff Of Loss|Boost Invisibility Sorcery|
1922,Godslayer Seal|Boost Dam Of Godslayer Incantation|Sub Cat 20 And 29|
1923,Giants Seal|Boost Dam Of Giant Flame Incantation|Sub Cat 21|
1924,Gravel Stone Seal|Boost Dam Of Dragon Cult Incantation|Sub Cat 22|
1925,Clawmark Seal|Boost Dam Of Bestial Incantations|Sub Cat 23|
1926,Golden Order Seal|Boost Dam Of Golden Order Incantation|Sub Cat 24|
1927,Dragon Communion Seal|Boost Dam Of Dragon Communion Incantation|Sub Cat 25|
1928,Frenzied Flame Seal|Boost Dam Of Frenzy Incantation|Sub Cat 26|
1929,Godskin Nobles Incantation|Sub Cat 27|
1930,Primordial Crucible Incantation|Sub Cat 28|
1931,
1932,Serpent Bowatk|
1933,Azurs Glint Staff Reduce Casting Time Of All Sorceries But Consumes More Fp|
1934,Lusat Glintstone Staff|Boost Power Of All Sorceries But Consumes More Fp|
1935,Vfx Id 6010|Debuff Visuals For 1936|1 Inf Dur|
1936,All Dam Reduced By 20%|Stamina Reduced By 50% + Weapon Usage Cost Increased By 20%|0.1 Sec|
1937,Lion Greatbow|
1938,State Info 152|Atk Effect Id 1939|Serpent Bow|
1939,Poison Atk Serpent Bow|
1940,Shortbows And Longbows|
1950,
1951,Two sparkling orbs above head (purple/green)
1952,
1953,"Sparkling orb above head, green"
1954,
1955,"Sparkling orb above head, purple"
1956,
1957,"Sparkling orb above head, light blue"
1958,
1959,"Sparkling orb above head, green bright"
3000,
3039,
3050,Stanching Boluses|
3051,Stanching Boluses|Chain|
3052,
3055,Stimulating Boluses|
3056,Stimulating Boluses|Chain|
3060,Neutralizing Boluses|
3061,Neutralizing Boluses|Chain|
3065,Clarifying Boluses|
3066,Clarifying Boluses|Chain|
3070,Preserving Boluses|
3071,Preserving Boluses|Chain|
3075,
3080,
3090,Rejuvenating Boluses|
3091,Rejuvenating Boluses|Chain|
3092,Thawfrost Boluses|
3093,Thawfrost Boluses|Chain|
3100,
3115,Kukri|
3120,Poison|Fetid Pot|
3121,Poison|Fetid Pot|
3125,Blood|Swarm Of Flies|Cycle|
3126,Blood|Swarm Of Flies|
3130,
3131,
3135,
3136,
3140,R⬝Hand Frost Grease|
3141,R⬝Hand Frost Grease|Atk|
3142,R⬝Hand Frost Drawstring Grease|
3143,R⬝Hand Frost Drawstring Grease|Atk|
3144,L⬝Hand Frost Grease|
3145,L⬝Hand Frost Grease|Atk|
3146,L⬝Hand Drawstring Frost Grease|
3147,L⬝Hand Drawstring Frost Grease|Atk|
3150,Soporific Greaser⬝H|
3151,Soporific Greaser⬝H|Atk|
3152,Drawstring Soporific Greaser⬝H|
3153,Drawstring Soporific Greaser⬝H|Atk|
3154,Soporific Greasel⬝Hand|
3155,Soporific Greasel⬝Hand|Atk|
3156,Drawstring Soporific Greasel⬝Hand|
3157,Drawstring Soporific Greasel⬝Hand|Atk|
3160,Fire Greaser⬝H|
3161,Drawstring Fire Greaser⬝H|
3162,Fire Greasel⬝Hand|
3163,Drawstring Fire Greasel⬝Hand|
3165,Lightning Greaser⬝H|
3166,Drawstring Lightning Greaser⬝H|
3167,Lightning Greasel⬝Hand|
3168,Drawstring Lightning Greasel⬝Hand|
3170,Magic Greaser⬝H|
3171,Drawstring Magic Greaser⬝H|
3172,Magic Greasel⬝Hand|
3173,Drawstring Magic Greasel⬝Hand|
3175,Poison Greaser⬝H|
3176,Poison Greaser⬝H|Atk|
3177,Drawstring Poison Greaser⬝H|
3178,Drawstring Poison Greaser⬝H|Atk|
3179,Poison Greasel⬝Hand|
3180,Poison Greasel⬝Hand|Atk|
3181,Drawstring Poison Greasel⬝Hand|
3182,Drawstring Poison Greasel⬝Hand|Atk|
3185,Holy Greaser⬝H|
3186,Drawstring Holy Greaser⬝H|
3187,Holy Greasel⬝Hand|
3188,Drawstring Holy Greasel⬝Hand|
3190,Blood Greaser⬝H|
3191,Blood Greaser⬝H|Atk|
3192,Drawstring Blood Greaser⬝H|
3193,Drawstring Blood Greaser⬝H|Atk|
3194,Blood Greasel⬝Hand|
3195,Blood Greasel⬝Hand|Atk|
3196,Drawstring Blood Greasel⬝Hand|
3197,Drawstring Blood Greasel⬝Hand|Atk|
3200,Holy Water Pot|
3210,
3220,
3221,No longer sends you to invalid grace (patched) 
3222,
3223,
3224,
3225,
3226,Goods 115:Memory of Grace
3230,
3231,
3240,Telescope|State 15|
3245,Hks c0000|Chr Turns On Lantern|
3246,Hks c0000|Chr Turns Off Lantern / Chr Transitions Into Mimic Object (Chr Touches Belt Or Waist)|
3250,Pledge Discarded|State 166|
3260,Dragonwound Greaser⬝H|
3262,Dragonwound Greasel⬝Hand|
3269,Golden Rune|200 Runes|
3270,Golden Rune|400 Runes|
3271,Golden Rune|800 Runes|
3272,Golden Rune|1200 Runes|
3273,Golden Rune|1600 Runes|
3274,Golden Rune|2000 Runes|
3275,Golden Rune|2500 Runes|
3276,Golden Rune|3000 Runes|
3277,Golden Rune|3800 Runes|
3278,Golden Rune|5000 Runes|
3279,Golden Rune|6250 Runes|
3280,Golden Rune|7500 Runes|
3281,Golden Rune|10000 Runes|
3282,Numen Rune|12500 Runes|
3283,Hero Rune|15000 Runes|
3284,Hero Rune|20000 Runes|
3285,Hero Rune|25000 Runes|
3286,Hero Rune|30000 Runes|
3287,Hero Rune|35000 Runes|
3288,Lord Rune|50000 Runes|
3300,Royal Greatsword|Bullet|Frost|
3307,Self|Poison|150|
3308,Self|Scarlet Rot|
3309,Self|Frost|150|
3310,Rot Grease|R⬝H
3311,Rot Grease|R⬝H
3312,Drawstring Rot Grease ⬝H|
3313,Drawstring Rot Grease ⬝H|Atk|
3314,Rot Greasel⬝Hand|
3315,Rot Greasel⬝Hand|Atk|
3316,Drawstring Rot Greasel⬝Hand|
3317,Drawstring Rot Greasel⬝Hand|Atk|
3330,
3340,
3360,Warming Stone|
3365,
3370,Poison
3375,Holy Water Greaser⬝H|
3376,Holy Water Greasel⬝Hand|
3380,Cursed|Blood Pot|
3381,Cursed|Blood Pot|
3382,Cursed|Blood Pot|
3383,Cursed|Blood Pot|
3450,Rune Arc|
3500,CrimsonSpill Crystal Tear|Max HP +10%|180 Sec|
3501,Cerulean Crystal Tear|Max FP +10%|180 Sec|
3505,Crimson Crystal Tear|Recover 50% HP|
3506,GreenSpill Crystal Tear|Recover 50% FP|180 Sec
3507,Opaline Bubbletear|
3508,
3512,Crimson Bubbletear|
3513,Crimson Bubbletear|Chain|
3515,Strength Knot Crystal Tear|Increase STR By 10|180 Sec|
3516,Dexterity Knot Crystal Tear|Increase DEX By 10|180 Sec|
3517,Intelligence Knot Crystal Tear|Increase INT By 10|180 Sec|
3518,Faith Knot Crystal Tear|Increase FAITH By 10|180 Sec|
3519,Goods 11018:Leaden Hardtear
3530,Hurts you a lot
3531,Hurts you a lot
3550,Thorny Cracked Tear|
3551,Thorny Cracked Tear|Cycle|
3552,Thorny Cracked Tear|Cycle|
3553,Thorny Cracked Tear|Cycle|
3554,Thorny Cracked Tear|Chain|
3555,Thorny Cracked Tear|Chain|
3556,Thorny Cracked Tear|Chain|
3557,Thorny Cracked Tear|Chain|
3558,Red sparkles + noise from body
3559,Red sparkles + noise from body
3560,Red sparkles + noise from body
3561,Red sparkles + noise from body really fast
3580,Crimsonwhorl Bubbletear|
3581,Crimsonwhorl Bubbletear|Chain|
3582,Crimsonwhorl Bubbletear|Chain|
3583,Magic Dam Reduced By 99%|
3584,Crimsonwhorl Bubbletear|Chain|
3585,
3586,
3587,
3600,Lucent Baldachin Blessing|
3601,
3602,
3603,Speckled Hardtear|
3604,Speckled Hardtear|Cycle|
3605,Speckled Hardtear|Chain|
3606,Speckled Hardtear|Chain|
3607,Speckled Hardtear|Chain|
3608,Speckled Hardtear|Chain|
3609,Speckled Hardtear|Chain|
3610,Speckled Hardtear|Chain|
3611,Speckled Hardtear|Chain|
3612,Speckled Hardtear|Cycle|
3613,Speckled Hardtear|Cycle|
3614,Speckled Hardtear|Cycle|
3615,Speckled Hardtear|Cycle|
3616,Speckled Hardtear|Cycle|
3617,Speckled Hardtear|Cycle|
3618,Speckled Hardtear|Cycle|
3650,"""This dream mist has been already acquired"""
3700,
3710,
3720,Remembrance Of The Grafted|
3721,Remembrance Of The Starscourge|
3722,Remembrance Of The Omen King|
3723,Remembrance Of The Blasphemous|
3724,Remembrance Of The Rot Goddess|
3725,Remembrance Of The Blood Lord|
3726,Remembrance Of The Black Blade|
3727,Remembrance Of Hoarah Loux|
3728,Remembrance Of The Dragonlord|
3729,Remembrance Of The Full Moon Queen|
3730,Remembrance Of The Lichdragon|
3731,Remembrance Of The Fire Giant|
3732,Remembrance Of The Regal Ancestor|
3733,Elden Remembrance|
3734,Remembrance Of The Naturalborn|
3750,
3751,Unk|Blood|
3810,
3910,Spellproof Dried Liver|
3920,Fireproof Dried Liver|
3930,Lightningproof Dried Liver|
3940,Holyproof Dried Liver|
3950,Exalted Flesh|
3953,Pickled Turtle Neck|
3960,Immunizing Cured Meat|
3961,Invigorating Cured Meat|
3962,Clarifying Cured Meat|
3963,Dappled Cured Meat|
3970,Silver|Pickled Fowl Foot|
3971,Gold|Pickled Fowl Foot|
4001,Poison buildup
4002,
4003,
4004,
4010,
4011,
4012,
4013,
4014,
4020,
4021,
4022,
4023,
4024,
4040,Npc|State 142|Beh 280100|Intermitent Visual|Legs On Fire|Not Crippling|
4050,Scarlet Rot buildup
4051,Scarlet Rot buildup
4052,Scarlet Rot buildup
4053,Scarlet Rot buildup
4054,Scarlet Rot buildup
4055,Scarlet Rot buildup
4080,Fall Death Is Disabled|
4085,Disable Fall Dam|
4090,Enemy Sight Reduction|
4091,Unk|
4100,Hks c0000|Move Weight Heavy|
4101,Hks c0000|Move Weight Heavy|
4150,
4170,
4171,
4190,
4191,
4192,
4195,
4196,
4200,
4201,
4202,
4205,
4210,
4211,
4212,
4213,
4230,
4240,
4241,
4250,
4260,
4270,
4271,
4272,
4280,Blocks item use
4281,
4282,
4283,
4286,
4287,
4288,State 278|Disable Spell Effect|
4289,
4290,
4291,
4300,
4301,
4302,
4305,
4306,White puff with sparkles into invisibility
4307,White puff with sparkles into invisibility
4308,White puff with sparkles into invisibility
4310,White puff with sparkles into invisibility
4311,White puff with sparkles into invisibility
4312,White puff with sparkles into invisibility
4313,White puff with sparkles into invisibility
4315,
4320,Phantom Id 290 Almost Completely Dark With A Bit Of White. No Features|
4321,Sets appearance to human
4330,Phantom Id 220 Localised Dark & Light Blue Mix|
4340,
4350,
4360,
4370,Phantom Id 310 Sellia Sorcerer Phantom|
4375,Phantom Id 310 Sellia Sorcerer Phantom|
4380,
4400,
4401,Hurts you by roughly 10% of your Max HP
4402,Hurts you by roughly 20% of your Max HP
4403,Hurts you by roughly 30% of your Max HP
4404,Hurts you by roughly 40% of your Max HP
4405,Hurts you by roughly 50% of your Max HP
4406,Hurts you by roughly 60% of your Max HP
4407,Hurts you by roughly 70% of your Max HP
4408,Hurts you by roughly 80% of your Max HP
4409,Hurts you by roughly 90% of your Max HP
4410,Doubles Max HP
4411,
4412,
4420,Hks c9997|
4421,
4430,
4431,
4460,
4461,Phantom Id 920 Pale Yellow Almost Invisible|
4463,Full invis
4464,
4465,
4470,
4471,Full invis
4472,Full invis
4473,Full invis
4474,
4475,Full invis
4476,Full invis
4477,Full invis
4489,Full invis
4490,
4500,
4501,
4510,Wet/shiny body
4511,
4512,
4520,
4521,
4522,
4525,Poison buildup
4530,
4531,
4532,
4540,
4545,
4549,
4550,Turns you red like clay
4551,
4552,
4555,Scarlet rot buildup
4600,Player Wet Lvl|1|Vfx Id 10001|Fire Dam |10%|Lightning Dam +10%|
4601,Player Wet Lvl|2|Vfx Id 10001|Fire Dam |10%|Lightning Dam +10%|
4602,Player Wet Lvl|3|Vfx Id 10001|Fire Dam |20%|Lightning Dam +20%|
4650,Player Damp Lvl|1|
4651,Player Damp Lvl|2|
4652,Player Damp Lvl|3|
4700,Turn slightly darker
4790,Wet/shiny body
4800,Turn slightly darker
4801,
4802,
4803,
4820,Runes+
4821,Runes+
4822,Runes+
4823,Runes+
5000,
5001,
5002,
5003,
5004,
5005,
5006,
5007,
5008,
5009,
5010,
5011,
5012,Npc|Hks c9997|
5015,Npc|
5016,Npc|
5019,Npc|
5020,Npc|
5021,Npc|
5022,Npc|
5023,Npc|
5024,Npc|
5025,Npc|
5026,Npc|
5027,Npc|
5028,Npc|
5029,Npc|
5030,Npc|
5031,Npc|
5032,Npc|
5033,Npc|
5034,Npc|
5035,Npc|
5036,Npc|
5037,Npc|
5038,Npc|
5039,Npc|
5040,Npc|
5041,Npc|
5042,Npc|
5043,Npc|
5044,Npc|
5045,Npc|
5046,Npc|
5047,Npc|
5048,Npc|
5049,Npc|
5060,Npc|
5061,Npc|
5070,Npc|
5071,Npc|
5072,Npc|
5079,Npc|
5080,Npc|
5081,Npc|
5085,Npc|
5090,Npc|
5091,Npc|
5092,Npc|
5093,Npc|
5094,Npc|
5095,Npc|
5096,Npc|
5097,Npc|
5098,Npc|
5099,Npc|
5100,Npc|
5101,Npc|
5110,Npc|
5111,Npc|
5112,Npc|
5120,Npc|
5130,Npc|
5139,Npc|
5150,Npc|
5151,Npc|
5155,Npc|Npc|Hks c9997|
5160,Npc|
5170,Npc|
5181,Npc|
5182,Npc|
5183,Npc|
5184,Npc|
5190,Npc|
5195,Npc|
5200,Npc|
5210,Npc|
5211,Npc|
5212,Npc|
5213,Npc|
5225,Npc|Hks c9997|
5226,Npc|Hks c9997|
5227,Npc|Hks c9997|
5230,Npc|
5231,Npc|
5232,Npc|
5240,Npc|
5247,Npc|
5250,Npc|Hks c9997|
5251,
5252,
5253,
5255,Npc|Hks c9997|
5260,Npc|
5261,Npc|Hks c9997|
5262,Npc|Hks c9997|
5263,Npc|Hks c9997|
5264,Npc|Hks c9997|
5265,Npc|Hks c9997|
5266,Npc|Hks c9997|
5267,Npc|Hks c9997|
5268,Npc|Hks c9997|
5269,Npc|Hks c9997|
5271,
5272,
5273,
5300,Npc|
5301,Npc|
5302,Npc|
5303,Npc|
5304,Npc|
5305,Npc|
5306,Npc|
5307,Npc|
5308,Npc|
5309,Npc|
5310,Npc|
5311,Npc|
5320,Npc|
5321,Npc|
5322,Npc|
5323,Npc|
5324,Npc|
5325,Npc|
5326,Npc|
5327,Npc|
5328,Npc|
5329,Npc|
5330,Npc|
5331,Npc|
5332,Npc|
5333,Npc|
5334,Npc|
5335,Npc|
5350,Npc|
5351,Npc|
5352,Npc|
5353,Npc|
5354,Npc|
5360,Npc|
5361,Npc|
5362,Npc|
5363,Npc|
5364,Npc|
5365,Npc|
5366,Npc|
5367,Npc|
5368,Npc|
5369,Npc|
5370,Npc|
5371,Npc|
5372,Npc|
5373,Npc|
5374,Npc|
5400,Npc|
5401,Npc|Anim Offset|1000000|
5402,Npc|Hks c9997|Anim Offset|2000000|
5403,Npc|Hks c9997|Anim Offset|3000000|
5404,Npc|Anim Offset|4000000|
5405,Npc|Hks c9997|Anim Offset|5000000|
5410,Npc|Anim Offset|3000000|
5411,Npc|
5420,Npc|Hks c9997|Anim Offset|3000000|
5450,Npc|
5460,Npc|
5461,Npc|
5470,Npc|
5471,Npc|
5472,Npc|
5480,Npc|
5481,Npc|
5490,Npc|
5520,Npc|Hks c0000|No Description Yet|
5550,Npc|
5551,Npc|
5555,Npc|
5558,Npc|
5560,Npc|
5569,Npc|
5600,Npc|
5601,Npc|
5630,Npc|Hks c0000|No Description Yet|
5635,Npc|Hks c0000|Get Incoming Atk Direction|
5640,Npc|
5650,Npc|
5651,Npc|
5652,Npc|
5653,Npc|
5654,Npc|
5655,Npc|
5656,Npc|
5657,Npc|
5658,Npc|
5659,Npc|
5660,Npc|
5661,Npc|
5662,Npc|
5663,Npc|
5700,Npc|
5701,Npc|
5702,Npc|
5703,Npc|
5704,Npc|
5705,Npc|
5706,Npc|
5707,Npc|
5708,Npc|
5709,Npc|
5710,Npc|
5711,Npc|
5712,Npc|
5713,Npc|
5720,Npc|Hks c9997|
5721,Npc|Hks c9997|
5722,Npc|
5723,Npc|Hks c9997|
5724,Npc|Hks c9997|
5725,Npc|Hks c9997|
5726,Npc|Hks c9997|
5727,Npc|
5728,Npc|Hks c9997|
5729,Npc|Hks c9997|
5730,Npc|Hks c9997|
5731,Npc|Hks c9997|
5740,Npc|
5750,Npc|
5751,Npc|
5752,Npc|
5800,Npc|
5801,Npc|Hks c9997|
5802,Npc|
5805,Npc|Hks c9997|
5810,Npc|
5813,Npc|Hks c9997|
5815,Npc|Hks c9997|
5816,Npc|Hks c9997|
5820,Npc|
5821,Npc|Hks c9997|
5822,Npc|Hks c9997|
5825,Npc|Hks c9997|
5826,Npc|
5827,Npc|Hks c9997|
5830,Npc|
5831,Npc|
5832,Npc|
5833,Npc|
5834,Npc|
5835,Npc|Hks c9997|
5836,Npc|Hks c9997|Undead Enemy|
5837,Npc|Hks c9997|Undead Enemy|
5838,Npc|
5840,Npc|Hks c9997|
5841,Npc|Hks c9997|
5842,Npc|
5843,Npc|Hks c9997|
5850,Npc|Hks c9997|
5851,Npc|Hks c9997|
5852,Npc|Hks c9997|
5853,Npc|Hks c9997|
5854,Npc|
5855,Npc|
5860,Npc|Revive Skeleton Scimitar|
5861,Npc|
5862,Npc|
5863,Npc|Hks c9997|
5865,Npc|Hks c9997|
5866,Npc|Hks c9997|
5870,Npc|
5871,Npc|
5872,Npc|
5873,Npc|
5874,Npc|
5880,Npc|Hks c9997|
5881,Npc|Hks c9997|
5882,Npc|Hks c9997|
5890,Npc|Hks c9997|
5891,Npc|Hks c9997|
5900,Npc|
5901,Npc|
5902,Npc|
5903,Npc|
5904,Npc|
5905,Npc|
5906,Npc|
5907,Npc|
5908,Npc|
5909,Npc|
5910,Npc|
5911,Npc|
5912,Npc|
5913,Npc|
5914,Npc|
5915,Npc|
5916,Npc|
5917,Npc|
5918,Npc|
5919,Npc|
5920,Npc|
5921,Npc|
5922,Npc|
5923,Npc|
5924,Npc|
5925,Npc|
5926,Npc|
5927,Npc|
5928,Npc|
5929,Npc|
5950,Npc|
5951,Npc|
5952,Npc|
5953,Npc|
5954,Npc|
5955,Npc|
5956,Npc|
5957,Npc|
5958,Npc|
5959,Npc|
5960,Npc|Hks c9997|
5961,Npc|Hks c9997|
5962,Npc|Hks c9997|
5963,Npc|Hks c9997|
5964,Npc|Hks c9997|
5965,Npc|Hks c9997|
5966,Npc|Hks c9997|
5967,Npc|Hks c9997|
5968,Npc|Hks c9997|
5969,Npc|Hks c9997|
5970,Npc|Hks c9997|
5971,Npc|Hks c9997|
5972,Npc|Hks c9997|
5973,Npc|Hks c9997|
5974,Npc|Hks c9997|
5975,Npc|Hks c9997|
5980,Npc|Hks c9997|
5981,Npc|Hks c9997|
5990,Npc|Hks c9997|
6000,
6001,
6002,
6003,
6004,Hks c9997|
6005,
6006,
6007,
6008,Hks c9997|
6010,
6020,
6030,Hks c9997|
6031,Hks c9997|
6032,Hks c9997|
6040,Hks c9997|
6041,Hks c9997|
6042,Hks c9997|
6043,Hks c9997|
6050,
6060,Hks c9997|
6070,
6071,Hks c9997|
6072,
6073,
6074,
6080,
6081,Hks c9997|
6082,
6090,Hks c9997|
6091,Hks c9997|
6092,Hks c9997|
6093,
6094,
6095,Hks c9997|
6096,Hks c9997|
6097,
6200,
6201,
6202,
6203,
6210,
6211,
6212,
6213,
6220,
6221,
6222,
6223,
6230,
6231,
6232,
6233,
6300,
6335,
6340,
6350,Toughness 1|
6351,Toughness 2|
6352,Toughness 3|
6353,Toughness 4|
6354,Toughness 5|
6360,
6361,
6362,
6363,
6364,
6400,Blood Type 1|1 45 Weakest|
6401,Blood Type 1|2 50|
6402,Blood Type 1|3 55|
6403,Blood Type 1|4 60|
6404,Blood Type 1|5 65|
6405,Blood Type 1|6 70 Strongest|
6406,Blood Type 2|1 38 Weakest|
6410,Blood Type 2|2 50|
6411,Blood Type 2|3 55|
6412,Blood Type 2|4 60|
6413,Blood Type 2|5 65|
6414,Blood Type 2|6 70|
6415,Blood Type 2|7 75 Strongest|
6450,Sleep Type 1|1 60 Aest|
6451,Sleep Type 1|2 66|
6452,Sleep Type 1|3 72|
6453,Sleep Type 1|4 78|
6454,Sleep Type 1|5 84|
6455,Sleep Type 1|6 90|
6456,Sleep Type 1|7 96 Strongest|
6460,Sleep Type 2|1 50 Very Weak|
6500,Poison Type 1|1 60 Weakest|
6501,Poison Type 1|2 66|
6502,Poison Type 1|3 72|
6503,Poison Type 1|4 78|
6504,Poison Type 1|5 84|
6505,Poison Type 1|6 90 Strongest|
6510,Poison Type 2|1 60 Weakest|
6511,Poison Type 2|2 66|
6512,Poison Type 2|3 72|
6513,Poison Type 2|4 78|
6514,Poison Type 2|5 84|
6515,Poison Type 2|6 90 Strongest|
6600,Scarlet Rot Type 1|1 50 Weakest|
6601,Scarlet Rot Type 1|2 55|
6602,Scarlet Rot Type 1|3 60|
6603,Scarlet Rot Type 1|4 65|
6604,Scarlet Rot Type 1|5 70|
6605,Scarlet Rot Type 1|6 75 Strongest|
6700,Frost Type 1|1 55 Weakest|
6701,Frost Type 1|2 60|
6702,Frost Type 1|3 65|
6703,Frost Type 1|4 70|
6704,Frost Type 1|5 75|
6705,Frost Type 1|6 80 Strongest|
6750,Madness Type 1|1 55 Weakest|
6751,Madness Type 1|2 60|
6752,Madness Type 1|3 65|
6753,Madness Type 1|4 70|
6754,Madness Type 1|5 75|
6755,Madness Type 1|6 80 Strongest|
6800,Blight Type 1|1 45 Weakest|
6801,Blight Type 1|2 50|
6802,Blight Type 1|3 55|
6803,Blight Type 1|4 60|
6804,Blight Type 1|5 65 Strongest|
6805,Blight Type 2 |6 5 Very Weak|
6840,
6841,
6845,Black Knife|Bullet|
6850,Inc Black Blade|
6851,
6860,Magic 7530:Black Blade
6861,
6865,Black Blade health reduction
6900,Add Guard Stability|State 314|Accum.Value 2|
6901,Add Guard Stability|State 314|Accum.Value 4|
6902,Add Guard Stability|State 314|Accum.Value 6|
6903,Add Guard Stability|State 314|Accum.Value 8|
6904,Add Guard Stability|State 314|Accum.Value 10|
6905,Add Guard Stability|State 314|Accum.Value 12|
6906,Add Guard Stability|State 314|Accum.Value 14|
6907,Add Guard Stability|State 314|Accum.Value 16|
6908,Add Guard Stability|State 314|Accum.Value 18|
6909,Add Guard Stability|State 314|Accum.Value 20|
6910,Npc Team Change|Teamtype 29 Ally To Player|State 394|
6915,Vfx Id 5386|Short Burst Of Blue Electricity On|Dmy Id 7 Face|
6920,
6921,
6922,
6930,Crystal Dart|
6931,
6932,
6990,
6991,Big stam increase
6992,
6993,
6994,
6995,
6996,
6997,
6998,
6999,
7000,Area Scaling|Tier 1|Stranded Graveyard|
7010,Area Scaling|Tier 2|Limgrave Middle|
7020,Area Scaling|Tier 3|Limgrave South|
7030,Area Scaling|Tier 4|Limgrave North|
7040,Area Scaling|Tier 5|Stormveil|
7050,Area Scaling|Tier 6|Siofra River|
7060,Area Scaling|Tier 7|South Liurnia / Academy|
7070,Area Scaling|Tier 8|North Liurnia / Academy|
7080,Area Scaling|Tier 9|Lower Mt. Gelmir / Ainsel River|
7090,Area Scaling|Tier 10|Upper Mt. Gelmir / West Caelid|
7100,Area Scaling|Tier 11|Altus Plateau / South Caelid|
7110,Area Scaling|Tier 12|Leyndell / Nokstella|
7120,Area Scaling|Tier 13|Volcano Manor / North Caelid|
7130,Area Scaling|Tier 14|Leyndell Sewers|
7140,Area Scaling|Tier 15|Mountaintops / Early Farum Azula|
7150,Area Scaling|Tier 16|Late Farum Azula|
7160,Area Scaling|Tier 17|Ashen Leyndell / Consecrated Snowfield|
7170,Area Scaling|Tier 18|Elden Throne|
7180,Area Scaling|Tier 19|Haligtree / Mohgwyn Palace|
7190,Area Scaling|Tier 20|Elphael|
7200,Area Scaling|Tier 21|Haligtree Roots|
7210,Area Scaling|Unused|
7220,Area Scaling|Unused|
7230,Area Scaling|Unused|
7240,Area Scaling|Unused|
7250,Area Scaling|Unused|
7260,Area Scaling|Unused|
7270,Area Scaling|Unused|
7280,Area Scaling|Unused|
7400,Ng+ Scaling|Tier 1|Stranded Graveyard|
7410,Ng+ Scaling|Tier 2|Limgrave Middle|
7420,Ng+ Scaling|Tier 3|Limgrave South|
7430,Ng+ Scaling|Tier 4|Limgrave North|
7440,Ng+ Scaling|Tier 5|Stormveil|
7450,Ng+ Scaling|Tier 6|Siofra River|
7460,Ng+ Scaling|Tier 7|South Liurnia / Academy|
7470,Ng+ Scaling|Tier 8|North Liurnia / Academy|
7480,Ng+ Scaling|Tier 9|Lower Mt. Gelmir / Ainsel River|
7490,Ng+ Scaling|Tier 10|Upper Mt. Gelmir / West Caelid|
7500,Ng+ Scaling|Tier 11|Altus Plateau / South Caelid|
7510,Ng+ Scaling|Tier 12|Leyndell / Nokstella|
7520,Ng+ Scaling|Tier 13|Volcano Manor / North Caelid|
7530,Ng+ Scaling|Tier 14|Leyndell Sewers|
7540,Ng+ Scaling|Tier 15|Mountaintops / Early Farum Azula|
7550,Ng+ Scaling|Tier 16|Late Farum Azula|
7560,Ng+ Scaling|Tier 17|Ashen Leyndell / Consecrated Snowfield|
7570,Ng+ Scaling|Tier 18|Elden Throne|
7580,Ng+ Scaling|Tier 19|Haligtree / Mohgwyn Palace|
7590,Ng+ Scaling|Tier 20|Elphael|
7600,Ng+ Scaling|Tier 21|Haligtree Roots|
7610,Ng+ Scaling|Unused|
7620,Ng+ Scaling|Unused|
7630,Ng+ Scaling|Unused|
7640,Ng+ Scaling|Unused|
7650,Ng+ Scaling|Unused|
7660,Ng+ Scaling|Unused|
7670,Ng+ Scaling|Unused|
7680,Ng+ Scaling|Unused|
7800,Boost to hp/stam/res
7801,Boost to hp/stam/res
7802,Boost to hp/stam/res
7810,Boost to hp/stam/res
7811,Boost to hp/stam/res
7812,Boost to hp/stam/res
7820,Boost to hp/stam/res
7821,Boost to hp/stam/res
7822,Boost to hp/stam/res
7830,Boost to hp/stam/res
7831,Boost to hp/stam/res
7832,Boost to hp/stam/res
7850,
7851,
7852,
7860,
7861,
7862,
7870,
7871,
7872,
7880,
7881,
7882,
7900,Boost to hp/stam/res
7901,Boost to hp/stam/res
7902,Boost to hp/stam/res
8001,Hks c0000|Player Crouch|
8002,
8003,Enemy Sight Reduction|
8004,
8005,
8006,
8007,
8008,
8031,
8032,
8033,
8034,
8035,
8036,
8037,Greatly increases HP and all resistances
8038,Slight hp increase
8040,Max Hp + 4%|
8041,Slight hp increase and all resistances
8042,
8060,Lose mp
8061,
8062,
8070,
8080,
8081,
8082,
8085,
8086,
8087,
8088,
8089,
8090,
8092,
8100,
8110,
8160,
8190,
8195,
8200,
8201,Frost clouds beneath feet
8202,
8203,
8204,
8205,Frost clouds beneath feet
8206,
8207,
8208,
8209,
8350,Deathblight buildup
8351,
8352,
8353,
8354,Deathblight buildup
8355,Deathblight buildup
8408,
8409,
8410,
8420,
8430,
8440,
8500,
8501,
8505,
8506,
8510,
8520,
8540,
8541,
8550,Phantom Id 40 No Visual Cue|
8551,
8552,
8553,
8560,Phantom Id 24 No Visual Cue|
8570,Strong Blood Status Effect|100 Inflict +|
8571,
8600,
8610,
8670,
8700,
8710,
8720,
8730,
8800,
8801,
8802,
8810,Mist and sparkles around head
8850,
8860,
8870,
8900,
8901,
8902,
8903,
8904,
8905,
8906,
8907,
8908,
8909,
8910,
8920,
8921,
8922,
8923,
8924,
8925,
8926,
8927,
8928,
8929,
8930,
8931,
8932,
8933,Hks c9997|
8934,Hks c9997|
8970,Plan Sp Effect Straggler Deact|
8971,Plan Sp Effect Straggler Act|
8972,Plan Sp Effect Straggler Act Hostile|
8975,
8978,
8979,
8980,
8990,
8991,
8998,
8999,
9500,
9501,
9502,
9503,
9510,
9511,
9512,
9520,
9521,
9522,
9523,
9524,
9530,State 373|Player Passes Golden_Black Fog|Gate|
9531,
9532,
9540,Spirit Summon Active|
9541,Spirit Summon Disappeared|
9545,
9546,
9547,full invis
9548,
9550,Spirit summon related
9551,Purple circle under feet
9560,More invis blinking
9600,
9601,
9602,
9603,
9604,
9605,
9606,
9607,
9608,
9609,
9610,
9611,
9612,
9613,
9614,
9615,
9616,
9617,
9618,
9619,
9620,
9621,
9622,
9623,
9624,
9625,
9626,
9627,
9628,
9629,
9630,Lipsync|
9631,Lipsync (Subtle)|
9632,
9633,
9634,
9635,
9636,
9637,
9638,
9639,Instant death
9640,
9641,
9642,Hks c0000|No Description Yet|
9643,
9644,
9645,
9646,
9647,
9648,
9649,
9650,Red phantom summon visuals
9651,White phantom summon visuals
9655,
9660,
9661,
9662,
9663,
9665,
9666,
9667,
9670,
9671,
9672,
9680,
9681,
9690,"Goods 2207:Prattling Pate ""You're beautiful"""
9700,
9701,
9702,
9703,
9704,
9705,
9706,
9710,
9711,Hurts a lot
9712,
9720,
9721,
9730,
9731,
9732,
9733,
9734,
9740,
9741,
9742,
9743,
9750,
9760,
9770,
9775,
9776,
9777,
9778,
9779,
9780,
9785,
9790,
9791,
9795,
9796,
9820,Anim Offset|320000000|
9821,Anim Offset|321000000|
9822,Anim Offset|322000000|
9823,Anim Offset|323000000|
9824,Anim Offset|324000000|
9825,Anim Offset|325000000|
9826,Anim Offset|326000000|
9827,Anim Offset|327000000|
9828,Anim Offset|328000000|
9829,Anim Offset|329000000|
9830,Anim Offset|330000000|
9831,Anim Offset|331000000|
9832,Anim Offset|332000000|
9833,Anim Offset|333000000|
9834,Anim Offset|334000000|
9835,Anim Offset|335000000|
9837,Anim Offset|337000000|
9838,Anim Offset|338000000|
9839,Anim Offset|339000000|
9840,Anim Offset|340000000|
9841,Anim Offset|341000000|
9842,Anim Offset|342000000|
9843,Anim Offset|343000000|
9844,Anim Offset|344000000|
9845,Anim Offset|345000000|
9846,Anim Offset|346000000|
9847,Anim Offset|347000000|
9848,Anim Offset|348000000|
9849,Anim Offset|349000000|
9850,Anim Offset|350000000|
9851,Anim Offset|351000000|
9852,Anim Offset|352000000|
9853,Anim Offset|353000000|
9854,Anim Offset|354000000|
9855,Anim Offset|355000000|
9856,Anim Offset|356000000|
9857,Anim Offset|357000000|
9858,Anim Offset|358000000|
9859,Anim Offset|359000000|
9860,Anim Offset|360000000|
9861,Anim Offset|361000000|
9862,Anim Offset|362000000|
9863,Anim Offset|363000000|
9864,Anim Offset|364000000|
9865,Anim Offset|365000000|
9866,Anim Offset|366000000|
9870,
9871,
9872,
9873,
9874,
9875,
9876,
9877,
9878,
9879,
9880,
9881,
9900,
9910,
9911,
9912,
9913,
9914,
9920,
9921,
9930,
9940,
9990,
10000,Npc|Castle Exile|Bullet|
10001,Npc|Dog|Bullet|
10002,Npc|Demi|Human|Bullet|
10003,Npc|Wandering Noble|Bullet|
10004,Npc|
10005,Npc|Castle Foot Soldier|Bullet|
10006,Npc|Fallen Hawk Soldier|Bullet|
10007,Npc|
10008,Npc|Man|Serpent|Bullet|
10009,Npc|
10010,Npc|Dominula Celebrant|Bullet|
10100,Npc|
10101,Npc|
10102,Npc|
10103,Npc|
10104,Npc|
10105,Npc|Hks c9997|
10106,Npc|
10107,Npc|
10108,Npc|
10109,Npc|
10111,Npc|
10112,Npc|
10113,Npc|
10114,Npc|
10115,Npc|
10116,Npc|
10117,Npc|
10118,Npc|
10119,Npc|
10120,Npc|
10121,Npc|
10122,Npc|
10124,Npc|
10125,Npc|
10126,Npc|
10127,Npc|
10128,Npc|
10129,Npc|
10130,Npc|Hks c9997|
10131,Npc|
10132,Npc|Hks c9997|
10133,Npc|
10134,Npc|
10135,Npc|
10136,Npc|
10137,Npc|
10138,Npc|
10139,Npc|
10140,Npc|
10141,Npc|
10142,Npc|
10143,Npc|
10144,Npc|
10145,Npc|
10146,Npc|
10147,Npc|
10148,Npc|
10149,Npc|
10150,Npc|
10151,Npc|
10152,Npc|
10153,Npc|
10154,Npc|
10155,Npc|
10156,Npc|
10157,Npc|
10158,Npc|
10159,Npc|
10160,Npc|
10161,Npc|
10162,Npc|
10163,Npc|
10164,Npc|
10165,Npc|Dragon|Faced Flamethrower|Bullet|
10166,Npc|
10167,Npc|
10168,Npc|
10169,Npc|
10170,Npc|
10171,Npc|
10172,Npc|
10173,Npc|
10174,Npc|
10175,Npc|
10176,Npc|
10177,Npc|
10178,Npc|
10179,Npc|
10180,Npc|
10181,Npc|
10182,Npc|
10183,Npc|
10184,Npc|
10185,Npc|
10186,Npc|
10187,Npc|
10190,Npc|
10191,Npc|
10192,Npc|
10193,Npc|
10195,Npc|
10196,Npc|
10197,Npc|
10198,Npc|
10199,Npc|
10200,Npc|
10201,Npc|
10202,Npc|
10203,Npc|
10204,Npc|
10205,Npc|
10206,Npc|
10207,Npc|
10210,Npc|
10211,Npc|Hks c9997|
10220,Npc|
10230,Npc|
10240,Npc|
10241,Npc|
10242,Npc|
10243,Npc|
10244,Npc|
10245,Npc|
10246,Npc|
10247,Npc|
10248,Npc|Hks c9997|
10249,Npc|
10250,Npc|
10251,Npc|
10252,Npc|
10253,Npc|
10254,Npc|
10255,Npc|
10256,Npc|
10257,Npc|
10270,Npc|
10280,Npc|
10281,Npc|
10282,Npc|
10283,Npc|
10284,Npc|
10285,Npc|
10286,Npc|
10287,Npc|
10290,Npc|
10291,Npc|
10292,Npc|
10293,Npc|
10294,Npc|
10295,Npc|
10296,Npc|
10300,Npc|
10301,Npc|
10302,Npc|
10303,Npc|
10310,Npc|
10311,Npc|
10312,Npc|
10313,Npc|
10314,Npc|
10315,Npc|
10316,Npc|
10317,Npc|Fallen Hawk Soldier|Bullet|
10318,Npc|Fallen Hawk Soldier|Bullet|Chain|
10319,Npc|
10320,Npc|
10350,Npc|
10400,Npc|
10401,Npc|
10403,Npc|
10404,Npc|
10405,Npc|
10411,Npc|
10412,Npc|
10413,Npc|
10414,Npc|
10415,Npc|
10416,Npc|
10417,Npc|
10418,Npc|
10420,Npc|
10421,Npc|
10422,Npc|
10423,Npc|
10424,Npc|
10425,Npc|
10430,Npc|
10431,Npc|
10432,Npc|
10433,Npc|
10434,Npc|
10435,Npc|
10436,Npc|
10440,Npc|
10441,Npc|
10450,Npc|
10500,Npc|Hks c9997|
10501,Npc|Hks c9997|
10502,Npc|Hks c9997|
10503,Npc|
10504,Npc|
10505,Npc|Hks c9997|
10506,Npc|
10507,Npc|
10508,Npc|
10510,Npc|
10511,Npc|
10512,Npc|
10513,Npc|
10514,Npc|
10515,Npc|
10516,Npc|
10517,Npc|
10525,Npc|
10530,Npc|
10531,Npc|
10532,Npc|
10535,Npc|
10536,Npc|
10538,Npc|
10539,Npc|
10540,Npc|
10541,Npc|
10543,Npc|
10544,Npc|
10545,Npc|
10547,Npc|
10548,Npc|
10549,Npc|
10550,Npc|
10551,Npc|
10553,Npc|
10554,Npc|
10555,Npc|
10557,Npc|
10558,Npc|
10559,Npc|
10560,Npc|
10561,Npc|
10570,Npc|
10571,Npc|
10573,Npc|
10574,Npc|
10575,Npc|
10576,Npc|
10577,Npc|
10578,Npc|
10579,Npc|
10580,Npc|
10581,Npc|
10582,Npc|
10585,Npc|
10586,Npc|
10587,Npc|
10588,Npc|
10590,Npc|
10591,Npc|
10592,Npc|Hks c9997|
10593,Npc|
10594,Npc|
10595,Npc|
10596,Npc|
10597,Npc|
10600,Npc|
10601,Npc|
10602,Npc|
10603,Npc|
10604,Npc|
10605,Npc|
10606,Npc|
10607,Npc|
10608,Npc|
10609,Npc|
10610,Npc|
10611,Npc|
10612,Npc|
10620,Npc|
10621,Npc|
10630,Npc|
10631,Npc|
10635,Npc|
10636,Npc|
10637,Npc|
10640,Npc|
10641,Npc|
10642,Npc|
10643,Npc|
10645,Npc|
10646,Npc|
10647,Npc|
10648,Npc|
10650,Npc|
10651,Npc|
10652,Npc|
10653,Npc|
10655,Npc|
10656,Npc|
10657,Npc|
10660,Npc|
10661,Npc|
10662,Npc|
10663,Npc|
10665,Npc|Hks c0000|
10666,Npc|
10667,Npc|
10668,Npc|
10669,Npc|
10680,Npc|Hks c9997|
10690,Npc|Mohg|Bullet|
10691,Npc|Mohg|Bullet|Blood|Cycle|
10695,Npc|
10696,Npc|
10700,Npc|
10701,Npc|
10702,Npc|
10710,Npc|
10750,Npc|
10790,Npc|
10795,Npc|
10800,Npc|
10801,Npc|
10804,Npc|
10805,Npc|
10807,Npc|
10820,Npc|
10821,Npc|
10830,Npc|
10840,Npc|
10850,Npc|
10855,Npc|
10859,Npc|
10860,Npc|
10861,Npc|
10862,Npc|
10865,Npc|
10870,Npc|
10871,Npc|
10872,Npc|
10873,Npc|
10874,Npc|
10875,Npc|
10876,Npc|
10877,Npc|
10880,Npc|
10881,Npc|
10882,Npc|
10883,Npc|
10885,Npc|
10886,Npc|
10887,Npc|
10888,Npc|
10890,Npc|
10891,Npc|
10892,Npc|
10895,Npc|
10896,Npc|
10897,Npc|
10898,Npc|
10899,Npc|
10900,Npc|Hks c9997|
10901,Npc|Hks c9997|
10902,Npc|Hks c9997|
10903,Npc|
10905,Npc|
10906,Npc|
10907,Npc|
10910,Npc|
10911,Npc|
10915,Npc|
10916,Npc|
10920,Npc|
10921,Npc|
10930,Npc|
10935,Npc|
10936,Npc|
10940,Npc|
10941,Npc|
10942,Npc|
10943,Npc|
10944,Npc|
10945,Npc|Warhawk|Bullet|
10946,Npc|
10949,Npc|
10950,Npc|
10951,Npc|
10952,Npc|
10953,Npc|
10959,Npc|
10960,Npc|
10961,Npc|
10962,Npc|
10963,Npc|
10964,Npc|
10965,Npc|
10969,Npc|
10990,Npc|
10991,Npc|
10992,Npc|
10993,Npc|
10994,Npc|
10999,Npc|
11000,Npc|
11001,Npc|
11010,Npc|Tarnished Furled Finger|
11011,Npc|
11012,Npc|
11020,Npc|
11025,Npc|
11030,Npc|Duelist Furled Finger|
11031,Npc|
11035,Npc|
11040,Npc|
11050,Npc|
11055,Npc|
11080,Npc|
11081,Npc|
11082,Npc|
11083,Npc|
11084,Npc|
11085,Npc|
11086,Npc|
11087,Npc|
11088,Npc|
11089,Npc|
11090,Npc|
11100,Npc|
11101,Npc|
11110,Npc|
11111,Npc|
11112,Npc|
11113,Npc|
11114,Npc|
11120,Npc|
11121,Npc|
11122,Npc|
11123,Npc|
11130,Npc|
11131,Npc|
11135,Npc|
11136,Npc|
11139,Npc|
11140,Npc|Commander|Bullet|
11141,Npc|Commander|Bullet|
11145,Npc|
11146,Npc|
11147,Npc|
11148,Npc|
11149,Npc|
11150,Npc|
11151,Npc|
11152,Npc|
11155,Npc|
11160,Npc|
11161,Npc|
11162,Npc|
11163,Npc|
11164,Npc|
11165,Npc|
11166,Npc|
11167,Npc|
11168,Npc|
11169,Npc|
11170,Npc|
11171,Npc|
11199,Npc|
11320,Npc|
11321,Npc|
11322,Npc|
11323,Npc|
11324,Npc|
11325,Npc|
11326,Npc|
11327,Npc|
11328,Npc|
11329,Npc|
11400,Npc|
11405,Npc|
11406,Npc|
11410,Npc|
11411,Npc|
11412,Npc|
11413,Npc|
11420,Npc|
11421,Npc|
11423,Npc|Hks c9997|
11430,Npc|
11431,Npc|
11432,Npc|Hks c9997|
11433,Npc|
11434,Npc|
11435,Npc|Hks c9997|
11436,Npc|Hks c9997|
11440,Npc|
11441,Npc|
11442,Npc|
11443,Npc|
11444,Npc|
11445,Npc|
11450,Npc|
11455,Npc|
11456,Npc|Hks c9997|
11457,Npc|Hks c9997|
11458,Npc|Hks c9997|
11460,Npc|
11461,Npc|
11462,Npc|Hks c9997|
11463,Npc|Hks c9997|
11470,Npc|
11471,Npc|
11500,Npc|
11501,Npc|
11502,Npc|
11550,Npc|
11551,Npc|
11552,Npc|
11560,Npc|
11561,Npc|
11570,Npc|
11571,Npc|
11575,Npc|
11580,Npc|
11581,Npc|
11590,Npc|
11591,Npc|
11595,Npc|
11596,Npc|
11600,Npc|
11601,Npc|
11602,Npc|
11603,Npc|
11604,Npc|
11605,Npc|
11606,Npc|
11610,Npc|
11611,Npc|
11612,Npc|
11613,Npc|
11614,Npc|
11615,Npc|
11616,Npc|
11650,Npc|
11651,Npc|
11652,Npc|
11653,Npc|
11654,Npc|
11655,Npc|
11656,Npc|
11657,Npc|Nox Swordstress|
11658,Npc|
11659,Npc|
11690,Npc|
11691,Npc|Nox Swordstress/Silver Tear|Bullet|
11692,Npc|
11693,Npc|
11694,Npc|
11695,Npc|
11696,Npc|
11697,Npc|
11698,Npc|
11700,Npc|
11701,Npc|
11702,Npc|
11703,Npc|
11704,Npc|
11705,Npc|
11710,Npc|
11711,Npc|
11720,Npc|
11721,Npc|
11750,Npc|
11751,Npc|
11752,Npc|
11753,Npc|
11755,Npc|
11756,Npc|
11757,Npc|
11758,Npc|
11761,Npc|
11762,Npc|
11765,Npc|
11766,Npc|
11767,Npc|
11768,Npc|
11769,Npc|
11770,Npc|
11771,Npc|
11772,Npc|Hks c9997|
11773,Npc|
11774,Npc|
11775,Npc|
11800,Npc|
11801,Npc|
11805,Npc|
11806,Npc|
11809,Npc|
11810,Npc|
11811,Npc|
11813,Npc|
11814,Npc|
11815,Npc|
11817,Npc|
11818,Npc|
11820,Npc|
11821,Npc|
11822,Npc|
11825,Npc|
11826,Npc|
11830,Npc|
11831,Npc|
11840,Npc|
11841,Npc|
11845,Npc|Hks c9997|
11846,Npc|
11847,Npc|
11848,Npc|
11850,Npc|
11851,Npc|
11855,Npc|
11860,Npc|
11870,Npc|
11875,Npc|
11876,Npc|
11880,Npc|
11889,Npc|
11890,Npc|
11891,Npc|
11892,Npc|
11893,Npc|
11894,Npc|
11895,Npc|
11897,Npc|
11898,Npc|Hks c9997|
11899,Npc|
11900,Npc|Hks c9997|
11901,Npc|Hks c9997|
11902,Npc|Hks c9997|
11920,Npc|
11930,Npc|
11931,Npc|
11932,Npc|
11933,Npc|
11934,Npc|
11935,Npc|
11936,Npc|
11937,Npc|
11938,Npc|
11940,Npc|
11941,Npc|
11942,Npc|
11943,Npc|
11944,Npc|
11945,Npc|
11946,Npc|
11947,Npc|
11948,Npc|
11949,Npc|
11950,Npc|
11951,Npc|Hks c9997|
11952,Npc|Hks c9997|
11953,Npc|Hks c9997|
11954,Npc|Writhing Mass|Bullet|
11955,Npc|
11960,Npc|
11965,Npc|
11971,Npc|Vulgar Militia|Bullet|
11975,Npc|
11976,Npc|
11977,Npc|
11978,Npc|
11980,Npc|
11981,Npc|
11982,Npc|
11983,Npc|
12000,Npc|State 32 Paralysis|Large Fingercreeper|Bullet +|12003|Hks C9997|+|12020|Hks C9997|=|Fireevent_30023 Paralysis|
12001,Npc|
12002,Npc|
12003,Npc|Hks C9997|+ 12020|
12010,Npc|
12011,Npc|
12012,Npc|
12013,Npc|Hks c9997|
12014,Npc|Hks c9997|
12015,Npc|
12016,Npc|
12017,Npc|
12018,Npc|Giant Fingercreeper|
12019,Npc|
12020,Npc|Hks c9997|
12021,Npc|
12030,Npc|
12031,Npc|
12032,Npc|
12033,Npc|
12041,Npc|
12042,Npc|
12043,Npc|
12044,Npc|
12045,Npc|
12046,Npc|
12047,Npc|
12048,Npc|
12049,Npc|
12050,Npc|
12051,Npc|
12052,Npc|
12053,Npc|
12054,Npc|
12055,Npc|
12056,Npc|
12057,Npc|
12058,Npc|
12059,Npc|
12060,Npc|
12061,Npc|
12062,Npc|
12100,Npc|
12101,Npc|
12110,Npc|
12111,Npc|
12150,Npc|
12151,Npc|
12155,Npc|
12156,Npc|Hks c9997|
12157,Npc|
12158,Npc|
12159,Npc|
12160,Npc|
12161,Npc|
12162,Npc|
12163,Npc|
12164,Npc|
12165,Npc|
12166,Npc|
12167,Npc|
12168,Npc|
12169,Npc|
12170,Npc|
12171,Npc|
12172,Npc|Hks c9997|
12173,Npc|Hks c9997|
12174,Npc|Hks c9997|
12175,Npc|
12176,Npc|
12177,Npc|
12180,Npc|
12181,Npc|
12183,Npc|
12184,Npc|
12185,Npc|
12186,Npc|
12187,Npc|
12188,Npc|
12189,Npc|
12199,Npc|
12200,Npc|
12201,Npc|
12202,Npc|
12203,Npc|
12204,Npc|
12205,Npc|
12206,Npc|
12207,Npc|
12208,Npc|
12209,Npc|
12210,Npc|
12211,Npc|
12212,Npc|
12213,Npc|
12214,Npc|
12215,Npc|
12216,Npc|
12217,Npc|
12230,Npc|
12231,Npc|
12232,Npc|
12233,Npc|
12234,Npc|
12235,Npc|
12236,Npc|
12237,Npc|
12238,Npc|
12239,Npc|
12240,Npc|
12241,Npc|
12242,Npc|
12243,Npc|
12244,Npc|
12245,Npc|
12290,Npc|
12291,Npc|
12293,Npc|
12294,Npc|
12295,Npc|
12296,Npc|
12297,Npc|
12298,Npc|
12400,Npc|
12401,Npc|
12402,Npc|
12403,Npc|
12404,Npc|
12405,Npc|
12406,Npc|
12407,Npc|
12408,Npc|
12409,Npc|
12410,Npc|
12450,Npc|
12455,Npc|
12460,Npc|
12461,Npc|
12462,Npc|
12463,Npc|
12465,Npc|
12470,Npc|
12480,Npc|
12481,Npc|
12490,Npc|
12491,Npc|
12495,Npc|
12496,Npc|
12500,Npc|State 121|Dam Lvl Change| Cat 1001|Priority 145|
12501,Npc|Dam Lvl Change|Cat 1001|Priority 200|
12510,Npc|Hks c9997|
12511,Npc|
12512,Npc|
12513,Npc|
12520,Npc|
12530,Npc|
12531,Npc|
12532,Npc|
12535,Npc|
12536,Npc|
12537,Npc|
12540,Npc|
12545,Npc|
12560,Npc|
12561,Npc|
12562,Npc|
12563,Npc|
12565,Npc|
12590,Npc|
12591,Npc|
12592,Npc|
12593,Npc|
12594,Npc|
12595,Npc|
12596,Npc|
12597,Npc|
12598,Npc|
12599,Npc|
12600,Npc|
12601,Npc|
12602,Npc|
12603,Npc|
12604,Npc|
12605,Npc|Hks c9997|
12606,Npc|
12607,Npc|
12608,Npc|
12610,Npc|
12611,Npc|
12612,Npc|
12613,Npc|
12614,Npc|
12615,Npc|
12616,Npc|
12617,Npc|
12620,Npc|
12630,Npc|
12633,Npc|
12634,Npc|
12635,Npc|
12636,Npc|
12637,Npc|
12638,Npc|
12640,Npc|Hks c9997|
12641,Npc|
12642,Npc|
12643,Npc|
12644,Npc|
12645,Npc|
12646,Npc|
12647,Npc|
12648,Npc|
12649,Npc|
12650,Npc|
12651,Npc|
12660,Npc|Hks c9997|
12665,Npc|
12670,Npc|
12671,Npc|
12672,Npc|
12700,Npc|Fire Giant|
12705,Npc|Fire Giant|
12710,Npc|Fire Giant|
12720,Npc|Fire Giant|
12730,Npc|
12731,Npc|
12732,Npc|
12733,Npc|
12734,Npc|
12735,Npc|
12736,Npc|
12737,Npc|
12738,Npc|
12740,Npc|
12741,Npc|
12742,Npc|
12743,Npc|
12744,Npc|
12745,Npc|
12746,Npc|
12747,Npc|
12748,Npc|
12750,Npc|Hks c9997|
12751,Npc|
12752,Npc|Hks c9997|
12755,Npc|
12760,Npc|
12761,Npc|
12765,Npc|
12766,Npc|
12770,Npc|Fire Giant|
12775,Npc|Fire Giant|
12776,Npc|
12780,Npc|
12800,Npc|
12810,Npc|
12820,Npc|
12850,Npc|
12855,Npc|
13020,Npc|Wolf|Bullet|
13021,Npc|
13022,Npc|
13023,Npc|
13024,Npc|
13025,Npc|Wolf|
13026,Npc|
13027,Npc|
13028,Npc|
13029,Npc|
13030,Npc|
13031,Npc|
13032,Npc|
13033,Npc|
13034,Npc|
13035,Npc|
13036,Npc|
13040,Npc|
13041,Npc|
13042,Npc|
13043,Npc|
13044,Npc|
13045,Npc|
13046,Npc|
13047,Npc|
13048,Npc|
13049,Npc|
13050,Npc|
13051,Npc|
13052,Npc|Hks c9997|
13053,Npc|
13054,Npc|
13055,Npc|
13056,Npc|
13057,Npc|
13058,Npc|
13059,Npc|
13060,Npc|
13061,Npc|
13062,Npc|
13063,Npc|
13064,Npc|
13065,Npc|
13066,Npc|
13067,Npc|Castle Soldier|
13068,Npc|
13069,Npc|
13070,Npc|Hks c9997|
13071,Npc|Hks c9997|
13072,Npc|
13073,Npc|
13074,Npc|
13075,Npc|Hks c9997|
13076,Npc|
13077,Npc|
13078,Npc|
13079,Npc|
13080,Npc|
13081,Npc|
13082,Npc|
13083,Npc|
13084,Npc|
13085,Npc|
13086,Npc|
13100,Npc|
13101,Npc|
13102,Npc|
13103,Npc|
13104,Npc|
13105,Npc|
13106,Npc|
13107,Npc|
13108,Npc|
13110,Npc|
13111,Npc|
13120,Npc|Onyx Lord|Bullet|
13121,Npc|Onyx Lord|Bullet|
13150,Npc|
13151,Npc|Ancestral Follower Ranged Atk|
13152,Npc|
13153,Npc|Ancestral Follower|Bullet|
13154,Npc|Ancestral Follower|Bullet|
13155,Npc|
13156,Npc|Ancestral Follower Shaman|Bullet|
13157,Npc|
13158,Npc|
13159,Npc|
13160,Npc|
13161,Npc|
13162,Npc|
13163,Npc|
13164,Npc|Ancestral Follower|
13165,Npc|
13166,Npc|
13167,Npc|
13168,Npc|
13170,Npc|
13175,Npc|Ancestral Follower|Buff|
13176,Npc|
13177,Npc|
13178,Npc|
13179,Npc|
13180,Npc|
13185,Npc|
13190,Npc|
13191,Npc|Ancestral Follower|Hp Restore|
13195,Npc|
13196,Npc|
13197,Npc|
13198,Npc|
13199,Npc|
13200,Npc|
13201,Npc|
13202,Npc|
13203,Npc|
13204,Npc|
13205,Npc|
13206,Npc|
13207,Npc|
13208,Npc|
13209,Npc|
13210,Npc|
13211,Npc|
13212,Npc|
13213,Npc|
13214,Npc|
13215,Npc|
13216,Npc|
13217,Npc|
13218,Npc|
13219,Npc|
13220,Npc|
13221,Npc|
13222,Npc|
13223,Npc|
13244,Npc|
13245,Npc|
13246,Npc|
13247,Npc|
13248,Npc|
13249,Npc|
13250,Npc|
13251,Npc|
13252,Npc|
13253,Npc|
13254,Npc|
13255,Npc|
13256,Npc|
13257,Npc|
13258,Npc|Mad Pumpkin Head/Grinning Torturer|Bullet|
13259,Npc|
13260,Npc|
13261,Npc|
13262,Npc|
13263,Npc|
13264,Npc|
13265,Npc|
13266,Npc|
13267,Npc|
13268,Npc|
13269,Npc|
13270,Npc|
13271,Npc|
13272,Npc|
13273,Npc|
13274,Npc|
13275,Npc|
13276,Npc|
13277,Npc|
13278,Npc|
13279,Npc|
13280,Npc|
13281,Npc|
13282,Npc|
13283,Npc|
13284,Npc|
13285,Npc|
13286,Npc|
13287,Npc|State 412|Vfx 51215 White Sword Sticking Out Of Player|
13288,Npc|
13289,Npc|
13290,Npc|
13291,Npc|
13292,Npc|
13293,Npc|
13294,Npc|
13295,Npc|
13296,Npc|Castle Soldier|
13297,Npc|
13298,Npc|
13299,Npc|
13300,Npc|
13301,Npc|
13302,Npc|
13303,Npc|
13304,Npc|
13305,Npc|
13330,Npc|
13331,Npc|
13332,Npc|
13333,Npc|
13334,Npc|
13335,Npc|
13336,Npc|
13340,Npc|
13349,Npc|
13350,Npc|
13351,Npc|
13352,Npc|
13353,Npc|
13354,Npc|
13355,Npc|
13356,Npc|
13357,Npc|
13358,Npc|
13359,Npc|
13360,Npc|
13389,Npc|
13390,Npc|
13400,Npc|
13403,Npc|
13404,Npc|
13405,Npc|
13408,Npc|
13410,Npc|
13411,Npc|
13415,Npc|
13416,Npc|
13417,Npc|
13418,Npc|
13420,Npc|
13421,Npc|
13422,Npc|
13430,Npc|
13431,Npc|
13449,Npc|
13450,Npc|
13451,Npc|
13460,Npc|
13461,Npc|
13462,Npc|Putrid Corpse|Explosion|
13465,Npc|
13470,Npc|
13471,Npc|
13475,Npc|
13476,Npc|
13477,Npc|
13480,Npc|
13500,Npc|
13501,Npc|
13502,Npc|
13503,Npc|
13504,Npc|
13505,Npc|
13506,Npc|
13507,Npc|
13508,Npc|
13510,Npc|
13511,Npc|
13512,Npc|
13513,Npc|
13514,Npc|
13515,Npc|
13516,Npc|
13517,Npc|
13518,Npc|
13519,Npc|
13520,Npc|
13521,Npc|
13522,Npc|
13523,Npc|
13524,Npc|
13525,Npc|
13526,Npc|
13527,Npc|
13528,Npc|
13529,Npc|
13550,Npc|
13551,Npc|
13552,Npc|
13553,Npc|
13554,Npc|
13555,Npc|
13556,Npc|
13557,Npc|
13558,Npc|
13559,Npc|
13560,Npc|
13561,Npc|
13562,Npc|
13563,Npc|
13564,Npc|
13565,Npc|
13569,Npc|
13600,Npc|
13601,Npc|
13602,Npc|
13603,Npc|
13604,Npc|
13605,Npc|
13606,Npc|
13607,Npc|
13608,Npc|
13609,Npc|
13610,Npc|
13611,Npc|
13612,Npc|
13613,Npc|
13614,Npc|
13615,Npc|
13616,Npc|
13617,Npc|Ancestor Spirit|Bullet|
13618,Npc|
13619,Npc|
13620,Npc|
13621,Npc|
13622,Npc|
13623,Npc|
13624,Npc|
13625,Npc|
13626,Npc|
13627,Npc|
13628,Npc|
13630,Npc|
13631,Npc|
13632,Npc|
13633,Npc|
13634,Npc|
13635,Npc|
13636,Npc|
13637,Npc|
13638,Npc|
13639,Npc|
13640,Npc|
13641,Npc|
13642,Npc|
13643,Npc|
13644,Npc|
13645,Npc|
13646,Npc|
13647,Npc|
13648,Npc|
13649,Npc|
13650,Npc|
13651,Npc|
13652,Npc|
13653,Npc|All Foot Soldiers Ranged Atk|
13654,Npc|
13655,Npc|
13656,Npc|
13657,Npc|
13658,Npc|
13659,Npc|
13660,Npc|
13661,Npc|
13662,Npc|
13663,Npc|
13664,Npc|
13665,Npc|
13666,Npc|
13667,Npc|
13668,Npc|
13669,Npc|
13670,Npc|
13675,Npc|
13676,Npc|
13680,Npc|
13685,Npc|
13688,Npc|
13689,Npc|
13690,Npc|
13691,Npc|
13692,Npc|
13693,Npc|
13694,Npc|
13695,Npc|
13696,Npc|
13697,Npc|
13698,Npc|
13699,Npc|
13700,Npc|
13701,Npc|
13702,Npc|
13703,Npc|Hks c9997|
13704,Npc|
13705,Npc|
13706,Npc|
13707,Npc|
13708,Npc|
13710,Npc|
13711,Npc|
13712,Npc|
13713,Npc|
13714,Npc|
13715,Npc|
13716,Npc|
13717,Npc|
13718,Npc|
13719,Npc|
13720,Npc|
13721,Npc|
13722,Npc|
13723,Npc|
13750,Npc|
13751,Npc|
13752,Npc|
13753,Npc|
13754,Npc|
13755,Npc|
13756,Npc|
13757,Npc|
13758,Npc|
13759,Npc|
13760,Npc|
13761,Npc|
13762,Npc|
13763,Npc|
13764,Npc|
13765,Npc|
13770,Npc|
13771,Npc|
13772,Npc|
13780,Npc|Tree Sentinel|Bullet|
13781,Npc|
13782,Npc|Tree Sentinel|Bullet|
13783,Npc|
13784,Npc|
13800,Npc|
13801,Npc|
13802,Npc|
13803,Npc|
13804,Npc|
13805,Npc|
13806,Npc|
13810,Npc|
13811,Npc|
13812,Npc|
13813,Npc|
13814,Npc|
13815,Npc|
13816,Npc|
13817,Npc|
13818,Npc|
13819,Npc|
13822,Npc|
13823,Npc|
13824,Npc|
13850,Npc|
13851,Npc|
13852,Npc|
13855,Npc|Cleanrot Knight|Bullet|
13856,Npc|Cleanrot Knight|Bullet|
13860,Npc| Marionette Soldier Magic Pot
13861,Npc| Marionette Soldier Fire Pot
13862,Npc|
13863,Npc|
13864,Npc|
13865,Npc|
13866,Npc|
13867,Npc|
13868,Npc|
13869,Npc|
13870,Npc|
13871,Npc|
13872,Npc|
13873,Npc|
13899,Npc|
13900,Npc|
13901,Npc|
13902,Npc|
13903,Npc|
13904,Npc|
13905,Npc|
13906,Npc|
13907,Npc|
13908,Npc|
13909,Npc|
13910,Npc|
13911,Npc|
13912,Npc|
13913,Npc|
13914,Npc|
13915,Npc|
13916,Npc|
13917,Npc|
13918,Npc|
13919,Npc|
13920,Npc|
13921,Npc|
13922,Npc|
13923,Npc|
13924,Npc|
13925,Npc|
13926,Npc|
13927,Npc|
13928,Npc|
13929,Npc|
13930,Npc|
13931,Npc|
13932,Npc|
13933,Npc|
13934,Npc|
13935,Npc|
13936,Npc|
13937,Npc|
13938,Npc|
13939,Npc|
13940,Npc|
13941,Npc|
13942,Npc|
13943,Npc|
13944,Npc|Unk|Blood|
13945,Npc|
13950,Npc|
13951,Npc|
13952,Npc|
13953,Npc|
13954,Npc|
13955,Npc|
13956,Npc|
13957,Npc|
13958,Npc|
13959,Npc|
14000,Npc|
14001,Npc|
14002,Npc|
14003,Npc|
14004,Npc|
14005,Npc|
14006,Npc|
14007,Npc|
14008,Npc|
14009,Npc|
14010,Npc|
14011,Npc|
14012,Npc|
14013,Npc|
14014,Npc|
14015,Npc|
14016,Npc|Monstrous Crow|Bullet|
14017,Npc|
14018,Npc|
14019,Npc|
14020,Npc|
14021,Npc|
14025,Npc|
14026,Npc|
14027,Npc|
14028,Npc|Monstrous Dog|Bullet|
14045,Npc|
14050,Npc|
14051,Npc|
14052,Npc|
14053,Npc|
14054,Npc|
14055,Npc|
14056,Npc|
14057,Npc|Hks c9997|
14058,Npc|
14059,Npc|
14060,Npc|
14061,Npc|
14070,Npc|
14080,Npc|
14081,Npc|
14082,Npc|
14085,Npc|
14086,Npc|
14087,Npc|
14088,Npc|
14089,Npc|
14090,Npc|
14091,Npc|
14092,Npc|
14093,Npc|
14094,Npc|
14100,Npc|
14101,Npc|
14102,Npc|
14103,Npc|
14104,Npc|
14150,Npc|
14151,Npc|
14152,Npc|
14153,Npc|
14154,Npc|
14160,Npc|
14200,Npc|
14201,Npc|
14202,Npc|
14203,Npc|
14204,Npc|
14205,Npc|
14206,Npc|
14207,Npc|
14208,Npc|
14209,Npc|
14210,Npc|
14250,Npc|
14251,Npc|
14252,Npc|
14253,Npc|
14254,Npc|
14255,Npc|
14256,Npc|
14257,Npc|
14258,Npc|
14259,Npc|
14260,Npc|
14261,Npc|
14262,Npc|
14263,Npc|
14264,Npc|
14265,Npc|
14266,Npc|
14270,Npc|
14271,Npc|
14272,Npc|
14273,Npc|
14274,Npc|
14275,Npc|
14276,Npc|
14277,Npc|
14278,Npc|
14279,Npc|
14280,Npc|
14299,Npc|
14300,Npc|
14301,Npc|
14302,Npc|
14303,Npc|
14304,Npc|
14305,Npc|
14306,Npc|
14307,Npc|
14308,Npc|Hks c9997|
14310,Npc|
14311,Npc|
14350,Npc|
14351,Npc|Rennala|
14352,Npc|Rennala|
14353,Npc|Rennala|
14354,Npc|Rennala|
14355,Npc|
14356,Npc|
14357,Npc|
14358,Npc| Blood obsessed Godrick Knight Variant
14359,Npc|
14360,Npc|
14361,Npc|
14362,Npc|
14363,Npc|
14364,Npc| Npc Magic GreatSword Coat Effect
14365,Npc|
14366,Npc|
14367,Npc|
14368,Npc|
14369,Npc|
14370,Npc|
14371,Npc|
14372,Npc|
14373,Npc|
14374,Npc|
14375,Npc|
14376,Npc|
14377,Npc|
14378,Npc|
14379,Npc|
14380,Npc|
14381,Npc|
14382,Npc|
14383,Npc|
14384,Npc|
14385,Npc|
14386,Npc|Rennala Student|Main Target|
14387,Npc|
14388,Npc|Hks c9997|
14389,Npc|
14390,Npc|
14391,Npc|
14392,Npc|
14393,Npc|
14394,Npc|
14395,Npc|
14396,Npc|
14397,Npc|Hks c9997|
14398,Npc|
14399,Npc|Hks c9997|
14400,Npc|
14401,Npc|
14402,Npc|
14403,Npc|
14405,Npc|Depraved Perfumer|Bullet|
14406,Npc|Depraved Perfumer|Bullet|
14407,Npc|
14408,Npc|
14410,Npc|
14411,Npc|
14420,Npc|
14421,Npc|
14422,Npc|
14423,Npc|
14424,Npc|
14425,Npc|
14426,Npc|
14427,Npc|
14428,Npc|
14429,Npc|
14430,Npc|
14431,Npc|
14432,Npc|
14433,Npc|
14434,Npc|
14435,Npc|Depraved Perfumer|
14436,Npc|
14437,Npc|
14438,Npc|
14439,Npc|Depraved Perfumer|
14440,Npc|
14441,Npc|
14443,Npc|
14448,Npc|
14449,Npc|
14450,Npc|
14451,Npc|
14452,Npc|
14453,Npc|
14454,Npc|
14455,Npc|
14456,Npc|
14457,Npc|
14458,Npc|
14459,Npc|
14460,Npc|
14461,Npc|
14462,Npc|
14463,Npc|
14464,Npc|
14465,Npc|
14466,Npc|
14467,Npc|
14468,Npc|
14469,Npc|
14470,Npc|
14471,Npc|
14472,Npc|
14473,Npc|
14474,Npc|
14475,Npc|
14476,Npc|
14477,Npc|
14478,Npc|
14479,Npc|
14480,Npc|
14481,Npc|
14482,Npc|
14483,Npc|
14484,Npc|
14485,Npc|
14486,Npc|
14487,Npc|
14488,Npc|
14489,Npc|
14490,Npc|
14491,Npc|
14492,Npc|
14493,Npc|
14494,Npc|
14495,Npc|
14496,Npc|
14497,Npc|
14498,Npc|
14499,Npc|
14500,Npc|
14501,Npc|
14502,Npc|
14503,Npc|
14505,Npc|
14506,Npc|
14507,Npc|
14508,Npc|
14510,Npc|
14511,Npc|
14512,Npc|
14513,Npc|
14514,Npc|
14515,Npc|
14520,Npc|
14521,Npc|
14530,Npc|
14531,Npc|
14532,Npc|
14539,Npc|
14540,Npc|Ai Observe|Unk 1|
14541,Npc|Ai Observe|Unk 2|
14542,Npc|Ai Observe|Unk 3|
14543,Npc|Ai Observe|Unk 4|
14544,Npc|Ai Observe|Unk 5|
14545,Npc|Ai Observe|Unk 6|
14546,Npc|Ai Observe|Unk 7|
14547,Npc|Ai Observe|Unk 8|
14548,Npc|Ai Observe|Unk 9|
14549,Npc|Ai Observe|Unk 10|
14550,Npc|
14551,Npc|
14552,Npc|
14553,Npc|Blaidd The Half|Wolf|Bullet|
14554,Npc|
14555,Npc|
14556,Npc|
14557,Npc|
14558,Npc|
14559,Npc|
14560,Npc|Hks c9997|
14565,Npc|
14566,Npc|
14569,Npc|
14570,Npc|Hks c9997|
14571,Npc|
14572,Npc|
14573,Npc|
14574,Npc|
14575,Npc|
14576,Npc|
14577,Npc|Rennala|Bullet|
14578,Npc|
14579,Npc|
14580,Npc|
14585,Npc|
14586,Npc|
14589,Npc|
14590,Npc|
14591,Npc|
14592,Npc|
14593,Npc|
14595,Npc|
14596,Npc|Rennala 2|Bullet|
14597,Npc|
14598,Npc|
14599,Npc|
14600,Npc|
14601,Npc|
14602,Npc|
14603,Npc|
14604,Npc|
14605,Npc|
14606,Npc|
14607,Npc|
14608,Npc|
14610,Npc|
14611,Npc|
14612,Npc|
14613,Npc|
14614,Npc|
14647,Npc|
14649,Npc|
14650,Npc|
14651,Npc|
14652,Npc|
14653,Npc|
14654,Npc|
14660,Npc|
14661,Npc|
14662,Npc|
14663,Npc|
14664,Npc|
14665,Npc|
14666,Npc|
14667,Npc|
14668,Npc|
14669,Npc|
14670,Npc|
14671,Npc|
14699,Npc|
14700,Npc|
14701,Npc|
14702,Npc|
14703,Npc|
14704,Npc|
14705,Npc|
14706,Npc|
14707,Npc|
14708,Npc|
14710,Npc|
14711,Npc|
14712,Npc|
14713,Npc|
14714,Npc|
14715,Npc|
14716,Npc|
14717,Npc|Hks c9997|
14720,Npc|
14721,Npc|
14722,Npc|
14723,Npc|
14724,Npc|
14725,Npc|
14726,Npc|
14727,Npc|
14728,Npc|
14749,Npc|
14750,Npc|
14751,Npc|
14760,Npc|
14762,Npc|
14765,Npc|
14766,Npc|
14767,Npc|
14768,Npc|
14769,Npc|
14770,Npc|
14771,Npc|
14780,Npc|Hks c9997|
14781,Npc|
14782,Npc|Hks c9997|
14785,Npc|
14790,Npc|
14791,Npc|
14792,Npc|
14793,Npc|
14794,Npc|
14795,Npc|
14796,Npc|
14797,Npc|
14799,Npc|
14800,Npc|
14801,Npc|
14802,Npc|
14803,Npc|
14804,Npc|
14805,Npc|
14806,Npc|
14807,Npc|
14808,Npc|
14809,Npc|
14850,Npc|
14851,Npc|
14852,Npc|
14853,Npc|
14854,Npc|
14855,Npc|
14856,Npc|Hks c9997|
14857,Npc|
14858,Npc|
14859,Npc|
14860,Npc|
14861,Npc|
14862,Npc|
14863,Npc|
14864,Npc|
14865,Npc|
14866,Npc|
14867,Npc|
14868,Npc|
14869,Npc|
14870,Npc|
14871,Npc|
14872,Npc|
14873,Npc|
14874,Npc|
14875,Npc|
14876,Npc|
14877,Npc|
14878,Npc|
14879,Npc|
14880,Npc|
14881,Npc|
14882,Npc|
14883,Npc|
14885,Npc|
14886,Npc|
14887,Npc|
14888,Npc|
14889,Npc|
14890,Npc|
14891,Npc|
14892,Npc|
14893,Npc|
14894,Npc|
14895,Npc|
14896,Npc|
14897,Npc|
14898,Npc|Ancient Dragon|Bullet|
14899,Npc|
14900,Npc|
14901,Npc|
14902,Npc|
14903,Npc|
14904,Npc|Hks c9997|
14905,Npc|
14906,Npc|
14907,Npc|
14908,Npc|Hks c9997|
14930,Npc|
14931,Npc|
14932,Npc|
14933,Npc|
14934,Npc|
14935,Npc|
14939,Npc|
14940,Npc|
14941,Npc|
14942,Npc|
14943,Npc|
14944,Npc|
14945,Npc|
14950,Npc|
14951,Npc|
14952,Npc|
14953,Npc|
14954,Npc|
14955,Npc|
14962,Npc|Hks c9997|
14963,Npc|
14964,Npc|
14965,Npc|
14966,Npc|
14980,Npc|
14981,Npc|
14999,Npc|
15000,Npc|
15001,Npc|
15002,Npc|
15003,Npc|
15004,Npc|
15005,Npc|
15006,Npc|
15007,Npc|
15008,Npc|
15010,Npc|Hks c9997|
15015,Npc|
15016,Npc|
15020,Npc|
15021,Npc|
15022,Npc|
15025,Npc|
15030,Npc|
15031,Npc|
15032,Npc|
15033,Npc|
15035,Npc|
15040,Npc|
15041,Npc|
15042,Npc|
15043,Npc|
15044,Npc|
15045,Npc|
15046,Npc|
15050,Npc|
15051,Npc|
15052,Npc|
15090,Npc|
15091,Npc|
15092,Npc|
15093,Npc|
15094,Npc|
15100,Npc|
15101,Npc|
15110,Npc|
15111,Npc|Hks c9997|
15112,Npc|Hks c9997|
15113,Npc|
15150,Npc|
15151,Npc|
15152,Npc|
15153,Npc|Hks c9997|
15154,Npc|Hks c9997|
15155,Npc|
15156,Npc|
15157,Npc|
15158,Npc|
15159,Npc|
15160,Npc|Hks c9997|
15200,Npc|
15201,Npc|
15202,Npc|
15203,Npc|
15204,Npc|
15205,Npc|
15206,Npc|
15207,Npc|
15208,Npc|
15209,Npc|
15210,Npc|
15211,Npc|
15212,Npc|
15213,Npc|
15214,Npc|
15215,Npc|
15216,Npc|
15217,Npc|
15218,Npc|
15219,Npc|
15220,Npc|
15250,Npc|Hks c9997|
15251,Npc|
15252,Npc|
15253,Npc|
15254,Npc|
15255,Npc|
15256,Npc|
15257,Npc|
15258,Npc|
15259,Npc|
15270,Npc|
15271,Npc|
15272,Npc|
15280,Npc|Hks c9997|
15281,Npc|Hks c9997|
15290,Npc|
15291,Npc|
15298,Npc|
15299,Npc|
15300,Npc|
15301,Npc|
15302,Npc|
15303,Npc|
15310,Npc|
15311,Npc|
15312,Npc|
15313,Npc|
15314,Npc|
15315,Npc|
15318,Npc|
15319,Npc|
15320,Npc|Hks c9997|
15321,Npc|Tibia Mariner|Bullet|
15322,Npc|Tibia Mariner|Bullet|Chain|
15323,Npc|
15324,Npc|
15325,Npc|
15326,Npc|
15327,Npc|
15328,Npc|
15329,Npc|
15330,Npc|
15331,Npc|
15335,Npc|
15338,Npc|
15339,Npc|
15340,Npc|Hks c9997|
15345,Npc|
15346,Npc|
15347,Npc|
15348,Npc|
15349,Npc|
15350,Npc|
15351,Npc|
15352,Npc|Hks c9997|
15353,Npc|Hks c9997|
15354,Npc|
15355,Npc|
15356,Npc|Hks c9997|
15357,Npc|
15358,Npc|
15359,Npc|Hks c9997|
15360,Npc|Hks c9997|
15361,Npc|
15362,Npc|
15363,Npc|
15364,Npc|
15365,Npc|
15366,Npc|Hks c9997|
15367,Npc|Hks c9997|
15368,Npc|Hks c9997|
15369,Npc|
15400,Npc|Hks c9997|
15401,Npc|
15402,Npc|
15403,Npc|
15404,Npc|
15405,Npc|
15406,Npc|
15407,Npc|
15408,Npc|
15409,Npc|
15430,Npc|
15440,Npc|
15441,Npc|
15442,Npc|
15443,Npc|Hks c9997|
15444,Npc|
15445,Npc|
15450,Npc|
15451,Npc|
15452,Npc|Godskin Apostle|Bullet|
15453,Npc|
15454,Npc|
15455,Npc|
15456,Npc|
15457,Npc|
15458,Npc|
15459,Npc|
15460,Npc|Hks c9997|
15461,Npc|
15465,Npc|
15466,Npc|
15467,Npc|Godskin Apostle|
15468,Npc|
15500,Npc|
15501,Npc|
15502,Npc|
15503,Npc|
15504,Npc|
15505,Npc|
15506,Npc|
15507,Npc|
15508,Npc|
15509,Npc|
15510,Npc|
15511,Npc|Godskin Noble|
15512,Npc|
15513,Npc|
15514,Npc|
15515,Npc|
15516,Npc|
15517,Npc|
15518,Npc|
15519,Npc|
15550,Npc|
15551,Npc|
15552,Npc|
15553,Npc|Hks c9997|
15554,Npc|
15555,Npc|
15556,Npc|
15557,Npc|
15600,Npc|
15601,Npc|
15602,Npc|
15603,Npc|
15604,Npc|
15605,Npc|
15606,Npc|
15607,Npc|
15608,Npc|
15609,Npc|
15610,Npc|
15611,Npc|
15612,Npc|
15613,Npc|
15650,Npc|
15651,Npc|
15652,Npc|
15653,Npc|
15654,Npc|
15655,Npc|
15656,Npc|
15657,Npc|
15658,Npc|
15659,Npc|
15660,Npc|
16000,Npc|
16001,Npc|
16002,Npc|
16003,Npc|
16004,Npc|
16005,Npc|
16006,Npc|
16007,Npc|
16008,Npc|
16009,Npc|
16010,Npc|
16011,Npc|
16012,Npc|
16013,Npc|
16014,Npc|
16015,Npc|
16016,Npc|
16017,Npc|
16018,Npc|
16019,Npc|
16020,Npc|
16021,Npc|
16022,Npc|
16023,Npc|
16024,Npc|
16025,Npc|
16026,Npc|
16027,Npc|
16028,Npc|
16029,Npc|
16030,Npc|
16031,Npc|
16032,Npc|
16033,Npc|
16034,Npc|
16040,Npc|
16045,Npc|
16046,Npc|
16047,Npc|
16048,Npc|
16049,Npc|
16050,Npc|
16051,Npc|
16052,Npc|
16053,Npc|
16054,Npc|
16055,Npc|
16056,Npc|
16057,Npc|
16058,Npc|
16059,Npc|
16060,Npc|
16061,Npc|
16062,Npc|
16063,Npc|
16064,Npc|
16065,Npc|
16066,Npc|
16067,Npc|
16068,Npc|
16069,Npc|
16070,Npc|
16071,Npc|
16072,Npc|
16073,Npc|
16074,Npc|
16075,Npc|
16076,Npc|
16077,Npc|
16078,Npc|
16079,Npc|
16081,Npc|
16082,Npc|
16116,Npc|
16117,Npc|
16125,Npc|
16126,Npc|
16127,Npc|
16130,Npc|
16139,Npc|
16140,Npc|
16141,Npc|
16142,Npc|
16145,Npc|
16146,Npc|
16148,Npc|
16149,Npc|
16150,Npc|
16151,Npc|
16152,Npc|
16153,Npc|Hks c9997|
16154,Npc|
16155,Npc|
16156,Npc|
16157,Npc|
16158,Npc|
16159,Npc|Hks c9997|
16160,Npc|
16161,Npc|
16200,Hks c9997|Morgott|
16201,Npc|Morgott|
16202,Npc|Morgott|
16203,Npc|Morgott|
16204,Npc|Morgott|
16205,Npc|Morgott|
16206,Npc|Morgott|
16207,Npc|Morgott|State 467 Bloodbehavior|Deathflame Explosion On Player|250 Holy Dam|
16208,Npc|Morgott|
16209,Npc|Morgott|
16210,Npc|Morgott|
16211,Npc|Morgott|
16212,Npc|Morgott|
16213,Npc|Morgott|
16214,Npc|Morgott|
16215,Npc|Morgott|
16216,Npc|Morgott|
16217,Npc|Morgott|
16218,Npc|Morgott|
16219,Npc|Morgott|
16220,Npc|Morgott|
16221,Npc|Morgott|
16222,Npc|Morgott|
16223,Npc|Morgott|
16224,Npc|Morgott|
16225,Npc|Morgott|
16226,Npc|Morgott|
16227,Npc|Morgott|
16228,Npc|Morgott|
16229,Npc|Morgott|
16230,Npc|Morgott Phase 2|Animation Offset +1m|
16231,Npc|Morgott|
16232,Npc|Morgott|
16233,Npc|Morgott|
16238,Npc|Morgott|Hks c9997|
16239,Npc|Morgott|Hks c9997|
16240,Npc|Morgott|
16246,Npc|Morgott|
16247,Npc|Morgott|Hks c9997|
16248,Npc|Morgott|Hks c9997|
16249,Npc|Morgott|Hks c9997|
16250,Npc|Morgott|
16251,Npc|Morgott|
16252,Npc|Morgott|
16253,Npc|Morgott|
16254,Npc|Morgott|
16260,Npc|
16265,Npc|
16266,Npc|
16270,Npc|
16271,Npc|
16280,Npc|
16281,Npc|
16282,Npc|
16283,Npc|
16284,Npc|
16285,Npc|
16286,Npc|
16290,Npc|
16291,Npc|
16292,Npc|
16295,Npc|
16296,Npc|
16297,Npc|
16299,Npc|
16300,Npc|
16301,Npc|Hks c9997|
16302,Npc|
16303,Npc|
16304,Npc|
16305,Npc|Hks c9997|
16306,Npc|Hks c9997|
16307,Npc|
16308,Npc|
16309,Npc|
16310,Npc|
16311,Npc|
16312,Npc|
16313,Npc|
16314,Npc|
16315,Npc|
16316,Npc|Spirit Summon|Fade In|
16317,Npc|
16318,Npc|
16319,Npc|
16349,Npc|
16400,Npc|
16401,Npc|
16402,Npc|
16403,Npc|
16404,Npc|
16405,Npc|
16406,Npc|
16407,Npc|
16408,Npc|
16409,Npc|
16410,Npc|
16411,Npc|
16412,Npc|
16413,Npc|
16414,Npc|Elemer Of The Briar|
16415,Npc|
16416,Npc|
16417,Npc|
16418,Npc|
16419,Npc|
16420,Npc|
16421,Npc|
16422,Npc|
16423,Npc|
16424,Npc|
16425,Npc|Hks c9997|
16426,Npc|
16449,Npc|
16450,Npc|
16451,Npc|
16452,Npc|
16453,Npc|
16454,Npc|
16455,Npc|
16456,Npc|
16457,Npc|
16458,Npc|
16459,Npc|
16460,Npc|
16461,Npc|
16462,Npc|
16463,Npc|
16464,Npc|
16465,Npc|
16466,Npc|
16467,Npc|
16468,Npc|
16469,Npc|
16470,Npc|
16471,Npc|
16472,Npc|
16473,Npc|
16474,Npc|
16475,Npc|
16480,Npc|
16481,Npc|
16482,Npc|Fallingstar Beast Bullet|Purple Gravity Lightning And Rocks Raising From Ground Around You|
16484,Npc|
16485,Npc|
16486,Hks c9997|
16488,Npc|Fallingstar Beast|
16489,Npc|
16490,Npc|
16495,Npc|
16496,Npc|Menacing Purple Gravity Galaxy Aura|
16500,Npc|
16501,Npc|
16502,Npc|
16503,Npc|
16504,Npc|
16505,Npc|
16506,Npc|
16507,Npc|
16508,Npc|
16509,Npc|
16510,Npc|
16511,Npc|
16512,Npc|
16513,Npc|Omen Phase 2|Animation Offset +1m|
16514,Npc|Omen Phase 2|Animation Offset +1m|
16515,Npc|
16516,Npc|
16517,Npc|
16518,Npc|
16519,Npc|
16520,Npc|
16530,Npc|
16531,Npc|
16532,Npc|
16539,Npc|
16549,Npc|
16550,Npc|
16551,Npc|
16552,Npc|
16553,Npc|
16554,Npc|
16555,Npc|
16556,Npc|
16557,Npc|
16558,Npc|
16559,Npc|
16560,Npc|
16561,Npc|
16562,Npc|
16563,Npc|
16564,Npc|
16565,Npc|
16566,Npc|Hks c9997|
16567,Npc|
16568,Npc|
16569,Npc|
16570,Npc|
16571,Npc|
16572,Npc|
16573,Npc|
16574,Npc|
16575,Npc|
16576,Npc|
16577,Npc|
16580,Npc|
16581,Npc|
16582,Npc|
16583,Npc|
16590,Npc|
16591,Npc|
16592,Npc|
16593,Npc|
16595,Npc|
16596,Npc|
16600,Npc|
16601,Npc|
16605,Npc|
16606,Npc|
16610,Npc|
16611,Npc|
16613,Npc|
16614,Npc|
16615,Npc|
16620,Npc|
16621,Npc|
16622,Npc|
16623,Npc|
16624,Npc|
16625,Npc|
16626,Npc|
16627,Npc|
16630,Npc|
16631,Npc|
16632,Npc|
16633,Npc|
16634,Npc|
16635,Npc|
16636,Npc|
16637,Npc|
16649,Npc|
16650,Npc|
16651,Npc|
16653,Npc|
16654,Npc|
16655,Npc|
16656,Npc|
16657,Npc|
16658,Npc|
16659,Npc|
16660,Npc|
16661,Npc|
16662,Npc|
16663,Npc|
16664,Npc|
16665,Npc|
16666,Npc|
16670,Npc|
16671,Npc|
16672,Npc|
16680,Npc|
16681,Npc|
16682,Npc|
16683,Npc|
16684,Npc|
16690,Npc|
16691,Npc|
16695,Npc|
16696,Npc|
16700,Npc|
16710,Npc|
16711,Npc|
16712,Npc|
16713,Npc|
16714,Npc|
16720,Npc|
16721,Npc|
16722,Npc|
16723,Npc|
16730,Npc|
16740,Npc|
16741,Npc|
16743,Npc|
16744,Npc|
16745,Npc|
16746,Npc|
16747,Npc|
16749,Npc|
16750,Npc|
16751,Npc|
16752,Npc|
16753,Npc|
16754,Npc|
16755,Npc|
16756,Npc|
16800,Npc|
16801,Npc|
16802,Npc|
16803,Npc|
16804,Npc|
16805,Npc|
16850,Npc|
16851,Npc|
16852,Npc|
16853,Npc|
16857,Npc|
16858,Npc|
16859,Npc|
16860,Npc|
16866,Npc|
16867,Npc|
16868,Npc|
16870,Npc|
16871,Npc|
16875,Npc|
16876,Npc|
16880,Npc|
16881,Npc|
16885,Npc|
16886,Npc|
16890,Npc|
16891,Npc|
16892,Npc|
16895,Npc|
16896,Npc|
16897,Npc|
16898,Npc|
16899,Npc|
16900,Npc|
16901,Npc|
16902,Npc|
16903,Npc|
16904,Npc|
16905,Npc|
16906,Npc|
16940,Npc|
16941,Npc|
16942,Npc|
16950,Npc|
16951,Npc|
16952,Npc|
16954,Npc|
16955,Npc|
16956,Npc|
16957,Npc|
16958,Npc|
16959,Npc|
17000,Npc|State 412|
17001,Npc|State 413|
17002,Npc|State 414|
17003,Npc|State 416|
17004,Npc|State 415|
17005,Npc|State 412|
17006,Npc|State 416|
17008,Npc|State 369|
17009,Npc|
17010,Npc|Vfx Id 53510|
17011,Npc|Vfx Id 53511|
17012,Npc|Vfx Id 53512|
17015,Npc|
17016,Npc|
17017,Npc|
17019,Npc|
17020,Npc|
17021,Npc|
17022,Npc|
17023,Npc|
17024,Npc|
17025,Npc|
17026,Npc|
17027,Npc|
17028,Npc|
17029,Npc|
17030,Npc|
17031,Npc|
17032,Npc|
17033,Npc|
17034,Npc|
17035,Npc|
17036,Npc|
17037,Npc|
17038,Npc|
17039,Npc|
17040,Npc|
17041,Npc|
17042,Npc|
17043,Npc|
17044,Npc|
17045,Npc|
17046,Npc|
17047,Npc|
17048,Npc|
17049,Npc|
17050,Npc|
17051,Npc|Unk|Blood|
17052,Npc|
17053,Npc|
17054,Npc|
17055,Npc|Hks c9997|
17056,Npc|Hks c9997|
17057,Npc|Hks c9997|
17058,Npc|Hks c9997|
17059,Npc|
17060,Npc|
17061,Npc|Unk|Blood|
17062,Npc|
17063,Npc|Unk|Blood|
17100,Npc|
17101,Npc|
17102,Npc|Hks c9997|
17103,Npc|Hks c9997|
17104,Npc|
17105,Npc|
17106,Npc|
17107,Npc|
17108,Npc|
17109,Npc|
17110,Npc|
17111,Npc|
17112,Npc|
17113,Npc|
17114,Npc|
17115,Npc|
17116,Npc|
17117,Npc|Hks c9997|
17118,Npc|Hks c9997|
17119,Npc|
17120,Npc|
17121,Npc|
17122,Npc|
17123,Npc|
17124,Npc|Hks c9997|
17125,Npc|
17126,Npc|
17130,Npc|
17131,Npc|
17132,Npc|
17150,Npc|
17151,Npc|
17152,Npc|
17153,Npc|
17154,Npc|
17155,Npc|
17156,Npc|
17157,Npc|
17158,Npc|
17170,Npc|
17171,Npc|Imp|
17175,Npc|
17176,Npc|
17200,Npc|
17201,Npc|
17202,Npc|
17203,Npc|
17204,Npc|
17205,Npc|
17206,Npc|
17210,Npc|
17250,Npc|
17252,Npc|
17253,Npc|
17254,Npc|
17255,Npc|
17260,Npc|
17265,Npc|
17270,Npc|
17275,Npc|
17300,Npc|
17301,Npc|
17302,Npc|
17303,Npc|
17304,Npc|
17305,Npc|
17306,Npc|
17307,Npc|
17308,Npc|
17309,Npc|
17310,Npc|
17320,Npc|
17321,Npc|
17322,Npc|
17325,Npc|
17326,Npc|
17327,Npc|
17328,Npc|
17330,Npc|
17331,Npc|
17332,Npc|
17333,Npc|
17350,Npc|
17351,Npc|
17352,Npc|
17353,Npc|
17354,Npc|
17355,Npc|
17356,Npc|
17400,Npc|State 142|Beh 280100|Steady Visual|Feet On Fire|Crippling|
17401,Npc|
17405,Npc|
17406,Npc|
17407,Npc|
17408,Npc|
17410,Npc|
17420,Npc|
17421,Npc|
17422,Npc|
17425,Npc|
17426,Npc|
17450,Npc|
17451,Npc|
17452,Npc|
17550,Npc|
17551,Npc|
17552,Npc|
17553,Npc|
17554,Npc|
17600,Npc|
17601,Npc|
17602,Npc|
17603,Npc|
17604,Npc|
17605,Npc|
17606,Npc|
17607,Npc|
17608,Npc|
17609,Npc|
17610,Npc|
17611,Npc|
17612,Npc|
17613,Npc|
17614,Npc|
17615,Npc|
17616,Npc|
17617,Npc|
17618,Npc|
17619,Npc|
17620,Npc|
17625,Npc|
17626,Npc|
17628,Npc|
17629,Npc|
17630,Npc|
17631,Npc|
17632,Npc|
17633,Npc|
17634,Npc|
17635,Npc|
17636,Npc|
17637,Npc|
17638,Npc|
17639,Npc|
17640,Npc|
17641,Npc|
17642,Npc|
17643,Npc|
17644,Npc|
17645,Npc|
17646,Npc|
17648,Npc|
17649,Npc|
17650,Npc|
17651,Npc|
17652,Npc|
17653,Npc|
17654,Npc|Death Rite Bird|Bullet|
17655,Npc|
17656,Npc|
17657,Npc|
17660,Npc|
17661,Npc|
17662,Npc|
17663,Npc|
17664,Npc|
17665,Npc|
17666,Npc|
17667,Npc|
17668,Npc|
17669,Npc|
17670,Npc|
17671,Npc|
17672,Npc|
17673,Npc|
17674,Npc|
17675,Npc|
17676,Npc|
17677,Npc|
17678,Npc|
17679,Npc|
17680,Npc|
18000,Npc|
18001,Npc|
18002,Npc|
18003,Npc|
18005,Npc|
18006,Npc|
18007,Npc|
18008,Npc|
18009,Npc|
18010,Npc|
18011,Npc|
18012,Npc|
18013,Npc|
18015,Npc|
18016,Npc|
18018,Npc|
18020,Npc|
18021,Npc|
18022,Npc|
18023,Npc|
18024,Npc|
18025,Npc|
18026,Npc|
18028,Npc|
18030,Npc|
18031,Npc|
18032,Npc|
18033,Npc|
18034,Npc|
18035,Npc|
18036,Npc|
18037,Npc|
18038,Npc|
18039,Npc|
18040,Npc|
18041,Npc|
18042,Npc|
18043,Npc|
18045,Npc|
18046,Npc|
18047,Npc|
18064,Npc|
18066,Npc|
18067,Npc|
18075,Npc|
18076,Npc|
18077,Npc|
18080,Npc|
18087,Npc|
18089,Npc|
18097,Npc|
18098,Npc|
18100,Npc|
18101,Npc|
18102,Npc|
18103,Npc|
18104,Npc|
18105,Npc|
18106,Npc|
18107,Npc|
18108,Npc|
18109,Npc|
18110,Npc|
18111,Npc|
18112,Npc|
18113,Npc|
18114,Npc|
18115,Npc|
18116,Npc|
18117,Npc|
18118,Npc|
18119,Npc|
18120,Npc|
18121,Npc|
18122,Npc|
18123,Npc|
18124,Npc|
18125,Npc|
18126,Npc|
18127,Npc|
18128,Npc|
18129,Npc|
18130,Npc|
18131,Npc|
18132,Npc|
18133,Npc|
18134,Npc|
18135,Npc|
18136,Npc|
18137,Npc|
18138,Npc|
18139,Npc|
18140,Npc|
18145,Npc|
18146,Npc|
18147,Npc|
18148,Npc|
18149,Npc|
18150,Npc|
18151,Npc|
18152,Npc|
18153,Npc|
18154,Npc|
18155,Npc|
18156,Npc|
18157,Npc|
18158,Npc|
18159,Npc|
18160,Npc|
18161,Npc|
18162,Npc|
18163,Npc|
18164,Npc|
18165,Npc|
18166,Npc|
18167,Npc|
18168,Npc|
18169,Npc|
18170,Npc|
18171,Npc|
18172,Npc|
18173,Npc|
18174,Npc|
18175,Npc|
18176,Npc|
18177,Npc|
18178,Npc|
18179,Npc|
18180,Npc|
18181,Npc|
18182,Npc|
18183,Npc|
18184,Npc|
18185,Npc|
18186,Npc|
18187,Npc|
18188,Npc|
18189,Npc|
18200,Npc|
18201,Npc|
18202,Npc|
18203,Npc|
18204,Npc|
18205,Npc|
18206,Npc|
18207,Npc|
18208,Npc|
18209,Npc|
18210,Npc|
18211,Npc|
18212,Npc|
18213,Npc|
18214,Npc|
18215,Npc|
18216,Npc|
18217,Npc|
18218,Npc|
18219,Npc|
18220,Npc|
18221,Npc|
18222,Npc|
18223,Npc|
18224,Npc|
18225,Npc|
18226,Npc|
18227,Npc|
18228,Npc|
18229,Npc|
18230,Npc|
18231,Npc|
18232,Npc|
18233,Npc|
18234,Npc|
18235,Npc|
18236,Npc|
18237,Npc|
18238,Npc|
18239,Npc|
18240,Npc|
18241,Npc|
18242,Npc|
18243,Npc|
18244,Npc|
18245,Npc|
18246,Npc|
18247,Npc|
18248,Npc|
18250,Npc|
18251,Npc|
18252,Npc|
18253,Npc|
18254,Npc|
18255,Npc|
18256,Npc|
18257,Npc|
18258,Npc|
18259,Npc|
18260,Npc|
18261,Npc|
18262,Npc|
18263,Npc|
18264,Npc|
18265,Npc|
18266,Npc|
18267,Npc|
18268,Npc|
18269,Npc|
18270,Npc|
18271,Npc|
18272,Npc|
18273,Npc|
18274,Npc|
18275,Npc|
18276,Npc|
18277,Npc|
18278,Npc|
18279,Npc|
18280,Npc|
18281,Npc|
18282,Npc|
18283,Npc|
18284,Npc|
18285,Npc|
18286,Npc|
18287,Npc|
18288,Npc|
18289,Npc|
18290,Npc|
18291,Npc|
18292,Npc|
18293,Npc|
18294,Npc|
18295,Npc|
18296,Npc|
18297,Npc|
18298,Npc|
18299,Npc|
18400,Npc|Malenia:Hp Recovery On ?|
18401,Npc|Malenia:Hp Recovery On ?|
18402,Npc|Malenia:Hp Recovery On ?|
18403,Npc|Malenia:Hp Recovery On ?|
18404,Npc|Malenia:Hp Recovery On Phase Change|
18405,Npc|Malenia:Hp Recovery On ?|
18410,Npc|Malenia:Hp Recovery On Hit|
18411,Npc|Malenia:Hp Recovery On Hit|
18412,Npc|Malenia:Hp Recovery On Hit|
18413,Npc|Malenia:Hp Recovery On Hit|
18414,Npc|Malenia:Hp Recovery On Hit|
18415,Npc|Malenia:Hp Recovery On Hit|
18416,Npc|Malenia:Hp Recovery On Hit|
18417,Npc|Malenia:Hp Recovery On Grab|
18418,Npc|Malenia:Hp Recovery On Hit|
18419,Npc|Malenia:Hp Recovery On ?|
18420,Npc|
18421,Npc|
18422,Npc|
18423,Npc|
18424,Npc|
18425,Npc|
18426,Npc|
18427,Npc|
18428,Npc|
18429,Npc|
18430,Npc|Malenia:Rot 180|
18431,Npc|Malenia:Rot 90|
18432,Npc|Malenia:Rot 120|
18433,Npc|Malenia:Rot 60|
18440,Npc|
18441,Npc|
18442,Npc|
18443,Npc|
18444,Npc|
18445,Npc|
18451,Npc|
18452,Npc|
18453,Npc|
18454,Npc|Malenia|Bullet|
18455,Npc|
18460,Npc|Hks c9997|
18480,Npc|
18481,Npc|
18499,Npc|
18500,Npc|
18510,Npc|
18511,Npc|
18512,Npc|
18520,Npc|
18521,Npc|
18525,Npc|
18530,Npc|
18549,Npc|
18550,Npc|
18551,Npc|
18552,Npc|
18553,Npc|
18554,Npc|
18555,Npc|
18556,Npc|
18557,Npc|
18558,Npc|
18559,Npc|
18560,Npc|
18561,Npc|
18562,Npc|
18563,Npc|
18564,Npc|
18565,Npc|
18566,Npc|
18567,Npc|
18568,Npc|
18569,Npc|
18570,Npc|
18571,Npc|
18572,Npc|
18573,Npc|
18574,Npc|
18575,Npc|
18576,Npc|
18577,Npc|
18578,Npc|
18580,Npc|
18581,Npc|
18582,Npc|
18583,Npc|
18584,Npc|
18585,Npc|
18586,Npc|
18587,Npc|
18588,Npc|
18589,Npc|
18590,Npc|Hks c9997|
18591,Npc|
18599,Npc|
18600,Npc|
18601,Npc|
18602,Npc|
18603,Npc|
18604,Npc|
18605,Npc|
18606,Npc|
18607,Npc|
18608,Npc|
18609,Npc|
18610,Npc|
18611,Npc|
18612,Npc|
18613,Npc|
18614,Npc|
18615,Npc|
18616,Npc|
18617,Npc|
18618,Npc|
18619,Npc|
18620,Npc|
18621,Npc|
18622,Npc|
18623,Npc|
18624,Npc|
18625,Npc|
18626,Npc|
18627,Npc|
18628,Npc|
18629,Npc|
18630,Npc|
18645,Npc|
18646,Npc|
18647,Npc|
18648,Npc|
18649,Npc|
18650,Npc|
18651,Npc|
18652,Npc|
18653,Npc|
18654,Npc|
18655,Npc|
18656,Npc|
18657,Npc|
18658,Npc|
18659,Npc|
18660,Npc|
18661,Npc|
18662,Npc|
18663,Npc|
18664,Npc|
18665,Npc|
18666,Npc|
18667,Npc|
18668,Npc|
18669,Npc|
18670,Npc|
18671,Npc|
18672,Npc|
18673,Npc|
18674,Npc|
18675,Npc|
18676,Npc|
18677,Npc|
18678,Npc|
18679,Npc|
18680,Npc|Hks c9997|
18681,Npc|Hks c9997|
18682,Npc|Hks c9997|
18683,Npc|
18684,Npc|
18685,Npc|
18686,Npc|
18687,Npc|
18688,Npc|
18689,Npc|
18690,Npc|
18691,Npc|
18692,Npc|
18693,Npc|
18694,Npc|
18695,Npc|
18696,Npc|
18697,Npc|
18698,Npc|
18699,Npc|Spirit Summon|Phantom Color|
18700,Npc|
18701,Npc|
18710,Npc|
18711,Npc|
18715,Npc|
18720,Npc|
18721,Npc|
18722,Npc|
18723,Npc|
18724,Npc|
18725,Npc|
18726,Npc|
18731,Npc|Melina|Hp Recovery|
18740,Npc|
18741,Npc|
18745,Npc|
18746,Npc|
18750,Npc|
18751,Npc|
18752,Npc|
18753,Npc|
18754,Npc|
18755,Npc|
18756,Npc|
18800,Npc|
18850,Npc|
18851,Npc|
18852,Npc|
18853,Npc|
18854,Npc|
18855,Npc|
18856,Npc|
18857,Npc|
18858,Npc|
18859,Npc|
18860,Npc|
18861,Npc|
18862,Npc|
18863,Npc|
18864,Npc|
18865,Npc|
18866,Npc|
18867,Npc|
18868,Npc|
18869,Npc|
18870,Npc|
18871,Npc|
18872,Npc|
18873,Npc|
18874,Npc|
18875,Npc|
18876,Npc|
18877,Npc|
18878,Npc|
18880,Npc|
18881,Npc|
18900,Npc| Kindred Of Rot Larva Ranged Atk|
18901,Npc|
18902,Npc|
18903,Npc|
18917,Npc|
18918,Npc|
18919,Npc|
18920,Npc|
18921,Npc|
18922,Npc|
18923,Npc|
18924,Npc|
18925,Npc|
18926,Npc|
18927,Npc|
18928,Npc|
18929,Npc|
18930,Npc|
18931,Npc|
18932,Npc|
18933,Npc|
18934,Npc|
18935,Npc|
18936,Npc|
18937,Npc|
18938,Npc|
18939,Npc|
18940,Npc|
18941,Npc|
18942,Npc|
18943,Npc|
18944,Npc|
18945,Npc|
18946,Npc|
18947,Npc|
18948,Npc|
18949,Npc|
19000,
19001,
19002,
19003,
19004,
19005,
19006,
19007,
19010,
19011,
19012,
19015,
19016,
19017,
19030,
19031,
19050,
19051,
19055,
19056,
19057,
19058,
19060,
19061,
19062,
19063,
19064,
19065,
19066,
19067,
19100,
19101,
19102,
19200,
19201,
19202,
19203,
19204,
19300,
19310,
19311,
19350,
19351,
19352,
19353,
19354,
19355,Increases either hp/stam/resistances by a lot
19356,Increases either hp/stam/resistances by a lot
19357,Increases either hp/stam/resistances by a lot
19358,Increases either hp/stam/resistances by a lot
19359,Increases either hp/stam/resistances by a lot
19360,Increases either hp/stam/resistances by a lot
19361,Increases either hp/stam/resistances by a lot
19362,Increases either hp/stam/resistances by a lot
19363,Increases either hp/stam/resistances by a lot
19364,Increases either hp/stam/resistances by a lot
19365,Increases either hp/stam/resistances by a lot
19366,Increases either hp/stam/resistances by a lot
19367,Increases either hp/stam/resistances by a lot
19368,Increases either hp/stam/resistances by a lot
19369,Increases either hp/stam/resistances by a lot
19370,Increases either hp/stam/resistances by a lot
19384,
19385,
19386,
19387,
19388,Increases either hp/stam/resistances by a lot
19389,Increases either hp/stam/resistances by a lot
19390,Increases either hp/stam/resistances by a lot
19391,Increases either hp/stam/resistances by a lot
19392,Increases either hp/stam/resistances by a lot
19393,Increases either hp/stam/resistances by a lot
19394,Increases either hp/stam/resistances by a lot
19395,Increases either hp/stam/resistances by a lot
19396,Increases either hp/stam/resistances by a lot
19397,Increases either hp/stam/resistances by a lot
19398,
19399,
19400,
19401,
19402,
19403,
19450,
19451,
19452,
19455,
19456,
19457,
19460,
19461,
19462,
19465,
19466,
19467,
19500,
19501,
19502,
19503,
19504,
19505,
19506,
19507,
19508,
19509,
19510,
19511,
19512,
19513,
19514,
19515,
19516,
19517,
19518,
19519,
19520,
19521,
19522,
19523,
19524,
19525,
19526,
19527,
19528,
19550,
19551,
19552,
19553,
19554,
19555,
19556,
19557,
19558,
19559,
19560,
19561,
19562,
19563,
19564,
19565,
19566,
19567,
19568,
19569,
19570,
19571,
19572,
19573,
19574,
19575,
19576,
19577,
19578,
19600,
19601,
19610,
19611,
19612,
19618,
19619,
19620,
19621,
19622,
19623,
19624,
19625,
19626,
19627,
19628,
19629,
19630,
19631,
19632,
19633,
19634,
19640,
19641,
19642,
19643,
19650,
19651,
19660,
19670,
19671,
19680,
19681,
19682,
19683,
19690,
19691,
19700,
19701,
19702,
19703,
19704,
19705,
19706,
19707,
19710,
19860,
19865,
19870,
19871,
19874,
19875,
19876,
19877,
19880,
19881,
19882,
19883,
19884,
19885,
19886,
19887,
19889,
19890,
19891,
19892,
19893,
19894,
19895,
19896,
19897,
19898,
19899,
19903,
19904,
19912,
19915,
19920,
19921,
19925,
19930,
19935,
19940,
19945,
19946,
19950,
19951,
19952,
19953,
19954,
19960,
19970,
19975,
19980,
19981,
19982,
19983,
19985,
19986,
19987,
19990,
19991,
19995,
19996,
19997,
19998,
19999,
20000,Npc|Poison|
20001,Npc|Poison|
20002,Npc|Poison|
20003,Npc|Poison|
20004,Npc|Poison|
20005,Npc|Poison|
20006,Npc|Poison|
20007,Npc|Poison|
20008,Npc|Poison|
20009,Npc|Poison|
20010,Npc|Poison|
20011,Npc|Poison|
20012,Npc|Poison|
20013,Npc|Poison|
20014,Npc|Poison|
20015,Npc|Poison|
20016,Npc|Poison|
20017,Npc|Poison|
20018,Npc|Poison|
20019,Npc|Poison|
20110,Npc|Poison|
20120,Npc|Poison|
20130,Npc|Poison|
20140,Npc|Poison|
20141,Npc|Poison|
20142,Npc|Poison|
20150,Npc|Poison|
20151,Npc|Poison|
20152,Npc|Poison|
20160,Npc|Poison|
20161,Npc|Poison|
20162,Npc|Poison|
20163,Npc|Poison|
20170,Npc|Poison|
20175,Npc|Poison|
20180,Npc|Poison|
20181,Npc|Poison|
20190,Npc|Poison|
20500,Npc|Fast Poison|
20501,Npc|Fast Poison|
20502,Npc|Fast Poison|
20503,Npc|Fast Poison|
20504,Npc|Fast Poison|
20505,Npc|Fast Poison|
20506,Npc|Fast Poison|
20507,Npc|Fast Poison|
20508,Npc|Fast Poison|
20509,Npc|Fast Poison|
20510,Npc|Fast Poison|
20511,Npc|Fast Poison|
20512,Npc|Fast Poison|
20513,Npc|Fast Poison|
20514,Npc|Fast Poison|
20515,Npc|Fast Poison|
20516,Npc|Fast Poison|
20517,Npc|Fast Poison|
20518,Npc|Fast Poison|
20519,Npc|Fast Poison|
20600,Npc|Fast Poison|Affect Sel|
21000,Npc|Scarlet Rot|
21001,Npc|Scarlet Rot|
21002,Npc|Scarlet Rot|
21003,Npc|Scarlet Rot|
21004,Npc|Scarlet Rot|
21005,Npc|Scarlet Rot|
21006,Npc|Scarlet Rot|
21007,Npc|Scarlet Rot|
21008,Npc|Scarlet Rot|
21009,Npc|Scarlet Rot|
21010,Npc|Scarlet Rot|
21011,Npc|Scarlet Rot|
21012,Npc|Scarlet Rot|
21013,Npc|Scarlet Rot|
21014,Npc|Scarlet Rot|
21015,Npc|Scarlet Rot|
21016,Npc|Scarlet Rot|
21017,Npc|Scarlet Rot|
21018,Npc|Scarlet Rot|
21019,Npc|Scarlet Rot|
21100,Npc|Scarlet Rot|
21101,Npc|Scarlet Rot|
21102,Npc|Scarlet Rot|
22000,Npc|Hemorrhage|
22001,Npc|Hemorrhage|
22002,Npc|Hemorrhage|
22003,Npc|Hemorrhage|
22004,Npc|Hemorrhage|
22005,Npc|Hemorrhage|
22006,Npc|Hemorrhage|
22007,Npc|Hemorrhage|
22008,Npc|Hemorrhage|
22009,Npc|Hemorrhage|
22010,Npc|Hemorrhage|
22011,Npc|Hemorrhage|
22012,Npc|Hemorrhage|
22013,Npc|Hemorrhage|
22014,Npc|Hemorrhage|
22015,Npc|Hemorrhage|
22016,Npc|Hemorrhage|
22017,Npc|Hemorrhage|
22018,Npc|Hemorrhage|
22019,Npc|Hemorrhage|
22100,Npc|Maggots|Hemorrhage|
22101,Npc|Maggots|Hemorrhage|
22110,Npc|Maggots|Hemorrhage|
22111,Npc|Maggots|Hemorrhage|
22120,Npc|Maggots|Hemorrhage|
22130,Npc|Maggots|Hemorrhage|
22131,Npc|Maggots|Hemorrhage|
22132,Npc|Maggots|Hemorrhage|
22133,Npc|Maggots|Hemorrhage|
23000,Npc|Blight|
23001,Npc|Blight|
23002,Npc|Blight|
23003,Npc|Blight|
23004,Npc|Blight|
23005,Npc|Blight|
23006,Npc|Blight|
23007,Npc|Blight|
23008,Npc|Blight|
23009,Npc|Blight|
23010,Npc|Blight|
23011,Npc|Blight|
23012,Npc|Blight|
23013,Npc|Blight|
23014,Npc|Blight|
23015,Npc|Blight|
23016,Npc|Blight|
23017,Npc|Blight|
23018,Npc|Blight|
23019,Npc|Blight|
23100,Npc|Blight|
23101,Npc|Blight|
23102,Npc|Blight|
23110,Npc|Blight|
23111,Npc|Blight|
23112,Npc|Blight|
23113,Npc|Blight|
23150,Npc|Blight|
24000,Npc|Frostbite|
24001,Npc|Frostbite|
24002,Npc|Frostbite|
24003,Npc|Frostbite|
24004,Npc|Frostbite|
24005,Npc|Frostbite|
24006,Npc|Frostbite|
24007,Npc|Frostbite|
24008,Npc|Frostbite|
24009,Npc|Frostbite|
24010,Npc|Frostbite|
24011,Npc|Frostbite|
24012,Npc|Frostbite|
24013,Npc|Frostbite|
24014,Npc|Frostbite|
24015,Npc|Frostbite|
24016,Npc|Frostbite|
24017,Npc|Frostbite|
24018,Npc|Frostbite|
24019,Npc|Frostbite|
24130,Npc|Frostbite|
24131,Npc|Frostbite|
24132,Npc|Frostbite|
24140,Npc|Frostbite|
24150,Npc|Frostbite|
24160,Npc|Frostbite|
24170,Npc|Frostbite|
25000,Npc|Sleep|
25001,Npc|Sleep|
25002,Npc|Sleep|
25003,Npc|Sleep|
25004,Npc|Sleep|
25005,Npc|Sleep|
25006,Npc|Sleep|
25007,Npc|Sleep|
25008,Npc|Sleep|
25009,Npc|Sleep|
25010,Npc|Sleep|
25011,Npc|Sleep|
25012,Npc|Sleep|
25013,Npc|Sleep|
25014,Npc|Sleep|
25015,Npc|Sleep|
25016,Npc|Sleep|
25017,Npc|Sleep|
25018,Npc|Sleep|
25019,Npc|Sleep|
26000,Npc|Madness|
26001,Npc|Madness|
26002,Npc|Madness|
26003,Npc|Madness|
26004,Npc|Madness|
26005,Npc|Madness|
26006,Npc|Madness|
26007,Npc|Madness|
26008,Npc|Madness|
26009,Npc|Madness|
26010,Npc|Madness|
26011,Npc|Madness|
26012,Npc|Madness|
26013,Npc|Madness|
26014,Npc|Madness|
26015,Npc|Madness|
26016,Npc|Madness|
26017,Npc|Madness|
26018,Npc|Madness|
26019,Npc|Madness|
26100,Npc|Madness|
26110,Npc|Madness|
29000,Npc|Hp Burn On Hit (Dot Black Flame)|
29001,Npc|Hp Burn On Hit|
29002,Npc|Hp Burn On Hit|
29003,Npc|Hp Burn On Hit|
29004,Npc|Hp Burn On Hit|
29005,Npc|Hp Burn On Hit|
29006,Npc|Hp Burn On Hit|
29007,Npc|Hp Burn On Hit|
29008,Npc|Hp Burn On Hit|
29009,Npc|Hp Burn On Hit|
29500,Npc|Hp Burn On Hit (Dot Small Destined)|
29501,Npc|Hp Burn On Hit|
29502,Npc|Hp Burn On Hit|
29503,Npc|Hp Burn On Hit|
29504,Npc|Hp Burn On Hit|
29505,Npc|Hp Burn On Hit|
29506,Npc|Hp Burn On Hit|
29507,Npc|Hp Burn On Hit|
29508,Npc|Hp Burn On Hit|
29509,Npc|Hp Burn On Hit|
29510,Npc|Hp Burn On Hit (Dot Destined)|
29511,Npc|Max Hp Reduction On Hit (Small)|
29515,Npc|Hp Burn On Hit|
29516,Npc|Hp Burn On Hit|
29517,Npc|Hp Burn On Hit|
29520,Npc|Max Hp Reduction On Hit|
29521,Npc|Max Hp Reduction On Hit|
30000,Npc|Cure Poison|
30010,Npc|Cure Scarlet Rot|
30020,Npc|Cure Hemorrhage|
30030,Npc|Cure Blight|
30040,Npc|Cure Frostbite|
30050,Npc|Hks c9997|Cure Sleep|
30060,Npc|Cure Madness|
30100,Npc|Cure All Status|
90000,Npc|Disable|Poison|
90010,Npc|Disable|Scarlet Rot|
90020,Npc|Disable|Blood|
90030,Npc|Disable|Blight|
90040,Npc|Disable|Frost|
90060,Npc|Disable|Madness Type 1|
90061,Npc|Disable|Madness Type 2|
90100,Npc|Ignore Fake|Targets|Targetundead|Targetanimal|Targethuman|
90110,Npc|Ignore Fake|Targets|
90120,Npc|Ignore Fake|Targetundead|
90130,Npc|Ignore Fake|Targetanimal|
90140,Npc|Ignore Fake|Targethuman|
90150,Npc|Disable All|Ignore Fakes|
90160,Npc|Ignore Fake|Targets|Targetundead|Targethuman|
90161,Npc|Ignore Fake|Targetanimal|Targethuman|
90162,Npc|Ignore Fake|Targetanimal|Targetundead|
90200,Npc|Is Charmed/Fascinated =|Enabled|
90300,Npc|Disable|Sleep Type 1|
90301,Npc|Disable|Sleep Type 2|
90400,Npc|Apply Damage Lvl Change|
91000,Npc|Disable All Status|Poison|Scarlet Rot|Blood|Blight|Frost|Madness|Sleep|
95000,Npc|Reduce Blood Dam Taken|By 30%|
95001,Npc|Reduce Blood Dam Taken|By 50%|
95002,
95010,Npc|Reduce Frost Dam Taken|By 30%|
95011,Npc|Reduce Frost Dam Taken|By 50%|
95020,Npc|Reduce Sleep Dam Taken|By 30%|
95021,Npc|Reduce Sleep Dam Taken|By 50%|
95030,Npc|Reduce Madness Dam Taken|By 30%|
95031,Npc|Reduce Madness Dam Taken|By 50%|
99000,Apply High Category Priority|Cat Prio 4|Movetype|4_Heavy|
99001,Apply High Category Priority|Cat Prio 4|Movetype|5_Heavy|
99002,Anim Id Offset 1000000|Cat 100 Remove Previous|
99003,
99004,Reduce Enemy Sight By 90% For 30 Sec|
99005,State 173 Ritual|Vfx Id 173|Is Valid|Sfx Id 129102|Inside Is Not Valid|
99006,Empty And |Not Hks|
99007,State 174 Power Of Evil Spirits|Vfx Id 174|Is Valid|Sfx Id 129101|Inside Is Not Valid|
99008,State 110 Counter Damage|Identical In All Ways To|Id 31|And|Id 45|
99013,Throw Trigger Condition 1:Forbidden|
99014,
99020,
99050,State 116 Blight|Inflict Blight+ 1|Weekest Possible Blight|
99100,Empty And |Not Hks|
99101,State 3 Player Weight Change ?|Movetype 4 Heavy|50% Hp Recover And |5% Hp Every 0.1 Sec|Inf Duration|
99102,50% Hp Recover Lasts 0.5 Sec|
99200,State 34 Giant Slime Frost|
99201,
99300,
99310,
99311,
99312,
99313,
99314,
99400,
99401,
99402,
99410,
99420,
99430,
99440,
99441,
99450,
99451,
99500,
99600,
99700,
99800,
100000,Hks c0000|Player Move |State 0|L|Analog Stick Is Touched|
100001,Hks c0000|Player Move |State 1|Jog|
100002,Hks c0000|Player Move |State 2|Sprint|
100005,Not Hks|
100006,Hks c0000|Player 180° Turn|
100007,Not Hks|Triggers When Running And Turning|
100010,Hks c0000|Player 180° Quick Turn|
100020,Hks c0000|Change Move Speed Index X1|
100030,
100040,
100050,Hks c0000|Sword Art One Shot Combo End 1|
100051,Hks c0000|Sword Art One Shot Combo End 2|
100052,Hks c0000|Sword Art Anim Id R⬝H Combo 1|
100053,Hks c0000|Sword Art Anim Id R⬝H Combo 2|
100054,Hks c0000|Sword Art One Shot Combo End 1|
100055,Hks c0000|Sword Art One Shot Combo End 2|
100060,
100070,
100080,
100090,
100100,
100110,
100120,
100130,Hks c0000|Stance|Setmovetype 1|
100140,Hks c0000|Stance|Setmovetype 2|
100150,Hks c0000|Stance Move Type|Sheathe|
100160,Hks c0000|Stance Move Type|Wildstrikes|
100170,Hks c0000|Player 180° Dash Turn|
100180,
100190,
100200,Hks c0000|Gesture Anim|Reset Input Queue|
100210,
100220,Hks c0000|Change Move Speed Index X2|
100230,
100240,
100250,
100260,
100270,
100280,Hks c0000|Tae Flag Roars Sp Moveset|
100285,Hks c0000|Sword Arts Charge|Cancel Early|
100286,Hks c0000|Sword Arts Charge|Cancel Late|
100290,Hks c0000|Enable Special Attack For R-Hand|Action Arm Sp Move|
100300,Not Hks|Activates Upon Reaching Sprint Speed|
100301,Hks c0000|If 100002 True |Toggle Dash|If 100002 False |Stop|
100310,Not Hks|Used Alongside Hks And Provides Special Actions|
100320,Not Hks|Used Alongside Hks And Provides Special Actions|
100390,Hks c0000|Set Throw Atk Invalid Or Reset Dam Count|
100400,Not Hks|Used Alongside Hks And Provides Special Actions|
100410,Hks c0000|Guarding With Shield|
100420,Not Hks|Used Alongside Hks And Provides Special Actions|
100500,Hks c0000|Raptor Of The Mists|
100530,Hks c0000|Sword Art Stance Attack Heavy Start|
100540,Hks c0000|Sword Art Stance Attack Light Star|
100600,Hks c0000|Sorcery Magic Fire R⬝H|Unmounted And Mounted|
100601,Hks c0000|Incantation Magic Fire R⬝H|Unmounted And Mounted|
100605,Hks c0000|Sorcery Magic Fire L⬝Hand|Unmounted And Mounted|
100606,Hks c0000|Incantation Magic Fire R⬝H|Unmounted And Mounted|
100610,Hks c0000|Check If Hold Magic|
100620,Hks c0000|Hand Style|R⬝H|
100621,Hks c0000|Hand Style|L⬝Hand|
100630,Hks c0000|
100640,Hks c0000|Based On Current Dam Lvl|Take Appropriate Action|
100650,Hks c0000|
100660,Hks c0000|
100670,Hks c0000|
100680,Enable New Grace|
100690,Resting At Grace|
100700,Hks c0000|
100710,Hks c0000|
100720,Hks c0000|
100730,Hks c0000|Has Action Request False|
100800,Hks c0000|Local Is Combo|
100900,Not Hks|Mountspeffectid|Ride Move Type|
100901,Hks c0000|Ride Move Type Dash|
100902,Hks c0000|If Rideaction 6 = True|Enable Double Jump|
100903,Hks c0000|Ride Move Type Gallop|
101000,Hks c0000|Mountspeffectid|Ride Move Type|
101001,Hks c0000|Mountspeffectid|Ride Move Type|
101002,Hks c0000|Mountspeffectid|Ride Move Type|
101005,Hks c0000|Mountspeffectid|Ride Move Type|
101006,Hks c0000|Mountspeffectid|Ride Move Type|
101007,Hks c0000|Mountspeffectid|Ride Move Type|
101008,Hks c0000|Mountspeffectid|Ride Move Type|
101100,Hks c0000|Mountspeffectid|Ride Move Type|
101110,Hks c0000|Mountspeffectid|Ride Move Type|
101120,
102000,:|
102001,:|
102002,:|
102003,:|
102004,:|
102005,:|
102006,:|
102007,:|
102008,:|
102009,:|
102010,:|
102011,:|
102012,:|
102013,:|
102014,:|
102015,:|
102016,:|
102017,:|
102018,:|
102019,:|
102020,:|
102021,:|
102022,:|
102050,:|
102051,:|
102100,:|
102101,:|
102105,:|
102106,:|
102150,:|
102151,:|
102152,:|
102300,:|
102301,:|
102302,:|
102303,:|
102304,:|
102305,:|
102306,:|
102307,:|
102308,:|
102309,:|
102310,:|
102311,:|
102312,:|
102313,:|
102314,:|
102315,:|
102316,:|
102317,:|
102320,:|
102321,:|
102322,:|
102330,:|
102331,:|
102332,:|
102333,:|
102334,:|
102340,:|
102350,:|
102351,:|
102355,:|
102356,:|
102360,:|
102361,:|
102362,:|
102363,:|
102364,:|
102365,:|
102366,:|
102367,:|
102368,:|
102369,:|
102370,:|
102371,:|
102380,:|
102381,:|
105000,Blood Low Add 1|
105001,Blood Low Add 1|
105002,Blood Low Add 2|
105003,Blood Low Add 3|
105004,Blood Low Add 4|
105005,Blood Low Add 5|
105006,Blood Low Add 6|
105007,Blood Low Add 7|
105008,Blood Low Add 8|
105009,Blood Low Add 9|
105010,Blood Low Add 10|
105011,Blood Low Add 11|
105012,Blood Low Add 12|
105013,Blood Low Add 13|
105014,Blood Low Add 14|
105015,Blood Low Add 15|
105016,Blood Low Add 16|
105017,Blood Low Add 17|
105018,Blood Low Add 18|
105019,Blood Low Add 19|
105020,Blood Low Add 20|
105021,Blood Low Add 21|
105022,Blood Low Add 22|
105023,Blood Low Add 23|
105024,Blood Low Add 24|
105025,Blood Low Add 25|
105050,Blood Low Inn 0|
105051,Blood Low Inn 1|
105052,Blood Low Inn 2|
105053,Blood Low Inn 3|
105054,Blood Low Inn 4|
105055,Blood Low Inn 5|
105056,Blood Low Inn 6|
105057,Blood Low Inn 7|
105058,Blood Low Inn 8|
105059,Blood Low Inn 9|
105060,Blood Low Inn 10|
105061,Blood Low Inn 11|
105062,Blood Low Inn 12|
105063,Blood Low Inn 13|
105064,Blood Low Inn 14|
105065,Blood Low Inn 15|
105066,Blood Low Inn 16|
105067,Blood Low Inn 17|
105068,Blood Low Inn 18|
105069,Blood Low Inn 19|
105070,Blood Low Inn 20|
105071,Blood Low Inn 21|
105072,Blood Low Inn 22|
105073,Blood Low Inn 23|
105074,Blood Low Inn 24|
105075,Blood Low Inn 25|
105100,Blood Med Add 0|
105101,Blood Med Add 1|
105102,Blood Med Add 2|
105103,Blood Med Add 3|
105104,Blood Med Add 4|
105105,Blood Med Add 5|
105106,Blood Med Add 6|
105107,Blood Med Add 7|
105108,Blood Med Add 8|
105109,Blood Med Add 9|
105110,Blood Med Add 10|
105111,Blood Med Add 11|
105112,Blood Med Add 12|
105113,Blood Med Add 13|
105114,Blood Med Add 14|
105115,Blood Med Add 15|
105116,Blood Med Add 16|
105117,Blood Med Add 17|
105118,Blood Med Add 18|
105119,Blood Med Add 19|
105120,Blood Med Add 20|
105121,Blood Med Add 21|
105122,Blood Med Add 22|
105123,Blood Med Add 23|
105124,Blood Med Add 24|
105125,Blood Med Add 25|
105150,Blood Med Inn 0|
105151,Blood Med Inn 1|
105152,Blood Med Inn 2|
105153,Blood Med Inn 3|
105154,Blood Med Inn 4|
105155,Blood Med Inn 5|
105156,Blood Med Inn 6|
105157,Blood Med Inn 7|
105158,Blood Med Inn 8|
105159,Blood Med Inn 9|
105160,Blood Med Inn 10|
105161,Blood Med Inn 11|
105162,Blood Med Inn 12|
105163,Blood Med Inn 13|
105164,Blood Med Inn 14|
105165,Blood Med Inn 15|
105166,Blood Med Inn 16|
105167,Blood Med Inn 17|
105168,Blood Med Inn 18|
105169,Blood Med Inn 19|
105170,Blood Med Inn 20|
105171,Blood Med Inn 21|
105172,Blood Med Inn 22|
105173,Blood Med Inn 23|
105174,Blood Med Inn 24|
105175,Blood Med Inn 25|
105200,Blood High Add 0|
105201,Blood High Add 1|
105202,Blood High Add 2|
105203,Blood High Add 3|
105204,Blood High Add 4|
105205,Blood High Add 5|
105206,Blood High Add 6|
105207,Blood High Add 7|
105208,Blood High Add 8|
105209,Blood High Add 9|
105210,Blood High Add 10|
105211,Blood High Add 11|
105212,Blood High Add 12|
105213,Blood High Add 13|
105214,Blood High Add 14|
105215,Blood High Add 15|
105216,Blood High Add 16|
105217,Blood High Add 17|
105218,Blood High Add 18|
105219,Blood High Add 19|
105220,Blood High Add 20|
105221,Blood High Add 21|
105222,Blood High Add 22|
105223,Blood High Add 23|
105224,Blood High Add 24|
105225,Blood High Add 25|
105250,Blood High Inn 0|
105251,Blood High Inn 1|
105252,Blood High Inn 2|
105253,Blood High Inn 3|
105254,Blood High Inn 4|
105255,Blood High Inn 5|
105256,Blood High Inn 6|
105257,Blood High Inn 7|
105258,Blood High Inn 8|
105259,Blood High Inn 9|
105260,Blood High Inn 10|
105261,Blood High Inn 11|
105262,Blood High Inn 12|
105263,Blood High Inn 13|
105264,Blood High Inn 14|
105265,Blood High Inn 15|
105266,Blood High Inn 16|
105267,Blood High Inn 17|
105268,Blood High Inn 18|
105269,Blood High Inn 19|
105270,Blood High Inn 20|
105271,Blood High Inn 21|
105272,Blood High Inn 22|
105273,Blood High Inn 23|
105274,Blood High Inn 24|
105275,Blood High Inn 25|
105300,:|
105301,:|
105302,:|
105303,:|
105304,:|
105305,:|
105306,:|
105307,:|
105308,:|
105309,:|
105310,:|
105311,:|
105312,:|
105313,:|
105314,:|
105315,:|
105316,:|
105317,:|
105318,:|
105319,:|
105320,:|
105321,:|
105322,:|
105323,:|
105324,:|
105325,:|
105500,Sleep Low Add 0|
105501,Sleep Low Add 1|
105502,Sleep Low Add 2|
105503,Sleep Low Add 3|
105504,Sleep Low Add 4|
105505,Sleep Low Add 5|
105506,Sleep Low Add 6|
105507,Sleep Low Add 7|
105508,Sleep Low Add 8|
105509,Sleep Low Add 9|
105510,Sleep Low Add 10|
105511,Sleep Low Add 11|
105512,Sleep Low Add 12|
105513,Sleep Low Add 13|
105514,Sleep Low Add 14|
105515,Sleep Low Add 15|
105516,Sleep Low Add 16|
105517,Sleep Low Add 17|
105518,Sleep Low Add 18|
105519,Sleep Low Add 19|
105520,Sleep Low Add 20|
105521,Sleep Low Add 21|
105522,Sleep Low Add 22|
105523,Sleep Low Add 23|
105524,Sleep Low Add 24|
105525,Sleep Low Add 25|
105550,Sleep Low Inn 0|
105551,Sleep Low Inn 1|
105552,Sleep Low Inn 2|
105553,Sleep Low Inn 3|
105554,Sleep Low Inn 4|
105555,Sleep Low Inn 5|
105556,Sleep Low Inn 6|
105557,Sleep Low Inn 7|
105558,Sleep Low Inn 8|
105559,Sleep Low Inn 9|
105560,Sleep Low Inn 10|
105561,Sleep Low Inn 11|
105562,Sleep Low Inn 12|
105563,Sleep Low Inn 13|
105564,Sleep Low Inn 14|
105565,Sleep Low Inn 15|
105566,Sleep Low Inn 16|
105567,Sleep Low Inn 17|
105568,Sleep Low Inn 18|
105569,Sleep Low Inn 19|
105570,Sleep Low Inn 20|
105571,Sleep Low Inn 21|
105572,Sleep Low Inn 22|
105573,Sleep Low Inn 23|
105574,Sleep Low Inn 24|
105575,Sleep Low Inn 25|
105600,Sleep Med Add 0|
105601,Sleep Med Add 1|
105602,Sleep Med Add 2|
105603,Sleep Med Add 3|
105604,Sleep Med Add 4|
105605,Sleep Med Add 5|
105606,Sleep Med Add 6|
105607,Sleep Med Add 7|
105608,Sleep Med Add 8|
105609,Sleep Med Add 9|
105610,Sleep Med Add 10|
105611,Sleep Med Add 11|
105612,Sleep Med Add 12|
105613,Sleep Med Add 13|
105614,Sleep Med Add 14|
105615,Sleep Med Add 15|
105616,Sleep Med Add 16|
105617,Sleep Med Add 17|
105618,Sleep Med Add 18|
105619,Sleep Med Add 19|
105620,Sleep Med Add 20|
105621,Sleep Med Add 21|
105622,Sleep Med Add 22|
105623,Sleep Med Add 23|
105624,Sleep Med Add 24|
105625,Sleep Med Add 25|
105650,Sleep Med Inn 0|
105651,Sleep Med Inn 1|
105652,Sleep Med Inn 2|
105653,Sleep Med Inn 3|
105654,Sleep Med Inn 4|
105655,Sleep Med Inn 5|
105656,Sleep Med Inn 6|
105657,Sleep Med Inn 7|
105658,Sleep Med Inn 8|
105659,Sleep Med Inn 9|
105660,Sleep Med Inn 10|
105661,Sleep Med Inn 11|
105662,Sleep Med Inn 12|
105663,Sleep Med Inn 13|
105664,Sleep Med Inn 14|
105665,Sleep Med Inn 15|
105666,Sleep Med Inn 16|
105667,Sleep Med Inn 17|
105668,Sleep Med Inn 18|
105669,Sleep Med Inn 19|
105670,Sleep Med Inn 20|
105671,Sleep Med Inn 21|
105672,Sleep Med Inn 22|
105673,Sleep Med Inn 23|
105674,Sleep Med Inn 24|
105675,Sleep Med Inn 25|
105700,Sleep High Add 0|
105701,Sleep High Add 1|
105702,Sleep High Add 2|
105703,Sleep High Add 3|
105704,Sleep High Add 4|
105705,Sleep High Add 5|
105706,Sleep High Add 6|
105707,Sleep High Add 7|
105708,Sleep High Add 8|
105709,Sleep High Add 9|
105710,Sleep High Add 10|
105711,Sleep High Add 11|
105712,Sleep High Add 12|
105713,Sleep High Add 13|
105714,Sleep High Add 14|
105715,Sleep High Add 15|
105716,Sleep High Add 16|
105717,Sleep High Add 17|
105718,Sleep High Add 18|
105719,Sleep High Add 19|
105720,Sleep High Add 20|
105721,Sleep High Add 21|
105722,Sleep High Add 22|
105723,Sleep High Add 23|
105724,Sleep High Add 24|
105725,Sleep High Add 25|
105750,Sleep High Inn 0|
105751,Sleep High Inn 1|
105752,Sleep High Inn 2|
105753,Sleep High Inn 3|
105754,Sleep High Inn 4|
105755,Sleep High Inn 5|
105756,Sleep High Inn 6|
105757,Sleep High Inn 7|
105758,Sleep High Inn 8|
105759,Sleep High Inn 9|
105760,Sleep High Inn 10|
105761,Sleep High Inn 11|
105762,Sleep High Inn 12|
105763,Sleep High Inn 13|
105764,Sleep High Inn 14|
105765,Sleep High Inn 15|
105766,Sleep High Inn 16|
105767,Sleep High Inn 17|
105768,Sleep High Inn 18|
105769,Sleep High Inn 19|
105770,Sleep High Inn 20|
105771,Sleep High Inn 21|
105772,Sleep High Inn 22|
105773,Sleep High Inn 23|
105774,Sleep High Inn 24|
105775,Sleep High Inn 25|
106000,Poison Low Add 0|
106001,Poison Low Add 1|
106002,Poison Low Add 2|
106003,Poison Low Add 3|
106004,Poison Low Add 4|
106005,Poison Low Add 5|
106006,Poison Low Add 6|
106007,Poison Low Add 7|
106008,Poison Low Add 8|
106009,Poison Low Add 9|
106010,Poison Low Add 10|
106011,Poison Low Add 11|
106012,Poison Low Add 12|
106013,Poison Low Add 13|
106014,Poison Low Add 14|
106015,Poison Low Add 15|
106016,Poison Low Add 16|
106017,Poison Low Add 17|
106018,Poison Low Add 18|
106019,Poison Low Add 19|
106020,Poison Low Add 20|
106021,Poison Low Add 21|
106022,Poison Low Add 22|
106023,Poison Low Add 23|
106024,Poison Low Add 24|
106025,Poison Low Add 25|
106050,Poison Low Inn 0|
106051,Poison Low Inn 1|
106052,Poison Low Inn 2|
106053,Poison Low Inn 3|
106054,Poison Low Inn 4|
106055,Poison Low Inn 5|
106056,Poison Low Inn 6|
106057,Poison Low Inn 7|
106058,Poison Low Inn 8|
106059,Poison Low Inn 9|
106060,Poison Low Inn 10|
106061,Poison Low Inn 11|
106062,Poison Low Inn 12|
106063,Poison Low Inn 13|
106064,Poison Low Inn 14|
106065,Poison Low Inn 15|
106066,Poison Low Inn 16|
106067,Poison Low Inn 17|
106068,Poison Low Inn 18|
106069,Poison Low Inn 19|
106070,Poison Low Inn 20|
106071,Poison Low Inn 21|
106072,Poison Low Inn 22|
106073,Poison Low Inn 23|
106074,Poison Low Inn 24|
106075,Poison Low Inn 25|
106100,Poison Med Add 0|
106101,Poison Med Add 1|
106102,Poison Med Add 2|
106103,Poison Med Add 3|
106104,Poison Med Add 4|
106105,Poison Med Add 5|
106106,Poison Med Add 6|
106107,Poison Med Add 7|
106108,Poison Med Add 8|
106109,Poison Med Add 9|
106110,Poison Med Add 10|
106111,Poison Med Add 11|
106112,Poison Med Add 12|
106113,Poison Med Add 13|
106114,Poison Med Add 14|
106115,Poison Med Add 15|
106116,Poison Med Add 16|
106117,Poison Med Add 17|
106118,Poison Med Add 18|
106119,Poison Med Add 19|
106120,Poison Med Add 20|
106121,Poison Med Add 21|
106122,Poison Med Add 22|
106123,Poison Med Add 23|
106124,Poison Med Add 24|
106125,Poison Med Add 25|
106150,Poison Med Inn 0|
106151,Poison Med Inn 1|
106152,Poison Med Inn 2|
106153,Poison Med Inn 3|
106154,Poison Med Inn 4|
106155,Poison Med Inn 5|
106156,Poison Med Inn 6|
106157,Poison Med Inn 7|
106158,Poison Med Inn 8|
106159,Poison Med Inn 9|
106160,Poison Med Inn 10|
106161,Poison Med Inn 11|
106162,Poison Med Inn 12|
106163,Poison Med Inn 13|
106164,Poison Med Inn 14|
106165,Poison Med Inn 15|
106166,Poison Med Inn 16|
106167,Poison Med Inn 17|
106168,Poison Med Inn 18|
106169,Poison Med Inn 19|
106170,Poison Med Inn 20|
106171,Poison Med Inn 21|
106172,Poison Med Inn 22|
106173,Poison Med Inn 23|
106174,Poison Med Inn 24|
106175,Poison Med Inn 25|
106200,Poison High Add 0|
106201,Poison High Add 1|
106202,Poison High Add 2|
106203,Poison High Add 3|
106204,Poison High Add 4|
106205,Poison High Add 5|
106206,Poison High Add 6|
106207,Poison High Add 7|
106208,Poison High Add 8|
106209,Poison High Add 9|
106210,Poison High Add 10|
106211,Poison High Add 11|
106212,Poison High Add 12|
106213,Poison High Add 13|
106214,Poison High Add 14|
106215,Poison High Add 15|
106216,Poison High Add 16|
106217,Poison High Add 17|
106218,Poison High Add 18|
106219,Poison High Add 19|
106220,Poison High Add 20|
106221,Poison High Add 21|
106222,Poison High Add 22|
106223,Poison High Add 23|
106224,Poison High Add 24|
106225,Poison High Add 25|
106250,Poison High Inn 0|
106251,Poison High Inn 1|
106252,Poison High Inn 2|
106253,Poison High Inn 3|
106254,Poison High Inn 4|
106255,Poison High Inn 5|
106256,Poison High Inn 6|
106257,Poison High Inn 7|
106258,Poison High Inn 8|
106259,Poison High Inn 9|
106260,Poison High Inn 10|
106261,Poison High Inn 11|
106262,Poison High Inn 12|
106263,Poison High Inn 13|
106264,Poison High Inn 14|
106265,Poison High Inn 15|
106266,Poison High Inn 16|
106267,Poison High Inn 17|
106268,Poison High Inn 18|
106269,Poison High Inn 19|
106270,Poison High Inn 20|
106271,Poison High Inn 21|
106272,Poison High Inn 22|
106273,Poison High Inn 23|
106274,Poison High Inn 24|
106275,Poison High Inn 25|
106300,:|
106301,:|
106302,:|
106303,:|
106304,:|
106305,:|
106306,:|
106307,:|
106308,:|
106309,:|
106310,:|
106311,:|
106312,:|
106313,:|
106314,:|
106315,:|
106316,:|
106317,:|
106318,:|
106319,:|
106320,:|
106321,:|
106322,:|
106323,:|
106324,:|
106325,:|
107000,Scarlet Rot Low Add 0|
107001,Scarlet Rot Low Add 1|
107002,Scarlet Rot Low Add 2|
107003,Scarlet Rot Low Add 3|
107004,Scarlet Rot Low Add 4|
107005,Scarlet Rot Low Add 5|
107006,Scarlet Rot Low Add 6|
107007,Scarlet Rot Low Add 7|
107008,Scarlet Rot Low Add 8|
107009,Scarlet Rot Low Add 9|
107010,Scarlet Rot Low Add 10|
107011,Scarlet Rot Low Add 11|
107012,Scarlet Rot Low Add 12|
107013,Scarlet Rot Low Add 13|
107014,Scarlet Rot Low Add 14|
107015,Scarlet Rot Low Add 15|
107016,Scarlet Rot Low Add 16|
107017,Scarlet Rot Low Add 17|
107018,Scarlet Rot Low Add 18|
107019,Scarlet Rot Low Add 19|
107020,Scarlet Rot Low Add 20|
107021,Scarlet Rot Low Add 21|
107022,Scarlet Rot Low Add 22|
107023,Scarlet Rot Low Add 23|
107024,Scarlet Rot Low Add 24|
107025,Scarlet Rot Low Add 25|
107050,Scarlet Rot Low Inn 0|
107051,Scarlet Rot Low Inn 1|
107052,Scarlet Rot Low Inn 2|
107053,Scarlet Rot Low Inn 3|
107054,Scarlet Rot Low Inn 4|
107055,Scarlet Rot Low Inn 5|
107056,Scarlet Rot Low Inn 6|
107057,Scarlet Rot Low Inn 7|
107058,Scarlet Rot Low Inn 8|
107059,Scarlet Rot Low Inn 9|
107060,Scarlet Rot Low Inn 10|
107061,Scarlet Rot Low Inn 11|
107062,Scarlet Rot Low Inn 12|
107063,Scarlet Rot Low Inn 13|
107064,Scarlet Rot Low Inn 14|
107065,Scarlet Rot Low Inn 15|
107066,Scarlet Rot Low Inn 16|
107067,Scarlet Rot Low Inn 17|
107068,Scarlet Rot Low Inn 18|
107069,Scarlet Rot Low Inn 19|
107070,Scarlet Rot Low Inn 20|
107071,Scarlet Rot Low Inn 21|
107072,Scarlet Rot Low Inn 22|
107073,Scarlet Rot Low Inn 23|
107074,Scarlet Rot Low Inn 24|
107075,Scarlet Rot Low Inn 25|
107100,Scarlet Rot Med Add 0|
107101,Scarlet Rot Med Add 1|
107102,Scarlet Rot Med Add 2|
107103,Scarlet Rot Med Add 3|
107104,Scarlet Rot Med Add 4|
107105,Scarlet Rot Med Add 5|
107106,Scarlet Rot Med Add 6|
107107,Scarlet Rot Med Add 7|
107108,Scarlet Rot Med Add 8|
107109,Scarlet Rot Med Add 9|
107110,Scarlet Rot Med Add 10|
107111,Scarlet Rot Med Add 11|
107112,Scarlet Rot Med Add 12|
107113,Scarlet Rot Med Add 13|
107114,Scarlet Rot Med Add 14|
107115,Scarlet Rot Med Add 15|
107116,Scarlet Rot Med Add 16|
107117,Scarlet Rot Med Add 17|
107118,Scarlet Rot Med Add 18|
107119,Scarlet Rot Med Add 19|
107120,Scarlet Rot Med Add 20|
107121,Scarlet Rot Med Add 21|
107122,Scarlet Rot Med Add 22|
107123,Scarlet Rot Med Add 23|
107124,Scarlet Rot Med Add 24|
107125,Scarlet Rot Med Add 25|
107150,Scarlet Rot Med Inn 0|
107151,Scarlet Rot Med Inn 1|
107152,Scarlet Rot Med Inn 2|
107153,Scarlet Rot Med Inn 3|
107154,Scarlet Rot Med Inn 4|
107155,Scarlet Rot Med Inn 5|
107156,Scarlet Rot Med Inn 6|
107157,Scarlet Rot Med Inn 7|
107158,Scarlet Rot Med Inn 8|
107159,Scarlet Rot Med Inn 9|
107160,Scarlet Rot Med Inn 10|
107161,Scarlet Rot Med Inn 11|
107162,Scarlet Rot Med Inn 12|
107163,Scarlet Rot Med Inn 13|
107164,Scarlet Rot Med Inn 14|
107165,Scarlet Rot Med Inn 15|
107166,Scarlet Rot Med Inn 16|
107167,Scarlet Rot Med Inn 17|
107168,Scarlet Rot Med Inn 18|
107169,Scarlet Rot Med Inn 19|
107170,Scarlet Rot Med Inn 20|
107171,Scarlet Rot Med Inn 21|
107172,Scarlet Rot Med Inn 22|
107173,Scarlet Rot Med Inn 23|
107174,Scarlet Rot Med Inn 24|
107175,Scarlet Rot Med Inn 25|
107200,Scarlet Rot High Add 0|
107201,Scarlet Rot High Add 1|
107202,Scarlet Rot High Add 2|
107203,Scarlet Rot High Add 3|
107204,Scarlet Rot High Add 4|
107205,Scarlet Rot High Add 5|
107206,Scarlet Rot High Add 6|
107207,Scarlet Rot High Add 7|
107208,Scarlet Rot High Add 8|
107209,Scarlet Rot High Add 9|
107210,Scarlet Rot High Add 10|
107211,Scarlet Rot High Add 11|
107212,Scarlet Rot High Add 12|
107213,Scarlet Rot High Add 13|
107214,Scarlet Rot High Add 14|
107215,Scarlet Rot High Add 15|
107216,Scarlet Rot High Add 16|
107217,Scarlet Rot High Add 17|
107218,Scarlet Rot High Add 18|
107219,Scarlet Rot High Add 19|
107220,Scarlet Rot High Add 20|
107221,Scarlet Rot High Add 21|
107222,Scarlet Rot High Add 22|
107223,Scarlet Rot High Add 23|
107224,Scarlet Rot High Add 24|
107225,Scarlet Rot High Add 25|
107250,Scarlet Rot High Inn 0|
107251,Scarlet Rot High Inn 1|
107252,Scarlet Rot High Inn 2|
107253,Scarlet Rot High Inn 3|
107254,Scarlet Rot High Inn 4|
107255,Scarlet Rot High Inn 5|
107256,Scarlet Rot High Inn 6|
107257,Scarlet Rot High Inn 7|
107258,Scarlet Rot High Inn 8|
107259,Scarlet Rot High Inn 9|
107260,Scarlet Rot High Inn 10|
107261,Scarlet Rot High Inn 11|
107262,Scarlet Rot High Inn 12|
107263,Scarlet Rot High Inn 13|
107264,Scarlet Rot High Inn 14|
107265,Scarlet Rot High Inn 15|
107266,Scarlet Rot High Inn 16|
107267,Scarlet Rot High Inn 17|
107268,Scarlet Rot High Inn 18|
107269,Scarlet Rot High Inn 19|
107270,Scarlet Rot High Inn 20|
107271,Scarlet Rot High Inn 21|
107272,Scarlet Rot High Inn 22|
107273,Scarlet Rot High Inn 23|
107274,Scarlet Rot High Inn 24|
107275,Scarlet Rot High Inn 25|
107500,Frost Low Add 0|
107501,Frost Low Add 1|
107502,Frost Low Add 2|
107503,Frost Low Add 3|
107504,Frost Low Add 4|
107505,Frost Low Add 5|
107506,Frost Low Add 6|
107507,Frost Low Add 7|
107508,Frost Low Add 8|
107509,Frost Low Add 9|
107510,Frost Low Add 10|
107511,Frost Low Add 11|
107512,Frost Low Add 12|
107513,Frost Low Add 13|
107514,Frost Low Add 14|
107515,Frost Low Add 15|
107516,Frost Low Add 16|
107517,Frost Low Add 17|
107518,Frost Low Add 18|
107519,Frost Low Add 19|
107520,Frost Low Add 20|
107521,Frost Low Add 21|
107522,Frost Low Add 22|
107523,Frost Low Add 23|
107524,Frost Low Add 24|
107525,Frost Low Add 25|
107550,Frost Low Inn 0|
107551,Frost Low Inn 1|
107552,Frost Low Inn 2|
107553,Frost Low Inn 3|
107554,Frost Low Inn 4|
107555,Frost Low Inn 5|
107556,Frost Low Inn 6|
107557,Frost Low Inn 7|
107558,Frost Low Inn 8|
107559,Frost Low Inn 9|
107560,Frost Low Inn 10|
107561,Frost Low Inn 11|
107562,Frost Low Inn 12|
107563,Frost Low Inn 13|
107564,Frost Low Inn 14|
107565,Frost Low Inn 15|
107566,Frost Low Inn 16|
107567,Frost Low Inn 17|
107568,Frost Low Inn 18|
107569,Frost Low Inn 19|
107570,Frost Low Inn 20|
107571,Frost Low Inn 21|
107572,Frost Low Inn 22|
107573,Frost Low Inn 23|
107574,Frost Low Inn 24|
107575,Frost Low Inn 25|
107600,Frost Med Add 0|
107601,Frost Med Add 1|
107602,Frost Med Add 2|
107603,Frost Med Add 3|
107604,Frost Med Add 4|
107605,Frost Med Add 5|
107606,Frost Med Add 6|
107607,Frost Med Add 7|
107608,Frost Med Add 8|
107609,Frost Med Add 9|
107610,Frost Med Add 10|
107611,Frost Med Add 11|
107612,Frost Med Add 12|
107613,Frost Med Add 13|
107614,Frost Med Add 14|
107615,Frost Med Add 15|
107616,Frost Med Add 16|
107617,Frost Med Add 17|
107618,Frost Med Add 18|
107619,Frost Med Add 19|
107620,Frost Med Add 20|
107621,Frost Med Add 21|
107622,Frost Med Add 22|
107623,Frost Med Add 23|
107624,Frost Med Add 24|
107625,Frost Med Add 25|
107650,Frost Med Inn 0|
107651,Frost Med Inn 1|
107652,Frost Med Inn 2|
107653,Frost Med Inn 3|
107654,Frost Med Inn 4|
107655,Frost Med Inn 5|
107656,Frost Med Inn 6|
107657,Frost Med Inn 7|
107658,Frost Med Inn 8|
107659,Frost Med Inn 9|
107660,Frost Med Inn 10|
107661,Frost Med Inn 11|
107662,Frost Med Inn 12|
107663,Frost Med Inn 13|
107664,Frost Med Inn 14|
107665,Frost Med Inn 15|
107666,Frost Med Inn 16|
107667,Frost Med Inn 17|
107668,Frost Med Inn 18|
107669,Frost Med Inn 19|
107670,Frost Med Inn 20|
107671,Frost Med Inn 21|
107672,Frost Med Inn 22|
107673,Frost Med Inn 23|
107674,Frost Med Inn 24|
107675,Frost Med Inn 25|
107700,Frost High Add 0|
107701,Frost High Add 1|
107702,Frost High Add 2|
107703,Frost High Add 3|
107704,Frost High Add 4|
107705,Frost High Add 5|
107706,Frost High Add 6|
107707,Frost High Add 7|
107708,Frost High Add 8|
107709,Frost High Add 9|
107710,Frost High Add 10|
107711,Frost High Add 11|
107712,Frost High Add 12|
107713,Frost High Add 13|
107714,Frost High Add 14|
107715,Frost High Add 15|
107716,Frost High Add 16|
107717,Frost High Add 17|
107718,Frost High Add 18|
107719,Frost High Add 19|
107720,Frost High Add 20|
107721,Frost High Add 21|
107722,Frost High Add 22|
107723,Frost High Add 23|
107724,Frost High Add 24|
107725,Frost High Add 25|
107750,Frost High Inn 0|
107751,Frost High Inn 1|
107752,Frost High Inn 2|
107753,Frost High Inn 3|
107754,Frost High Inn 4|
107755,Frost High Inn 5|
107756,Frost High Inn 6|
107757,Frost High Inn 7|
107758,Frost High Inn 8|
107759,Frost High Inn 9|
107760,Frost High Inn 10|
107761,Frost High Inn 11|
107762,Frost High Inn 12|
107763,Frost High Inn 13|
107764,Frost High Inn 14|
107765,Frost High Inn 15|
107766,Frost High Inn 16|
107767,Frost High Inn 17|
107768,Frost High Inn 18|
107769,Frost High Inn 19|
107770,Frost High Inn 20|
107771,Frost High Inn 21|
107772,Frost High Inn 22|
107773,Frost High Inn 23|
107774,Frost High Inn 24|
107775,Frost High Inn 25|
107800,:|
107801,:|
107802,:|
107803,:|
107804,:|
107805,:|
107806,:|
107807,:|
107808,:|
107809,:|
107810,:|
107811,:|
107812,:|
107813,:|
107814,:|
107815,:|
107816,:|
107817,:|
107818,:|
107819,:|
107820,:|
107821,:|
107822,:|
107823,:|
107824,:|
107825,:|
107900,:|
107901,:|
108000,Blight Low Add 0|
108001,Blight Low Add 1|
108002,Blight Low Add 2|
108003,Blight Low Add 3|
108004,Blight Low Add 4|
108005,Blight Low Add 5|
108006,Blight Low Add 6|
108007,Blight Low Add 7|
108008,Blight Low Add 8|
108009,Blight Low Add 9|
108010,Blight Low Add 10|
108011,Blight Low Add 11|
108012,Blight Low Add 12|
108013,Blight Low Add 13|
108014,Blight Low Add 14|
108015,Blight Low Add 15|
108016,Blight Low Add 16|
108017,Blight Low Add 17|
108018,Blight Low Add 18|
108019,Blight Low Add 19|
108020,Blight Low Add 20|
108021,Blight Low Add 21|
108022,Blight Low Add 22|
108023,Blight Low Add 23|
108024,Blight Low Add 24|
108025,Blight Low Add 25|
108050,Blight Low Inn 0|
108051,Blight Low Inn 1|
108052,Blight Low Inn 2|
108053,Blight Low Inn 3|
108054,Blight Low Inn 4|
108055,Blight Low Inn 5|
108056,Blight Low Inn 6|
108057,Blight Low Inn 7|
108058,Blight Low Inn 8|
108059,Blight Low Inn 9|
108060,Blight Low Inn 10|
108061,Blight Low Inn 11|
108062,Blight Low Inn 12|
108063,Blight Low Inn 13|
108064,Blight Low Inn 14|
108065,Blight Low Inn 15|
108066,Blight Low Inn 16|
108067,Blight Low Inn 17|
108068,Blight Low Inn 18|
108069,Blight Low Inn 19|
108070,Blight Low Inn 20|
108071,Blight Low Inn 21|
108072,Blight Low Inn 22|
108073,Blight Low Inn 23|
108074,Blight Low Inn 24|
108075,Blight Low Inn 25|
108100,Blight Med Add 0|
108101,Blight Med Add 1|
108102,Blight Med Add 2|
108103,Blight Med Add 3|
108104,Blight Med Add 4|
108105,Blight Med Add 5|
108106,Blight Med Add 6|
108107,Blight Med Add 7|
108108,Blight Med Add 8|
108109,Blight Med Add 9|
108110,Blight Med Add 10|
108111,Blight Med Add 11|
108112,Blight Med Add 12|
108113,Blight Med Add 13|
108114,Blight Med Add 14|
108115,Blight Med Add 15|
108116,Blight Med Add 16|
108117,Blight Med Add 17|
108118,Blight Med Add 18|
108119,Blight Med Add 19|
108120,Blight Med Add 20|
108121,Blight Med Add 21|
108122,Blight Med Add 22|
108123,Blight Med Add 23|
108124,Blight Med Add 24|
108125,Blight Med Add 25|
108150,Blight Med Inn 0|
108151,Blight Med Inn 1|
108152,Blight Med Inn 2|
108153,Blight Med Inn 3|
108154,Blight Med Inn 4|
108155,Blight Med Inn 5|
108156,Blight Med Inn 6|
108157,Blight Med Inn 7|
108158,Blight Med Inn 8|
108159,Blight Med Inn 9|
108160,Blight Med Inn 10|
108161,Blight Med Inn 11|
108162,Blight Med Inn 12|
108163,Blight Med Inn 13|
108164,Blight Med Inn 14|
108165,Blight Med Inn 15|
108166,Blight Med Inn 16|
108167,Blight Med Inn 17|
108168,Blight Med Inn 18|
108169,Blight Med Inn 19|
108170,Blight Med Inn 20|
108171,Blight Med Inn 21|
108172,Blight Med Inn 22|
108173,Blight Med Inn 23|
108174,Blight Med Inn 24|
108175,Blight Med Inn 25|
108200,Blight High Add 0|
108201,Blight High Add 1|
108202,Blight High Add 2|
108203,Blight High Add 3|
108204,Blight High Add 4|
108205,Blight High Add 5|
108206,Blight High Add 6|
108207,Blight High Add 7|
108208,Blight High Add 8|
108209,Blight High Add 9|
108210,Blight High Add 10|
108211,Blight High Add 11|
108212,Blight High Add 12|
108213,Blight High Add 13|
108214,Blight High Add 14|
108215,Blight High Add 15|
108216,Blight High Add 16|
108217,Blight High Add 17|
108218,Blight High Add 18|
108219,Blight High Add 19|
108220,Blight High Add 20|
108221,Blight High Add 21|
108222,Blight High Add 22|
108223,Blight High Add 23|
108224,Blight High Add 24|
108225,Blight High Add 25|
108250,Blight High Inn 0|
108251,Blight High Inn 1|
108252,Blight High Inn 2|
108253,Blight High Inn 3|
108254,Blight High Inn 4|
108255,Blight High Inn 5|
108256,Blight High Inn 6|
108257,Blight High Inn 7|
108258,Blight High Inn 8|
108259,Blight High Inn 9|
108260,Blight High Inn 10|
108261,Blight High Inn 11|
108262,Blight High Inn 12|
108263,Blight High Inn 13|
108264,Blight High Inn 14|
108265,Blight High Inn 15|
108266,Blight High Inn 16|
108267,Blight High Inn 17|
108268,Blight High Inn 18|
108269,Blight High Inn 19|
108270,Blight High Inn 20|
108271,Blight High Inn 21|
108272,Blight High Inn 22|
108273,Blight High Inn 23|
108274,Blight High Inn 24|
108275,Blight High Inn 25|
110000,
110001,State 264 Set Cult Bool|
110010,State 265|
110100,State 264 Set Cult Bool|
110101,
110102,
110103,
110104,
110105,
110106,
110107,
110200,
110201,
110210,
110220,
110230,
110240,
119000,
119001,R⬝H Hand Buff Vfx 6900 <| Invalid Vfx Id|
119002,R⬝H Hand Buff Vfx 6900 <| Invalid Vfx Id|
119003,
120000,
120010,
120020,
120110,R Hand Buff Vfx 6910|
120210,R Hand Buff Vfx 6911|
120310,R Hand Buff Vfx|
120410,R Hand Buff Vfx|
120500,
120501,
120510,
120511,
120610,State 155 Modify Poise|
120700,State 120 Dam Lvl Change Bef. Poise Break|
120710,State 155 Modify Poise|
120800,State 120 Dam Lvl Change Bef. Poise Break|
120801,
120810,
120811,
120910,
121010,
121020,
121110,
121210,
121300,R Hand Buff Vfx 6940 <| Invalid Vfx Id|
121301,R Hand Buff Vfx 6941 <| Invalid Vfx Id|
121310,R Hand Buff Vfx 6950 <| Invalid Vfx Id|
121311,R Hand Buff Vfx 6950 <| Invalid Vfx Id|
121400,
121410,
121411,
129000,State 281 Wet Sys Trigger|1|
129001,State 281 Wet Sys Trigger|2|
129002,State 281 Wet Sys Trigger|3|
130000,State 281 Wet Sys Trigger|4|
130010,State 281 Wet Sys Trigger|5|
130020,State 281 Wet Sys Trigger|6|
130040,State 281 Wet Sys Trigger|7|
130100,State 281 Wet Sys Trigger|8|
130110,State 281 Wet Sys Trigger|9|
130120,State 281 Wet Sys Trigger|10|
130130,State 281 Wet Sys Trigger|11|
130140,State 281 Wet Sys Trigger|12|
200000,State 357 Black Knife Tiche|
200001,State 357 Black Knife Tiche +1|
200002,State 357 Black Knife Tiche +2|
200003,State 357 Black Knife Tiche +3|
200004,State 357 Black Knife Tiche +4|
200005,State 357 Black Knife Tiche +5|
200006,State 357 Black Knife Tiche +6|
200007,State 357 Black Knife Tiche +7|
200008,State 357 Black Knife Tiche +8|
200009,State 357 Black Knife Tiche +9|
200010,State 357 Black Knife Tiche +10|
201000,State 357 Banished Knight Oleg|
201001,State 357 Banished Knight Oleg +1|
201002,State 357 Banished Knight Oleg +2|
201003,State 357 Banished Knight Oleg +3|
201004,State 357 Banished Knight Oleg +4|
201005,State 357 Banished Knight Oleg +5|
201006,State 357 Banished Knight Oleg +6|
201007,State 357 Banished Knight Oleg +7|
201008,State 357 Banished Knight Oleg +8|
201009,State 357 Banished Knight Oleg +9|
201010,State 357 Banished Knight Oleg +10|
202000,State 357 Banished Knight Engvall|
202001,State 357 Banished Knight Engvall +1|
202002,State 357 Banished Knight Engvall +2|
202003,State 357 Banished Knight Engvall +3|
202004,State 357 Banished Knight Engvall +4|
202005,State 357 Banished Knight Engvall +5|
202006,State 357 Banished Knight Engvall +6|
202007,State 357 Banished Knight Engvall +7|
202008,State 357 Banished Knight Engvall +8|
202009,State 357 Banished Knight Engvall +9|
202010,State 357 Banished Knight Engvall +10|
203000,State 357 Anged Imp|A.o.W|Es|
203001,State 357 Anged Imp|A.o.W|Es +1|
203002,State 357 Anged Imp|A.o.W|Es +2|
203003,State 357 Anged Imp|A.o.W|Es +3|
203004,State 357 Anged Imp|A.o.W|Es +4|
203005,State 357 Anged Imp|A.o.W|Es +5|
203006,State 357 Anged Imp|A.o.W|Es +6|
203007,State 357 Anged Imp|A.o.W|Es +7|
203008,State 357 Anged Imp|A.o.W|Es +8|
203009,State 357 Anged Imp|A.o.W|Es +9|
203010,State 357 Anged Imp|A.o.W|Es +10|
204000,State 357 Atenna The Albinauric|
204001,State 357 Atenna The Albinauric +1|
204002,State 357 Atenna The Albinauric +2|
204003,State 357 Atenna The Albinauric +3|
204004,State 357 Atenna The Albinauric +4|
204005,State 357 Atenna The Albinauric +5|
204006,State 357 Atenna The Albinauric +6|
204007,State 357 Atenna The Albinauric +7|
204008,State 357 Atenna The Albinauric +8|
204009,State 357 Atenna The Albinauric +9|
204010,State 357 Atenna The Albinauric +10|
205000,State 357 Nomad|A.o.W|Es|
205001,State 357 Nomad|A.o.W|Es +1|
205002,State 357 Nomad|A.o.W|Es +2|
205003,State 357 Nomad|A.o.W|Es +3|
205004,State 357 Nomad|A.o.W|Es +4|
205005,State 357 Nomad|A.o.W|Es +5|
205006,State 357 Nomad|A.o.W|Es +6|
205007,State 357 Nomad|A.o.W|Es +7|
205008,State 357 Nomad|A.o.W|Es +8|
205009,State 357 Nomad|A.o.W|Es +9|
205010,State 357 Nomad|A.o.W|Es +10|
206000,State 357 Nightmaiden & Swordstress Puppets|
206001,State 357 Nightmaiden & Swordstress Puppets +1|
206002,State 357 Nightmaiden & Swordstress Puppets +2|
206003,State 357 Nightmaiden & Swordstress Puppets +3|
206004,State 357 Nightmaiden & Swordstress Puppets +4|
206005,State 357 Nightmaiden & Swordstress Puppets +5|
206006,State 357 Nightmaiden & Swordstress Puppets +6|
206007,State 357 Nightmaiden & Swordstress Puppets +7|
206008,State 357 Nightmaiden & Swordstress Puppets +8|
206009,State 357 Nightmaiden & Swordstress Puppets +9|
206010,State 357 Nightmaiden & Swordstress Puppets +10|
207000,State 357 Mimic Tear|A.o.W|Es|
207001,State 357 Mimic Tear|A.o.W|Es +1|
207002,State 357 Mimic Tear|A.o.W|Es +2|
207003,State 357 Mimic Tear|A.o.W|Es +3|
207004,State 357 Mimic Tear|A.o.W|Es +4|
207005,State 357 Mimic Tear|A.o.W|Es +5|
207006,State 357 Mimic Tear|A.o.W|Es +6|
207007,State 357 Mimic Tear|A.o.W|Es +7|
207008,State 357 Mimic Tear|A.o.W|Es +8|
207009,State 357 Mimic Tear|A.o.W|Es +9|
207010,State 357 Mimic Tear|A.o.W|Es +10|
208000,State 357 Crystalian|A.o.W|Es|
208001,State 357 Crystalian|A.o.W|Es +1|
208002,State 357 Crystalian|A.o.W|Es +2|
208003,State 357 Crystalian|A.o.W|Es +3|
208004,State 357 Crystalian|A.o.W|Es +4|
208005,State 357 Crystalian|A.o.W|Es +5|
208006,State 357 Crystalian|A.o.W|Es +6|
208007,State 357 Crystalian|A.o.W|Es +7|
208008,State 357 Crystalian|A.o.W|Es +8|
208009,State 357 Crystalian|A.o.W|Es +9|
208010,State 357 Crystalian|A.o.W|Es +10|
209000,State 357 Ancestral Follower|A.o.W|Es|
209001,State 357 Ancestral Follower|A.o.W|Es +1|
209002,State 357 Ancestral Follower|A.o.W|Es +2|
209003,State 357 Ancestral Follower|A.o.W|Es +3|
209004,State 357 Ancestral Follower|A.o.W|Es +4|
209005,State 357 Ancestral Follower|A.o.W|Es +5|
209006,State 357 Ancestral Follower|A.o.W|Es +6|
209007,State 357 Ancestral Follower|A.o.W|Es +7|
209008,State 357 Ancestral Follower|A.o.W|Es +8|
209009,State 357 Ancestral Follower|A.o.W|Es +9|
209010,State 357 Ancestral Follower|A.o.W|Es +10|
210000,State 357 Winged Misbegotten|A.o.W|Es|
210001,State 357 Winged Misbegotten|A.o.W|Es + 1|
210002,State 357 Winged Misbegotten|A.o.W|Es + 2|
210003,State 357 Winged Misbegotten|A.o.W|Es + 3|
210004,State 357 Winged Misbegotten|A.o.W|Es + 4|
210005,State 357 Winged Misbegotten|A.o.W|Es + 5|
210006,State 357 Winged Misbegotten|A.o.W|Es + 6|
210007,State 357 Winged Misbegotten|A.o.W|Es + 7|
210008,State 357 Winged Misbegotten|A.o.W|Es + 8|
210009,State 357 Winged Misbegotten|A.o.W|Es + 9|
210010,State 357 Winged Misbegotten|A.o.W|Es + 10|
211000,State 357 Albinauric|A.o.W|Es|
211001,State 357 Albinauric|A.o.W|Es +1|
211002,State 357 Albinauric|A.o.W|Es +2|
211003,State 357 Albinauric|A.o.W|Es +3|
211004,State 357 Albinauric|A.o.W|Es +4|
211005,State 357 Albinauric|A.o.W|Es +5|
211006,State 357 Albinauric|A.o.W|Es +6|
211007,State 357 Albinauric|A.o.W|Es +7|
211008,State 357 Albinauric|A.o.W|Es +8|
211009,State 357 Albinauric|A.o.W|Es +9|
211010,State 357 Albinauric|A.o.W|Es +10|
212000,State 357 Keletal Militiaman|A.o.W|Es|
212001,State 357 Keletal Militiaman|A.o.W|Es +1|
212002,State 357 Keletal Militiaman|A.o.W|Es +2|
212003,State 357 Keletal Militiaman|A.o.W|Es +3|
212004,State 357 Keletal Militiaman|A.o.W|Es +5|
212005,State 357 Keletal Militiaman|A.o.W|Es +5|
212006,State 357 Keletal Militiaman|A.o.W|Es +6|
212007,State 357 Keletal Militiaman|A.o.W|Es +7|
212008,State 357 Keletal Militiaman|A.o.W|Es +8|
212009,State 357 Keletal Militiaman|A.o.W|Es +9|
212010,State 357 Keletal Militiaman|A.o.W|Es +10|
213000,State 357 Keletal Bandit|A.o.W|Es|
213001,State 357 Keletal Bandit|A.o.W|Es +1|
213002,State 357 Keletal Bandit|A.o.W|Es +2|
213003,State 357 Keletal Bandit|A.o.W|Es +3|
213004,State 357 Keletal Bandit|A.o.W|Es +4|
213005,State 357 Keletal Bandit|A.o.W|Es +5|
213006,State 357 Keletal Bandit|A.o.W|Es +6|
213007,State 357 Keletal Bandit|A.o.W|Es +7|
213008,State 357 Keletal Bandit|A.o.W|Es +8|
213009,State 357 Keletal Bandit|A.o.W|Es +9|
213010,State 357 Keletal Bandit|A.o.W|Es +10|
214000,State 357 Oracle Envoy|A.o.W|Es|
214001,State 357 Oracle Envoy|A.o.W|Es +1|
214002,State 357 Oracle Envoy|A.o.W|Es +2|
214003,State 357 Oracle Envoy|A.o.W|Es +3|
214004,State 357 Oracle Envoy|A.o.W|Es +4|
214005,State 357 Oracle Envoy|A.o.W|Es +5|
214006,State 357 Oracle Envoy|A.o.W|Es +6|
214007,State 357 Oracle Envoy|A.o.W|Es +7|
214008,State 357 Oracle Envoy|A.o.W|Es +8|
214009,State 357 Oracle Envoy|A.o.W|Es +9|
214010,State 357 Oracle Envoy|A.o.W|Es +10|
215000,State 357 Utrid Corpse|A.o.W|Es|
215001,State 357 Utrid Corpse|A.o.W|Es +1|
215002,State 357 Utrid Corpse|A.o.W|Es +2|
215003,State 357 Utrid Corpse|A.o.W|Es +3|
215004,State 357 Utrid Corpse|A.o.W|Es +4|
215005,State 357 Utrid Corpse|A.o.W|Es +5|
215006,State 357 Utrid Corpse|A.o.W|Es +6|
215007,State 357 Utrid Corpse|A.o.W|Es +7|
215008,State 357 Utrid Corpse|A.o.W|Es +8|
215009,State 357 Utrid Corpse|A.o.W|Es +9|
215010,State 357 Utrid Corpse|A.o.W|Es +10|
216000,State 357 Depraved Perfumer Carmaan|
216001,State 357 Depraved Perfumer Carmaan +1|
216002,State 357 Depraved Perfumer Carmaan +2|
216003,State 357 Depraved Perfumer Carmaan +3|
216004,State 357 Depraved Perfumer Carmaan +4|
216005,State 357 Depraved Perfumer Carmaan +5|
216006,State 357 Depraved Perfumer Carmaan +6|
216007,State 357 Depraved Perfumer Carmaan +7|
216008,State 357 Depraved Perfumer Carmaan +8|
216009,State 357 Depraved Perfumer Carmaan +9|
216010,State 357 Depraved Perfumer Carmaan +10|
217000,State 357 Perfumer Tricia|
217001,State 357 Perfumer Tricia +1|
217002,State 357 Perfumer Tricia +2|
217003,State 357 Perfumer Tricia +3|
217004,State 357 Perfumer Tricia +4|
217005,State 357 Perfumer Tricia +5|
217006,State 357 Perfumer Tricia +6|
217007,State 357 Perfumer Tricia +8|
217008,State 357 Perfumer Tricia +8|
217009,State 357 Perfumer Tricia +9|
217010,State 357 Perfumer Tricia +10|
218000,State 357 Glintstone Sorcerer|A.o.W|Es|
218001,State 357 Glintstone Sorcerer|A.o.W|Es +1|
218002,State 357 Glintstone Sorcerer|A.o.W|Es +2|
218003,State 357 Glintstone Sorcerer|A.o.W|Es +3|
218004,State 357 Glintstone Sorcerer|A.o.W|Es +4|
218005,State 357 Glintstone Sorcerer|A.o.W|Es +5|
218006,State 357 Glintstone Sorcerer|A.o.W|Es +6|
218007,State 357 Glintstone Sorcerer|A.o.W|Es +7|
218008,State 357 Glintstone Sorcerer|A.o.W|Es +8|
218009,State 357 Glintstone Sorcerer|A.o.W|Es +9|
218010,State 357 Glintstone Sorcerer|A.o.W|Es +10|
219000,State 357 Twinsage Sorcerer|A.o.W|Es|
219001,State 357 Twinsage Sorcerer|A.o.W|Es +1|
219002,State 357 Twinsage Sorcerer|A.o.W|Es +2|
219003,State 357 Twinsage Sorcerer|A.o.W|Es +3|
219004,State 357 Twinsage Sorcerer|A.o.W|Es +4|
219005,State 357 Twinsage Sorcerer|A.o.W|Es +5|
219006,State 357 Twinsage Sorcerer|A.o.W|Es +6|
219007,State 357 Twinsage Sorcerer|A.o.W|Es +7|
219008,State 357 Twinsage Sorcerer|A.o.W|Es +8|
219009,State 357 Twinsage Sorcerer|A.o.W|Es +9|
219010,State 357 Twinsage Sorcerer|A.o.W|Es +10|
220000,State 357 Sage|A.o.W|Es|
220001,State 357 Sage|A.o.W|Es +1|
220002,State 357 Sage|A.o.W|Es +2|
220003,State 357 Sage|A.o.W|Es +3|
220004,State 357 Sage|A.o.W|Es +4|
220005,State 357 Sage|A.o.W|Es +5|
220006,State 357 Sage|A.o.W|Es +6|
220007,State 357 Sage|A.o.W|Es +7|
220008,State 357 Sage|A.o.W|Es +8|
220009,State 357 Sage|A.o.W|Es +9|
220010,State 357 Sage|A.o.W|Es +10|
221000,State 357 Battlemage Hugues|
221001,State 357 Battlemage Hugues +1|
221002,State 357 Battlemage Hugues +2|
221003,State 357 Battlemage Hugues +3|
221004,State 357 Battlemage Hugues +4|
221005,State 357 Battlemage Hugues +5|
221006,State 357 Battlemage Hugues +6|
221007,State 357 Battlemage Hugues +7|
221008,State 357 Battlemage Hugues +8|
221009,State 357 Battlemage Hugues +9|
221010,State 357 Battlemage Hugues +10|
222000,State 357 Clayman|A.o.W|Es|
222001,State 357 Clayman|A.o.W|Es +1|
222002,State 357 Clayman|A.o.W|Es +2|
222003,State 357 Clayman|A.o.W|Es +3|
222004,State 357 Clayman|A.o.W|Es +4|
222005,State 357 Clayman|A.o.W|Es +5|
222006,State 357 Clayman|A.o.W|Es +6|
222007,State 357 Clayman|A.o.W|Es +7|
222008,State 357 Clayman|A.o.W|Es +8|
222009,State 357 Clayman|A.o.W|Es +9|
222010,State 357 Clayman|A.o.W|Es +10|
223000,State 357 Ceanrot Knight Finlay|
223001,State 357 Ceanrot Knight Finlay +1|
223002,State 357 Ceanrot Knight Finlay +2|
223003,State 357 Ceanrot Knight Finlay +3|
223004,State 357 Ceanrot Knight Finlay +4|
223005,State 357 Ceanrot Knight Finlay +5|
223006,State 357 Ceanrot Knight Finlay +6|
223007,State 357 Ceanrot Knight Finlay +7|
223008,State 357 Ceanrot Knight Finlay +8|
223009,State 357 Ceanrot Knight Finlay +9|
223010,State 357 Ceanrot Knight Finlay +10|
224000,State 357 Kindred Of Rot|A.o.W|Es|
224001,State 357 Kindred Of Rot|A.o.W|Es +1|
224002,State 357 Kindred Of Rot|A.o.W|Es +2|
224003,State 357 Kindred Of Rot|A.o.W|Es +3|
224004,State 357 Kindred Of Rot|A.o.W|Es +4|
224005,State 357 Kindred Of Rot|A.o.W|Es +5|
224006,State 357 Kindred Of Rot|A.o.W|Es +6|
224007,State 357 Kindred Of Rot|A.o.W|Es +7|
224008,State 357 Kindred Of Rot|A.o.W|Es +8|
224009,State 357 Kindred Of Rot|A.o.W|Es +9|
224010,State 357 Kindred Of Rot|A.o.W|Es +10|
225000,State 357 Marionette Soldier|A.o.W|Es|
225001,State 357 Marionette Soldier|A.o.W|Es +1|
225002,State 357 Marionette Soldier|A.o.W|Es +2|
225003,State 357 Marionette Soldier|A.o.W|Es +3|
225004,State 357 Marionette Soldier|A.o.W|Es +4|
225005,State 357 Marionette Soldier|A.o.W|Es +5|
225006,State 357 Marionette Soldier|A.o.W|Es +6|
225007,State 357 Marionette Soldier|A.o.W|Es +7|
225008,State 357 Marionette Soldier|A.o.W|Es +8|
225009,State 357 Marionette Soldier|A.o.W|Es +9|
225010,State 357 Marionette Soldier|A.o.W|Es +10|
226000,State 357 Avionette Soldier|A.o.W|Es|
226001,State 357 Avionette Soldier|A.o.W|Es +1|
226002,State 357 Avionette Soldier|A.o.W|Es +2|
226003,State 357 Avionette Soldier|A.o.W|Es +3|
226004,State 357 Avionette Soldier|A.o.W|Es +4|
226005,State 357 Avionette Soldier|A.o.W|Es +5|
226006,State 357 Avionette Soldier|A.o.W|Es +6|
226007,State 357 Avionette Soldier|A.o.W|Es +7|
226008,State 357 Avionette Soldier|A.o.W|Es +8|
226009,State 357 Avionette Soldier|A.o.W|Es +9|
226010,State 357 Avionette Soldier|A.o.W|Es +10|
227000,State 357 Ire Monk|A.o.W|Es|
227001,State 357 Ire Monk|A.o.W|Es +1|
227002,State 357 Ire Monk|A.o.W|Es +2|
227003,State 357 Ire Monk|A.o.W|Es +3|
227004,State 357 Ire Monk|A.o.W|Es +4|
227005,State 357 Ire Monk|A.o.W|Es +5|
227006,State 357 Ire Monk|A.o.W|Es +6|
227007,State 357 Ire Monk|A.o.W|Es +7|
227008,State 357 Ire Monk|A.o.W|Es +8|
227009,State 357 Ire Monk|A.o.W|Es +9|
227010,State 357 Ire Monk|A.o.W|Es +10|
228000,State 357 Blackflame Monk Amon|
228001,State 357 Blackflame Monk Amon +1|
228002,State 357 Blackflame Monk Amon +2|
228003,State 357 Blackflame Monk Amon +3|
228004,State 357 Blackflame Monk Amon +4|
228005,State 357 Blackflame Monk Amon +5|
228006,State 357 Blackflame Monk Amon +6|
228007,State 357 Blackflame Monk Amon +7|
228008,State 357 Blackflame Monk Amon +8|
228009,State 357 Blackflame Monk Amon +9|
228010,State 357 Blackflame Monk Amon +10|
229000,State 357 Man|Serpent|A.o.W|Es|
229001,State 357 Man|Serpent|A.o.W|Es +1|
229002,State 357 Man|Serpent|A.o.W|Es +2|
229003,State 357 Man|Serpent|A.o.W|Es +3|
229004,State 357 Man|Serpent|A.o.W|Es +4|
229005,State 357 Man|Serpent|A.o.W|Es +5|
229006,State 357 Man|Serpent|A.o.W|Es +6|
229007,State 357 Man|Serpent|A.o.W|Es +7|
229008,State 357 Man|Serpent|A.o.W|Es +8|
229009,State 357 Man|Serpent|A.o.W|Es +9|
229010,State 357 Man|Serpent|A.o.W|Es +10|
230000,State 357 Azula Beastman|A.o.W|Es|
230001,State 357 Azula Beastman|A.o.W|Es +1|
230002,State 357 Azula Beastman|A.o.W|Es +2|
230003,State 357 Azula Beastman|A.o.W|Es +3|
230004,State 357 Azula Beastman|A.o.W|Es +4|
230005,State 357 Azula Beastman|A.o.W|Es +5|
230006,State 357 Azula Beastman|A.o.W|Es +6|
230007,State 357 Azula Beastman|A.o.W|Es +7|
230008,State 357 Azula Beastman|A.o.W|Es +8|
230009,State 357 Azula Beastman|A.o.W|Es +9|
230010,State 357 Azula Beastman|A.o.W|Es +10|
231000,State 357 Kaiden Sellsword|A.o.W|Es|
231001,State 357 Kaiden Sellsword|A.o.W|Es +1|
231002,State 357 Kaiden Sellsword|A.o.W|Es +2|
231003,State 357 Kaiden Sellsword|A.o.W|Es +3|
231004,State 357 Kaiden Sellsword|A.o.W|Es +4|
231005,State 357 Kaiden Sellsword|A.o.W|Es +5|
231006,State 357 Kaiden Sellsword|A.o.W|Es +6|
231007,State 357 Kaiden Sellsword|A.o.W|Es +7|
231008,State 357 Kaiden Sellsword|A.o.W|Es +8|
231009,State 357 Kaiden Sellsword|A.o.W|Es +9|
231010,State 357 Kaiden Sellsword|A.o.W|Es +10|
232000,State 357 One Wolf|A.o.W|Es|
232001,State 357 One Wolf|A.o.W|Es +1|
232002,State 357 One Wolf|A.o.W|Es +2|
232003,State 357 One Wolf|A.o.W|Es +3|
232004,State 357 One Wolf|A.o.W|Es +4|
232005,State 357 One Wolf|A.o.W|Es +5|
232006,State 357 One Wolf|A.o.W|Es +6|
232007,State 357 One Wolf|A.o.W|Es +7|
232008,State 357 One Wolf|A.o.W|Es +8|
232009,State 357 One Wolf|A.o.W|Es +9|
232010,State 357 One Wolf|A.o.W|Es +10|
233000,State 357 Giant Rat|A.o.W|Es|
233001,State 357 Giant Rat|A.o.W|Es +1|
233002,State 357 Giant Rat|A.o.W|Es +2|
233003,State 357 Giant Rat|A.o.W|Es +3|
233004,State 357 Giant Rat|A.o.W|Es +4|
233105,State 357 Giant Rat|A.o.W|Es +5|
233106,State 357 Giant Rat|A.o.W|Es +6|
233107,State 357 Giant Rat|A.o.W|Es +7|
233108,State 357 Giant Rat|A.o.W|Es +8|
233109,State 357 Giant Rat|A.o.W|Es +9|
233210,State 357 Giant Rat|A.o.W|Es +10|
234000,State 357 Demi|Human|A.o.W|Es|
234001,State 357 Demi|Human|A.o.W|Es +1|
234002,State 357 Demi|Human|A.o.W|Es +2|
234003,State 357 Demi|Human|A.o.W|Es +3|
234004,State 357 Demi|Human|A.o.W|Es +4|
234005,State 357 Demi|Human|A.o.W|Es +5|
234006,State 357 Demi|Human|A.o.W|Es +6|
234007,State 357 Demi|Human|A.o.W|Es +7|
234008,State 357 Demi|Human|A.o.W|Es +8|
234009,State 357 Demi|Human|A.o.W|Es +9|
234010,State 357 Demi|Human|A.o.W|Es +10|
235000,State 357 Rotten Stray|A.o.W|Es|
235001,State 357 Rotten Stray|A.o.W|Es +1|
235002,State 357 Rotten Stray|A.o.W|Es +2|
235003,State 357 Rotten Stray|A.o.W|Es +3|
235004,State 357 Rotten Stray|A.o.W|Es +4|
235005,State 357 Rotten Stray|A.o.W|Es +5|
235006,State 357 Rotten Stray|A.o.W|Es +6|
235007,State 357 Rotten Stray|A.o.W|Es +7|
235008,State 357 Rotten Stray|A.o.W|Es +8|
235009,State 357 Rotten Stray|A.o.W|Es +9|
235010,State 357 Rotten Stray|A.o.W|Es +10|
236000,State 357 Pirit Jellyfish|A.o.W|Es|
236001,State 357 Pirit Jellyfish|A.o.W|Es +1|
236002,State 357 Pirit Jellyfish|A.o.W|Es +2|
236003,State 357 Pirit Jellyfish|A.o.W|Es +3|
236004,State 357 Pirit Jellyfish|A.o.W|Es +4|
236005,State 357 Pirit Jellyfish|A.o.W|Es +5|
236006,State 357 Pirit Jellyfish|A.o.W|Es +6|
236007,State 357 Pirit Jellyfish|A.o.W|Es +7|
236008,State 357 Pirit Jellyfish|A.o.W|Es +8|
236009,State 357 Pirit Jellyfish|A.o.W|Es +9|
236010,State 357 Pirit Jellyfish|A.o.W|Es +10|
237000,State 357 Warhawk|A.o.W|Es|
237001,State 357 Warhawk|A.o.W|Es +1|
237002,State 357 Warhawk|A.o.W|Es +2|
237003,State 357 Warhawk|A.o.W|Es +3|
237004,State 357 Warhawk|A.o.W|Es +4|
237005,State 357 Warhawk|A.o.W|Es +5|
237006,State 357 Warhawk|A.o.W|Es +6|
237007,State 357 Warhawk|A.o.W|Es +7|
237008,State 357 Warhawk|A.o.W|Es +8|
237009,State 357 Warhawk|A.o.W|Es +9|
237010,State 357 Warhawk|A.o.W|Es +10|
238000,State 357 Tormhawk Deenh|
238001,State 357 Tormhawk Deenh +1|
238002,State 357 Tormhawk Deenh +2|
238003,State 357 Tormhawk Deenh +3|
238004,State 357 Tormhawk Deenh +4|
238005,State 357 Tormhawk Deenh +5|
238006,State 357 Tormhawk Deenh +6|
238007,State 357 Tormhawk Deenh +7|
238008,State 357 Tormhawk Deenh +8|
238009,State 357 Tormhawk Deenh +9|
238010,State 357 Tormhawk Deenh +10|
239000,State 357 Bloodhound Knight Floh|
239001,State 357 Bloodhound Knight Floh +1|
239002,State 357 Bloodhound Knight Floh +2|
239003,State 357 Bloodhound Knight Floh +3|
239004,State 357 Bloodhound Knight Floh +4|
239005,State 357 Bloodhound Knight Floh +5|
239006,State 357 Bloodhound Knight Floh +6|
239007,State 357 Bloodhound Knight Floh +7|
239008,State 357 Bloodhound Knight Floh +8|
239009,State 357 Bloodhound Knight Floh +9|
239010,State 357 Bloodhound Knight Floh +10|
240000,State 357 Wandering Noble|A.o.W|Es|
240001,State 357 Wandering Noble|A.o.W|Es +1|
240002,State 357 Wandering Noble|A.o.W|Es +2|
240003,State 357 Wandering Noble|A.o.W|Es +3|
240004,State 357 Wandering Noble|A.o.W|Es +4|
240005,State 357 Wandering Noble|A.o.W|Es +5|
240006,State 357 Wandering Noble|A.o.W|Es +6|
240007,State 357 Wandering Noble|A.o.W|Es +7|
240008,State 357 Wandering Noble|A.o.W|Es +8|
240009,State 357 Wandering Noble|A.o.W|Es +9|
240010,State 357 Wandering Noble|A.o.W|Es +10|
241000,State 357 Noble Sorcerer|A.o.W|Es|
241001,State 357 Noble Sorcerer|A.o.W|Es +1|
241002,State 357 Noble Sorcerer|A.o.W|Es +2|
241003,State 357 Noble Sorcerer|A.o.W|Es +3|
241004,State 357 Noble Sorcerer|A.o.W|Es +4|
241005,State 357 Noble Sorcerer|A.o.W|Es +5|
241006,State 357 Noble Sorcerer|A.o.W|Es +6|
241007,State 357 Noble Sorcerer|A.o.W|Es +7|
241008,State 357 Noble Sorcerer|A.o.W|Es +8|
241009,State 357 Noble Sorcerer|A.o.W|Es +9|
241010,State 357 Noble Sorcerer|A.o.W|Es +10|
242000,State 357 Vulgar Militia|A.o.W|Es|
242001,State 357 Vulgar Militia|A.o.W|Es +1|
242002,State 357 Vulgar Militia|A.o.W|Es +2|
242003,State 357 Vulgar Militia|A.o.W|Es +3|
242004,State 357 Vulgar Militia|A.o.W|Es +4|
242005,State 357 Vulgar Militia|A.o.W|Es +5|
242006,State 357 Vulgar Militia|A.o.W|Es +6|
242007,State 357 Vulgar Militia|A.o.W|Es +7|
242008,State 357 Vulgar Militia|A.o.W|Es +8|
242009,State 357 Vulgar Militia|A.o.W|Es +9|
242010,State 357 Vulgar Militia|A.o.W|Es +10|
243000,State 357 Mad Pumpkin Head|A.o.W|Es|
243001,State 357 Mad Pumpkin Head|A.o.W|Es +1|
243002,State 357 Mad Pumpkin Head|A.o.W|Es +2|
243003,State 357 Mad Pumpkin Head|A.o.W|Es +3|
243004,State 357 Mad Pumpkin Head|A.o.W|Es +4|
243005,State 357 Mad Pumpkin Head|A.o.W|Es +5|
243006,State 357 Mad Pumpkin Head|A.o.W|Es +6|
243007,State 357 Mad Pumpkin Head|A.o.W|Es +7|
243008,State 357 Mad Pumpkin Head|A.o.W|Es +8|
243009,State 357 Mad Pumpkin Head|A.o.W|Es +9|
243010,State 357 Mad Pumpkin Head|A.o.W|Es +10|
244000,State 357 And Squirt|A.o.W|Es|
244001,State 357 And Squirt|A.o.W|Es +1|
244002,State 357 And Squirt|A.o.W|Es +2|
244003,State 357 And Squirt|A.o.W|Es +3|
244004,State 357 And Squirt|A.o.W|Es +4|
244005,State 357 And Squirt|A.o.W|Es +5|
244006,State 357 And Squirt|A.o.W|Es +6|
244007,State 357 And Squirt|A.o.W|Es +7|
244008,State 357 And Squirt|A.o.W|Es +8|
244009,State 357 And Squirt|A.o.W|Es +9|
244010,State 357 And Squirt|A.o.W|Es +10|
245000,State 357 Miranda Sprout|A.o.W|Es|
245001,State 357 Miranda Sprout|A.o.W|Es +1|
245002,State 357 Miranda Sprout|A.o.W|Es +2|
245003,State 357 Miranda Sprout|A.o.W|Es +3|
245004,State 357 Miranda Sprout|A.o.W|Es +4|
245005,State 357 Miranda Sprout|A.o.W|Es +5|
245006,State 357 Miranda Sprout|A.o.W|Es +6|
245007,State 357 Miranda Sprout|A.o.W|Es +7|
245008,State 357 Miranda Sprout|A.o.W|Es +8|
245009,State 357 Miranda Sprout|A.o.W|Es +9|
245010,State 357 Miranda Sprout|A.o.W|Es +10|
246000,State 357 Oldjars Of Fortune|A.o.W|Es|
246001,State 357 Oldjars Of Fortune|A.o.W|Es +2|
246002,State 357 Oldjars Of Fortune|A.o.W|Es +2|
246003,State 357 Oldjars Of Fortune|A.o.W|Es +3|
246004,State 357 Oldjars Of Fortune|A.o.W|Es +4|
246005,State 357 Oldjars Of Fortune|A.o.W|Es +5|
246006,State 357 Oldjars Of Fortune|A.o.W|Es +6|
246007,State 357 Oldjars Of Fortune|A.o.W|Es +7|
246008,State 357 Oldjars Of Fortune|A.o.W|Es +8|
246009,State 357 Oldjars Of Fortune|A.o.W|Es +9|
246010,State 357 Oldjars Of Fortune|A.o.W|Es +10|
247000,State 357 Omenkiller Rollo|
247001,State 357 Omenkiller Rollo +1|
247002,State 357 Omenkiller Rollo +2|
247003,State 357 Omenkiller Rollo +3|
247004,State 357 Omenkiller Rollo +4|
247005,State 357 Omenkiller Rollo +5|
247006,State 357 Omenkiller Rollo +6|
247007,State 357 Omenkiller Rollo +7|
247008,State 357 Omenkiller Rollo +8|
247009,State 357 Omenkiller Rollo +9|
247010,State 357 Omenkiller Rollo +10|
248000,State 357 Gr|Shield Soldier|A.o.W|Es|
248001,State 357 Gr|Shield Soldier|A.o.W|Es +1|
248002,State 357 Gr|Shield Soldier|A.o.W|Es +2|
248003,State 357 Gr|Shield Soldier|A.o.W|Es +3|
248004,State 357 Gr|Shield Soldier|A.o.W|Es +4|
248005,State 357 Gr|Shield Soldier|A.o.W|Es +5|
248006,State 357 Gr|Shield Soldier|A.o.W|Es +6|
248007,State 357 Gr|Shield Soldier|A.o.W|Es +7|
248008,State 357 Gr|Shield Soldier|A.o.W|Es +8|
248009,State 357 Gr|Shield Soldier|A.o.W|Es +9|
248010,State 357 Gr|Shield Soldier|A.o.W|Es +10|
249000,State 357 Archer|A.o.W|Es|
249001,State 357 Archer|A.o.W|Es +1|
249002,State 357 Archer|A.o.W|Es +2|
249003,State 357 Archer|A.o.W|Es +3|
249004,State 357 Archer|A.o.W|Es +4|
249005,State 357 Archer|A.o.W|Es +5|
249006,State 357 Archer|A.o.W|Es +6|
249007,State 357 Archer|A.o.W|Es +7|
249008,State 357 Archer|A.o.W|Es +8|
249009,State 357 Archer|A.o.W|Es +9|
249010,State 357 Archer|A.o.W|Es +10|
250000,State 357 Godrick Soldier|A.o.W|Es|
250001,State 357 Godrick Soldier|A.o.W|Es +1|
250002,State 357 Godrick Soldier|A.o.W|Es +2|
250003,State 357 Godrick Soldier|A.o.W|Es +4|
250004,State 357 Godrick Soldier|A.o.W|Es +5|
250005,State 357 Godrick Soldier|A.o.W|Es +5|
250006,State 357 Godrick Soldier|A.o.W|Es +6|
250007,State 357 Godrick Soldier|A.o.W|Es +7|
250008,State 357 Godrick Soldier|A.o.W|Es +8|
250009,State 357 Godrick Soldier|A.o.W|Es +9|
250010,State 357 Godrick Soldier|A.o.W|Es +10|
251000,State 357 Raya Lucaria Soldier|A.o.W|Es|
251001,State 357 Raya Lucaria Soldier|A.o.W|Es +1|
251002,State 357 Raya Lucaria Soldier|A.o.W|Es +2|
251003,State 357 Raya Lucaria Soldier|A.o.W|Es +3|
251004,State 357 Raya Lucaria Soldier|A.o.W|Es +5|
251005,State 357 Raya Lucaria Soldier|A.o.W|Es +5|
251006,State 357 Raya Lucaria Soldier|A.o.W|Es +6|
251007,State 357 Raya Lucaria Soldier|A.o.W|Es +7|
251008,State 357 Raya Lucaria Soldier|A.o.W|Es +8|
251009,State 357 Raya Lucaria Soldier|A.o.W|Es +9|
251010,State 357 Raya Lucaria Soldier|A.o.W|Es +10|
252000,State 357 Eyndell Soldier|A.o.W|Es|
252001,State 357 Eyndell Soldier|A.o.W|Es +1|
252002,State 357 Eyndell Soldier|A.o.W|Es +2|
252003,State 357 Eyndell Soldier|A.o.W|Es +3|
252004,State 357 Eyndell Soldier|A.o.W|Es +4|
252005,State 357 Eyndell Soldier|A.o.W|Es +5|
252006,State 357 Eyndell Soldier|A.o.W|Es +6|
252007,State 357 Eyndell Soldier|A.o.W|Es +7|
252008,State 357 Eyndell Soldier|A.o.W|Es +8|
252009,State 357 Eyndell Soldier|A.o.W|Es +9|
252010,State 357 Eyndell Soldier|A.o.W|Es +10|
253000,State 357 Radahn Soldier|A.o.W|Es|
253001,State 357 Radahn Soldier|A.o.W|Es +1|
253002,State 357 Radahn Soldier|A.o.W|Es +2|
253003,State 357 Radahn Soldier|A.o.W|Es +3|
253004,State 357 Radahn Soldier|A.o.W|Es +4|
253005,State 357 Radahn Soldier|A.o.W|Es +5|
253006,State 357 Radahn Soldier|A.o.W|Es +6|
253007,State 357 Radahn Soldier|A.o.W|Es +7|
253008,State 357 Radahn Soldier|A.o.W|Es +8|
253009,State 357 Radahn Soldier|A.o.W|Es +9|
253010,State 357 Radahn Soldier|A.o.W|Es +10|
254000,State 357 Mausoleum Soldier|A.o.W|Es|
254001,State 357 Mausoleum Soldier|A.o.W|Es +1|
254002,State 357 Mausoleum Soldier|A.o.W|Es +2|
254003,State 357 Mausoleum Soldier|A.o.W|Es +3|
254004,State 357 Mausoleum Soldier|A.o.W|Es +4|
254005,State 357 Mausoleum Soldier|A.o.W|Es +5|
254006,State 357 Mausoleum Soldier|A.o.W|Es +6|
254007,State 357 Mausoleum Soldier|A.o.W|Es +7|
254008,State 357 Mausoleum Soldier|A.o.W|Es +8|
254009,State 357 Mausoleum Soldier|A.o.W|Es +9|
254010,State 357 Mausoleum Soldier|A.o.W|Es +10|
255000,State 357 Haligtree Soldier|A.o.W|Es|
255001,State 357 Haligtree Soldier|A.o.W|Es +1|
255002,State 357 Haligtree Soldier|A.o.W|Es +2|
255003,State 357 Haligtree Soldier|A.o.W|Es +3|
255004,State 357 Haligtree Soldier|A.o.W|Es +4|
255005,State 357 Haligtree Soldier|A.o.W|Es +5|
255006,State 357 Haligtree Soldier|A.o.W|Es +6|
255007,State 357 Haligtree Soldier|A.o.W|Es +7|
255008,State 357 Haligtree Soldier|A.o.W|Es +8|
255009,State 357 Haligtree Soldier|A.o.W|Es +9|
255010,State 357 Haligtree Soldier|A.o.W|Es +10|
256000,State 357 Ancient Dragon Knight Kristoff|
256001,State 357 Ancient Dragon Knight Kristoff +1|
256002,State 357 Ancient Dragon Knight Kristoff +2|
256003,State 357 Ancient Dragon Knight Kristoff +3|
256004,State 357 Ancient Dragon Knight Kristoff +4|
256005,State 357 Ancient Dragon Knight Kristoff +5|
256006,State 357 Ancient Dragon Knight Kristoff +6|
256007,State 357 Ancient Dragon Knight Kristoff +7|
256008,State 357 Ancient Dragon Knight Kristoff +8|
256009,State 357 Ancient Dragon Knight Kristoff +9|
256010,State 357 Ancient Dragon Knight Kristoff +10|
257000,State 357 Redmane Knight Ogha|
257001,State 357 Redmane Knight Ogha +1|
257002,State 357 Redmane Knight Ogha +2|
257003,State 357 Redmane Knight Ogha +3|
257004,State 357 Redmane Knight Ogha +4|
257005,State 357 Redmane Knight Ogha +5|
257006,State 357 Redmane Knight Ogha +6|
257007,State 357 Redmane Knight Ogha +7|
257008,State 357 Redmane Knight Ogha +8|
257009,State 357 Redmane Knight Ogha +9|
257010,State 357 Redmane Knight Ogha +10|
258000,State 357 Hutel The Headless|
258001,State 357 Hutel The Headless +1|
258002,State 357 Hutel The Headless +2|
258003,State 357 Hutel The Headless +3|
258004,State 357 Hutel The Headless +4|
258005,State 357 Hutel The Headless +5|
258006,State 357 Hutel The Headless +6|
258007,State 357 Hutel The Headless +7|
258008,State 357 Hutel The Headless +8|
258009,State 357 Hutel The Headless +9|
258010,State 357 Hutel The Headless +10|
259000,State 357 Nepheli Loux Puppet|
259001,State 357 Nepheli Loux Puppet +1|
259002,State 357 Nepheli Loux Puppet +2|
259003,State 357 Nepheli Loux Puppet +3|
259004,State 357 Nepheli Loux Puppet +4|
259005,State 357 Nepheli Loux Puppet +5|
259006,State 357 Nepheli Loux Puppet +6|
259007,State 357 Nepheli Loux Puppet +7|
259008,State 357 Nepheli Loux Puppet +8|
259009,State 357 Nepheli Loux Puppet +9|
259010,State 357 Nepheli Loux Puppet +10|
260000,State 357 Dung Eater Puppet|
260001,State 357 Dung Eater Puppet +1|
260002,State 357 Dung Eater Puppet +2|
260003,State 357 Dung Eater Puppet +3|
260004,State 357 Dung Eater Puppet +4|
260005,State 357 Dung Eater Puppet +5|
260006,State 357 Dung Eater Puppet +6|
260007,State 357 Dung Eater Puppet +7|
260008,State 357 Dung Eater Puppet +8|
260009,State 357 Dung Eater Puppet +9|
260010,State 357 Dung Eater Puppet +10|
261000,State 357 Inger Maiden Therolina Puppet|
261001,State 357 Inger Maiden Therolina Puppet +1|
261002,State 357 Inger Maiden Therolina Puppet +2|
261003,State 357 Inger Maiden Therolina Puppet +3|
261004,State 357 Inger Maiden Therolina Puppet +4|
261005,State 357 Inger Maiden Therolina Puppet +5|
261006,State 357 Inger Maiden Therolina Puppet +6|
261007,State 357 Inger Maiden Therolina Puppet +7|
261008,State 357 Inger Maiden Therolina Puppet +8|
261009,State 357 Inger Maiden Therolina Puppet +9|
261010,State 357 Inger Maiden Therolina Puppet +10|
262000,State 357 Dolores The Sleeping Arrow Puppet|
262001,State 357 Dolores The Sleeping Arrow Puppet +1|
262002,State 357 Dolores The Sleeping Arrow Puppet +2|
262003,State 357 Dolores The Sleeping Arrow Puppet +3|
262004,State 357 Dolores The Sleeping Arrow Puppet +4|
262005,State 357 Dolores The Sleeping Arrow Puppet +5|
262006,State 357 Dolores The Sleeping Arrow Puppet +6|
262007,State 357 Dolores The Sleeping Arrow Puppet +7|
262008,State 357 Dolores The Sleeping Arrow Puppet +8|
262009,State 357 Dolores The Sleeping Arrow Puppet +9|
262010,State 357 Dolores The Sleeping Arrow Puppet +10|
263000,State 357 Arwight Puppet|
263001,State 357 Arwight Puppet +1|
263002,State 357 Arwight Puppet +2|
263003,State 357 Arwight Puppet +3|
263004,State 357 Arwight Puppet +4|
263005,State 357 Arwight Puppet +5|
263006,State 357 Arwight Puppet +6|
263007,State 357 Arwight Puppet +7|
263008,State 357 Arwight Puppet +8|
263009,State 357 Arwight Puppet +9|
263010,State 357 Arwight Puppet +10|
290000,Spirit Summon Default|Adjust +0|
290001,Spirit Summon Default|Adjust +1|
290002,Spirit Summon Default|Adjust +2|
290003,Spirit Summon Default|Adjust +3|
290004,Spirit Summon Default|Adjust +4|
290005,Spirit Summon Default|Adjust +5|
290006,Spirit Summon Default|Adjust +6|
290007,Spirit Summon Default|Adjust +7|
290008,Spirit Summon Default|Adjust +8|
290009,Spirit Summon Default|Adjust +9|
290010,Spirit Summon Default|Adjust +10|
290050,Spirit Summon Puppet|Adjust +0|
290051,Spirit Summon Puppet|Adjust +1|
290052,Spirit Summon Puppet|Adjust +2|
290053,Spirit Summon Puppet|Adjust +3|
290054,Spirit Summon Puppet|Adjust +4|
290055,Spirit Summon Puppet|Adjust +5|
290056,Spirit Summon Puppet|Adjust +6|
290057,Spirit Summon Puppet|Adjust +7|
290058,Spirit Summon Puppet|Adjust +8|
290059,Spirit Summon Puppet|Adjust +9|
290060,Spirit Summon Puppet|Adjust +10|
290100,Spirit Summon Fing Maid Puppet|Adjust +0|
290101,Spirit Summon Fing Maid Puppet|Adjust +1|
290102,Spirit Summon Fing Maid Puppet|Adjust +2|
290103,Spirit Summon Fing Maid Puppet|Adjust +3|
290104,Spirit Summon Fing Maid Puppet|Adjust +4|
290105,Spirit Summon Fing Maid Puppet|Adjust +5|
290106,Spirit Summon Fing Maid Puppet|Adjust +6|
290107,Spirit Summon Fing Maid Puppet|Adjust +7|
290108,Spirit Summon Fing Maid Puppet|Adjust +8|
290109,Spirit Summon Fing Maid Puppet|Adjust +9|
290110,Spirit Summon Fing Maid Puppet|Adjust +10|
290150,Spirit Summon Jarwr⬝H Puppet|Adjust +0|
290151,Spirit Summon Jarwr⬝H Puppet|Adjust +1|
290152,Spirit Summon Jarwr⬝H Puppet|Adjust +2|
290153,Spirit Summon Jarwr⬝H Puppet|Adjust +3|
290154,Spirit Summon Jarwr⬝H Puppet|Adjust +4|
290155,Spirit Summon Jarwr⬝H Puppet|Adjust +5|
290156,Spirit Summon Jarwr⬝H Puppet|Adjust +6|
290157,Spirit Summon Jarwr⬝H Puppet|Adjust +7|
290158,Spirit Summon Jarwr⬝H Puppet|Adjust +8|
290159,Spirit Summon Jarwr⬝H Puppet|Adjust +9|
290160,Spirit Summon Jarwr⬝H Puppet|Adjust +10|
290200,Spirit Summon Mimic Tear|Adjust +0|
290201,Spirit Summon Mimic Tear|Adjust +1|
290202,Spirit Summon Mimic Tear|Adjust +2|
290203,Spirit Summon Mimic Tear|Adjust +3|
290204,Spirit Summon Mimic Tear|Adjust +4|
290205,Spirit Summon Mimic Tear|Adjust +5|
290206,Spirit Summon Mimic Tear|Adjust +6|
290207,Spirit Summon Mimic Tear|Adjust +7|
290208,Spirit Summon Mimic Tear|Adjust +8|
290209,Spirit Summon Mimic Tear|Adjust +9|
290210,Spirit Summon Mimic Tear|Adjust +10|
295000,State Info Id 432 Change Land Snd|Vfx Id 57000|
295010,Vfx 5022|
295100,Nextspeffect Id|295110|
295101,Nextspeffect Id|295111|
295102,Nextspeffect Id|295112|
295103,Nextspeffect Id|295113|
295110,Nextspeffect Id|295120|
295111,Nextspeffect Id|295121|
295112,Nextspeffect Id|295122|
295113,Nextspeffect Id|295123|
295120,Nextspeffect Id|295130|Vfx Id 57010|
295121,Nextspeffect Id|295130|Vfx Id 57011|
295122,Nextspeffect Id|295130|Vfx Id 57012|
295123,Nextspeffect Id|295130|Vfx Id 57013|
295130,Nextspeffect Id|295131|Vfx Id 57030|
295131,Nextspeffect Id|295132|Vfx Id 57031|
295132,Nextspeffect Id|295133|Vfx Id 57032|
295133,Nextspeffect Id|295134|Vfx Id 57033|
295134,Nextspeffect Id|295135|Vfx Id 57034|
295135,Nextspeffect Id|295136|Vfx Id 57035|
295136,Nextspeffect Id|295137|Vfx Id 57036|
295137,Nextspeffect Id|295138|Vfx Id 57037|
295138,Nextspeffect Id|295139|Vfx Id 57038|
295139,Nextspeffect Id|295190|Vfx Id 57039|
295190,Nextspeffect Id|295132|Vfx Id 57050|
295200,Stateinfo 432 Change Land Snd|Vfx Id 57100|
295201,Vfx Id 57101|
295202,Vfx Id 57102|
295203,Vfx Id 57103|
295204,Vfx Id 57104|
295210,Next Sp Effect Id 295220|
295211,Next Sp Effect Id 295221|
295212,Next Sp Effect Id 295222|
295213,Next Sp Effect Id 295223|
295220,Next Sp Effect Id 295230|
295221,Next Sp Effect Id 295231|
295222,Next Sp Effect Id 295232|
295223,Next Sp Effect Id 295233|
295230,Next Sp Effect Id 295130|Vfx Id 57110|
295231,Next Sp Effect Id 295130|Vfx Id 57111|
295232,Next Sp Effect Id 295130|Vfx Id 57112|
295233,Next Sp Effect Id 295130|Vfx Id 57113|
295900,Next Sp Effect Id 295901|
295901,Next Sp Effect Id 295902|
295902,Vfx Id 57900|
295910,Next Sp Effect Id 13665|
296000,Spirit Sum 0.5% Dam Absorp|
296010,Spirit Sum 1% Dam Absorp|
296011,Spirit Sum 1% Dam Absorp|
296106,Spirit Sum 1% Dam Absorp + 0.1% Dam|
296110,Spirit Sum 1% Dam Absorp + 0.25% Dam|
296117,Spirit Sum 1% Dam Absorp|0.25% Dam|
296122,Spirit Sum 1% Dam Absorp|0.30% Dam|
296156,Spirit Sum 1% Dam Absorp + 0.75% Dam|
296159,Spirit Sum 1% Dam Absorp + 0.25% Dam|
297000,Spirit Sum 1% Dam Absorp|
297100,Nothing Value Wise And |Not Hks|
297101,Nothing Value Wise And |Not Hks|
297102,Nothing Value Wise And |Not Hks|
297103,Nothing Value Wise And |Not Hks|
297200,Nothing Value Wise And |Not Hks|
297800,Nothing Value Wise And |Not Hks|
297810,Nothing Value Wise And |Not Hks|
297811,Nothing Value Wise And |Not Hks|
298000,:|
298010,:|
298011,:|
310000,Id|1000|Crimson Amber Medal +0|
310010,Id|1001|Crimson Amber Medal +1|
310020,Id|1002|Crimson Amber Medal +2|
310100,Id|1010|Cerulean Amber Medal +0|
310110,Id|1011|Cerulean Amber Medal +1|
310120,Id|1012|Cerulean Amber Medal +2|
310200,Id|1020|Viridian Amber Medal +0|
310210,Id|1021|Viridian Amber Medal +1|
310220,Id|1022|Viridian Amber Medal +2|
310300,Id|1030|Arsenal Charm +0|
310310,Id|1031|Arsenal Charm +1|
310320,Id|1032|Great|Jar Arsenal +2|
310400,Id|1040|Erdtree Favor +0|
310401,Id|1040|Erdtree Favor +0|
310402,Id|1040|Erdtree Favor +0|
310410,Id|1041|Erdtree Favor +1|
310411,Id|1042|Erdtree Favor +1|
310412,Id|1042|Erdtree Favor +1|
310420,Id|1042|Erdtree Favor +2|
310421,Id|1042|Erdtree Favor +2|
310422,Id|1042|Erdtree Favor +2|
310500,Id|1050|Radagon Scarseal +0|
310510,Id|1051|Radagon Soreseal +1|
310600,Id|1060|Starscourge Heirloom|
310700,Id|1070|Prosthesis|Wearer Heirloom|
310800,Id|1080|Stargazer Heirloom|
310900,Id|1090|Two Fingers Heirloom|
311000,Id|1100|Silver Scarab|
311100,Id|1110|Gold Scarab|
311400,Id|1140|Moon Of Nokstella|
311500,Id|1150|Green Turtle Talisman|
311600,Id|1160|Stalwart Horn Charm +0|
311610,Id|1161|Stalwart Horn Charm +1|
311700,Id|1170|Immunizing Horn Charm +0|
311710,Id|1171|Immunizing Horn Charm +1|
311800,Id|1180|Clarifying Horn Charm +0|
311810,Id|1181|Clarifying Horn Charm +1|
311900,Id|1190|Prince Of Death Pustule|
311910,Id|1191|Prince Of Death Cyst|
312000,Id|1200|Mottled Necklace +0|
312010,Id|1201|Mottled Necklace +1|
312100,Id|1210|Bull|Goat Talisman|
312200,Id|1220|Marika Scarseal +0|
312210,Id|1221|Marika Soreseal +1|
312300,Id|1230|Warrior Jar Shard|
312310,Id|1231|Shard Of Alexander|
312500,Id|1250|Millicent Prosthesis 0|
312501,Id|1250|Millicent Prosthesis 0|
312502,Id|1250|Millicent Prosthesis 0|
312503,Id|1250|Millicent Prosthesis 1|
312504,Id|1250|Millicent Prosthesis 1|
312505,Id|1250|Millicent Prosthesis 1|
312506,Id|1250|Millicent Prosthesis 2|
312507,Id|1250|Millicent Prosthesis 2|
312508,Id|1250|Millicent Prosthesis 2|
320000,Id|2000|Magic Scorpion Charm|
320100,Id|2010|Lightning Scorpion Charm|
320200,Id|2020|Fire Scorpion Charm|
320300,Id|2030|Sacred Scorpion Charm|
320400,Id|2040|Red|Feathered Branchsword|
320500,Id|2050|Ritual Sword Talisman|
320600,Id|2060|Spear Talisman|
320700,Id|2070|Hammer Talisman|
320800,Id|2080|Winged Sword Insignia 1|
320801,Id|2080|Winged Sword Insignia 2|
320802,Id|2080|Winged Sword Insignia 3|
320803,Id|2080|Winged Sword Insignia 4|
320804,Id|2080|Winged Sword Insignia 5|
320805,Id|2080|Winged Sword Insignia 6|
320806,Id|2080|Winged Sword Insignia 7|
320807,Id|2080|Winged Sword Insignia 8|
320810,Id|2081|Rotten Winged Sword Insignia 1|
320811,Id|2081|Rotten Winged Sword Insignia 2|
320812,Id|2081|Rotten Winged Sword Insignia 3|
320813,Id|2081|Rotten Winged Sword Insignia 4|
320814,Id|2081|Rotten Winged Sword Insignia 5|
320815,Id|2081|Rotten Winged Sword Insignia 6|
320816,Id|2081|Rotten Winged Sword Insignia 7|
320817,Id|2081|Rotten Winged Sword Insignia 8|
320900,Id|2090|Dagger Talisman|
321000,Id|2100|Arrow Reach Talisman|
321100,Id|2110|Blue Dancer Charm|
321200,Id|2120|Twinblade Talisman|
321300,Id|2130|Axe Talisman|
321400,Id|2140|Lance Talisman|
321500,Id|2150|Arrow Sting Talisman|
321600,Id|2160|Lord Of Blood Exultation +0|
321601,Id|2160|Lord Of Blood Exultation +1|
321700,Id|2170|Kindred Of Rot Exultation +0|
321701,Id|2170|Kindred Of Rot Exultation +1|
321800,Id|2180|Claw Talisman|
321900,Id|2190|Roar Medal +0|
321901,Id|2190|Roar Medal +1|
322000,Id|2200|Curved Sword Talisman|
322100,Id|2210|Companion Jar|
322200,Id|2220|Perfumer Talisman|
330000,Id|3000|Graven|School Talisman +0|
330010,Id|3001|Graven|Mass Talisman +1|
330400,Id|3040|Faithful Canvas Talisman|
330500,Id|3050|Flock Canvas Talisman|
330600,Id|3060|Old Lord Talisman|
330700,Id|3070|Radagons Icon|
330800,Id|3080|Primal Glintstone Blade +0|
330801,Id|3080|Primal Glintstone Blade +1|
330900,Id|3090|Godfrey Icon|
340000,Id|4000|Dragon Crest Shield Talisman +0|
340010,Id|4001|Dragon Crest Shield Talisman +1|
340020,Id|4002|Dragon Crest Shield Talisman +2|
340030,Id|4003|Dragon Crest Greatshield Talisman +3|
340100,Id|4010|Spell Drake Talisman +0|
340110,Id|4011|Spell Drake Talisman +1|
340120,Id|4012|Spell Drake Talisman +2|
340200,Id|4020|Flame Drake Talisman +0|
340210,Id|4021|Flame Drake Talisman +1|
340220,Id|4022|Flame Drake Talisman +2|
340300,Id|4030|Bolt Drake Talisman +0|
340310,Id|4031|Bolt Drake Talisman +1|
340320,Id|4032|Bolt Drake Talisman +2|
340400,Id|4040|Halig Drake Talisman +0|
340410,Id|4041|Halig Drake Talisman +1|
340420,Id|4042|Halig Drake Talisman +2|
340500,Id|4050|Pearldrake Talisman +0|
340510,Id|4051|Pearldrake Talisman +1|
340520,Id|4052|Pearldrake Talisman +2|
340600,Id|4060|Crucible Scale Talisman|
340700,Id|4070|Crucible Feather Talisman +0|
340701,Id|4070|Crucible Feather Talisman +1|
340800,Id|4080|Blue|Feathered Branchsword|
340900,Id|4090|Ritual Shield Talisman|
341000,Id|4100|Greatshield Talisman|
341100,Id|4110|Crucible Knot Talisman|
350000,Id|5000|Crimson Seed Talisman|
350100,Id|5010|Cerulean Seed Talisman|
350200,Id|5020|Blessed Dew Talisman|
350300,Id|5030|Taker Cameo +0|
350301,Id|5030|Taker Cameo +1|
350400,Id|5040|Godskin Swaddling Cloth +0|
350401,Id|5040|Godskin Swaddling Cloth +1|
350500,Id|5050|Assassin Crimson Dagger +0|
350501,Id|5050|Assassin Crimson Dagger +1|
350502,Id|5050|Assassin Crimson Dagger +2|
350600,Id|5060|Assassin Cerulean Dagger +0|
350601,Id|5060|Assassin Cerulean Dagger +1|
350602,Id|5060|Assassin Cerulean Dagger +2|
360000,Id|6000|Crepus Vial|
360100,Id|6010|Concealing Veil|
360200,Id|6020|Carian Filigreed Crest|
360400,Id|6040|Longtail Cat Talisman|
360500,Id|6050|Shabriri Woe|
360600,Id|6060|Daedicar Woe|
360700,Id|6070|Sacrificial Twig|
360800,Id|6080|Furled Finger Trick|Mirror|
360900,Id|6090|Host Trick|Mirror|
361000,Id|6100|Entwining Umbilical Cord|
361100,Id|6110|Ancestral Spirits Horn +0|
361101,Id|6110|Ancestral Spirits Horn Kill +1|
500030,
500040,
500041,
500042,
500043,
500044,
500045,
500135,Phantom Great Rune|
500136,Phantom Great Rune|Kill|
500137,Phantom Great Rune|
500138,Phantom Great Rune|Cycle|
500139,Phantom Great Rune|
500140,Goods 135:Phantom Great Rune
500351,Sacred Order Pot|
500360,Frost Pot|
500370,Poison Pot|
500430,Roped Fetid Pot|
500431,Roped Fetid Pot|Self|
500440,Roped Poison Pot|
500470,Roped Fly Pot|
500480,Roped Frost Pot|
500510,Roped Holy Water Pot|
500610,Albinauric Pot|
500640,Sleep Pot|
500670,Rot Pot|
500810,Rowa Raisin|
500811,Sweet Raisin|
500812,Frozen Raisin|
500820,Boiled Crab|
500830,Boiled Prawn|
501000,Flask Of Crimson Tears|
501001,Flask Of Crimson Tears +1|
501002,Flask Of Crimson Tears +2|
501003,Flask Of Crimson Tears +3|
501004,Flask Of Crimson Tears +4|
501005,Flask Of Crimson Tears +5|
501006,Flask Of Crimson Tears +6|
501007,Flask Of Crimson Tears +7|
501008,Flask Of Crimson Tears +8|
501009,Flask Of Crimson Tears +9|
501010,Flask Of Crimson Tears +10|
501011,Flask Of Crimson Tears +11|
501012,Flask Of Crimson Tears +12|
501025,Flask Of Crimson Tears|Chain|
501026,Flask Of Crimson Tears +1|Chain|
501027,Flask Of Crimson Tears +2|Chain|
501028,Flask Of Crimson Tears +3|Chain|
501029,Flask Of Crimson Tears +4|Chain|
501030,Flask Of Crimson Tears +5|Chain|
501031,Flask Of Crimson Tears +6|Chain|
501032,Flask Of Crimson Tears +7|Chain|
501033,Flask Of Crimson Tears +8|Chain|
501034,Flask Of Crimson Tears +9|Chain|
501035,Flask Of Crimson Tears +10|Chain|
501036,Flask Of Crimson Tears +11|Chain|
501037,Flask Of Crimson Tears +12|Chain|
501050,Flask Of Cerulean Tears +0|
501051,Flask Of Cerulean Tears +1|
501052,Flask Of Cerulean Tears +2|
501053,Flask Of Cerulean Tears +3|
501054,Flask Of Cerulean Tears +4|
501055,Flask Of Cerulean Tears +5|
501056,Flask Of Cerulean Tears +6|
501057,Flask Of Cerulean Tears +7|
501058,Flask Of Cerulean Tears +8|
501059,Flask Of Cerulean Tears +9|
501060,Flask Of Cerulean Tears +10|
501061,Flask Of Cerulean Tears +11|
501062,Flask Of Cerulean Tears +12|
501075,Flask Of Crimson Tears +0|Friendly Heal|
501076,Flask Of Crimson Tears +1|Friendly Heal|
501077,Flask Of Crimson Tears +2|Friendly Heal|
501078,Flask Of Crimson Tears +3|Friendly Heal|
501079,Flask Of Crimson Tears +4|Friendly Heal|
501080,Flask Of Crimson Tears +5|Friendly Heal|
501081,Flask Of Crimson Tears +6|Friendly Heal|
501082,Flask Of Crimson Tears +7|Friendly Heal|
501083,Flask Of Crimson Tears +8|Friendly Heal|
501084,Flask Of Crimson Tears +9|Friendly Heal|
501085,Flask Of Crimson Tears +10|Friendly Heal|
501086,Flask Of Crimson Tears +11|Friendly Heal|
501087,Flask Of Crimson Tears +12|Friendly Heal|
501180,Goods 1180:Holyproof Dried Liver
501220,Deathsbane Jerky|
501235,Raw Meat Dumpling|
501236,Raw Meat Dumpling|Chain|
501290,Starlight Shards|
501310,Immunizing White Cured Meat|
501320,Invigorating White Cured Meat|
501330,Clarifying White Cured Meat|
501340,Dappled White Cured Meat|
501350,Deathsbane White Jerky|
501690,Shield Grease|R⬝H|
501691,Shield Grease|L⬝Hand|
501692,Shield Grease|Cycle|
501720,Poisonbone Dart|
501840,Poisoned Stone|
501841,Poisoned Stone Clump|
502080,:|
502100,Goods 2100:Soft Cotton
502101,
502102,Goods 2100:Soft Cotton
502120,Soft Cotton|
502121,Soap|Chain|
502122,Soap|
502160,Pureblood Knights Medal|Chain|
502161,Pureblood Knights Medal|
502190,Miquellas Needle|
502191,Mimics Veil|
503040,State 95 Chameleon|Player Invis.|Item Triggers|Bullet Id 10304000|And Delivers This Effect Id|
503041,Mimic Veil|Goods Use Anim 52|
503045,Object Is Spawned Over Invisible Player Completing Mimic Veil|
503311,Frenzyflame Stone|Madness|
503312,Frenzyflame Stone|Heal Condition|
503313,Frenzyflame Stone|
503314,Frenzyflame Stone|Bullet|
503315,Scriptstone|
503316,Scriptstone|Cycle|
503317,Bewitching Branch|
503320,Baldachins Blessing|
503321,Baldachins Blessing|Cycle|
503350,Radiant Baldachins Blessing|
503355,Radiant Baldachins Blessing|Cycle|
503356,Uplifting Aromatic|
503359,Uplifting Aromatic|
503360,Ironjar Aromatic|
503361,Ironjar Aromatic|Cycle|
503362,Ironjar Aromatic|Cycle|
503500,Ironjar Aromatic|Cycle|
503501,Ironjar Aromatic|
503520,Poison Spraymist|
503521,Acid Spraymist|
503522,Crimsonburst Crystal Tear|
503523,Greenburst Crystal Tear|
503529,Opaline Hardtear|
503550,Winged Crystal Tear|
503551,Spiked Cracked Tear|
503552,Windy Crystal Tear|
503559,Windy Crystal Tear|Cycle|
503580,Twiggy Cracked Tear|
503610,Stonebarb Cracked Tear|
511009,CrimsonBurst Crystal Tear|State 50 Hp_Fp_Sp|Recover 7 HP/Sec|180 Sec|
511010,GreenBurst Crystal Tear|+15 To Sp Recovery Speed|Vfx ID 5850|
511011,Opaline Hard Tear|
511012,Lightning|Shrouding Cracked Tear|
511014,Holy|Shrouding Cracked Tear|
511015,State 290 Extend Roll Invincibility|-15% To All Dam Types |180 Secs|
511016,Buff Canceled Early|Return To Normal|
511019,Cerulean Hidden Tear|Cycle|
511025,Ruptured Crystal Tear|
511026,Ruptured Crystal Tear|Cycle|
511027,Ruptured Crystal Tear|Chain|
511028,Ruptured Crystal Tear|Chain|
511029,Ruptured Crystal Tear|Chain|
511030,Ruptured Crystal Tear|Chain|
511031,Ruptured Crystal Tear|Chain|
511060,Ruptured Crystal Tear|Chain|
511061,Ruptured Crystal Tear|
511062,Ruptured Crystal Tear|Chain|
511070,Ruptured Crystal Tear|Chain|
511071,Ruptured Crystal Tear|Chain|
511072,Goods 11016:Ruptured Crystal Tear
511073,Goods 11016:Ruptured Crystal Tear
511074,Goods 11016:Ruptured Crystal Tear
511075,Goods 11016:Ruptured Crystal Tear
511076,Goods 11016:Ruptured Crystal Tear
511077,Goods 11016:Ruptured Crystal Tear
511078,Goods 11017:Ruptured Crystal Tear
511079,Goods 11017:Ruptured Crystal Tear
511080,Goods 11017:Ruptured Crystal Tear
511081,Goods 11017:Ruptured Crystal Tear
511085,
511086,
511087,
511088,
530001,
530002,
530003,
530004,
530005,
530006,
530007,
530008,
530009,
530010,
530011,"Hks c0000|Goods Stamina Cost|Throwing Knife, Wraith Calling Bell|"
530012,Hks c0000|Goods Stamina Cost|Pots|Kukri|Ruinfragment|Poisonstone/Clump|Explostone/Clump|Glintscrap/Largescra|/Cuck|Oo
530013,
530014,
530015,
530016,
530017,
530018,
530019,
530020,
530021,
530022,
530023,
530024,Omen Bairn And Regal Omen Bairn|Item Is Used|
530025,
530026,
530027,
530028,
530029,
530030,
1413000,Sor Terra Magicus|
1414000,Sor Starlight|
1436000,Sor Rennalas Full Moon|
1436100,Sor Rannis Dark Moon|
1436101,Sor Rannis Dark Moon|
1440000,Sor Glintstone Icecrag|
1441000,Sor Zamor Ice Storm|
1442000,Sor Frost Mist|
1443100,Sor Adulas Moonblade|
1443101,Sor Adulas Moonblade|
1446000,Sor Scholars Armament|
1447000,Sor Scholars Shield|
1447001,Sor Scholars Shield Cycle|
1448000,Sor Lucidity|
1448001,Sor Lucidity|
1448002,Sor Lucidity|
1448003,Sor Lucidity|
1449000,Sor Frost Armament|
1449001,Sor Frost Armament|
1464000,Sor Unseen Blade|
1464010,Sor Unseen Form|
1464020,Sor Unseen Form|
1466000,Sor Unseen Form|
1467000,Sor Unseen Form|
1467001,Sor Unseen Form|
1467002,Sor Unseen Form|
1467005,Sor Unseen Form|
1467006,Sor Unseen Form|
1490000,Sor Part 1 Blood Effect|
1490001,Sor Part 2 Blood Effect|
1490010,Sor Part 3 Blood Effect|
1490090,Sor Briars Of Punishment|
1490091,Sor Briars Of Punishment|
1491000,Sor Briars Of Punishment|
1491001,Sor Briars Of Punishment|
1491010,Sor Briars Of Punishment|
1491090,Sor Explosive Ghostflame|
1491091,Sor Explosive Ghostflame|
1501000,Sor Explosive Ghostflame|
1501001,Sor Explosive Ghostflame|
1502000,Sor Fia Mist|
1504000,Sor Death Lightning|
1504001,Sor Death Lightning|
1604000,Inc Flame Clean Me|
1604001,Inc Flame Clean Me|
1604002,Inc Flame Clean Me|
1604003,Inc Flame Clean Me|
1604004,Inc Flame Clean Me|
1604005,Inc Flame Clean Me|
1605000,Inc Flame Grant Me Str|
1605001,Inc Flame Grant Me Str|
1605002,Inc Flame Grant Me Str|
1606000,Inc Flame Protect Me|
1621000,Inc Black Flame|
1623000,Inc Scouring Black Flame|
1624000,Inc Noble Presence|
1624010,Inc Noble Presence|
1625000,Inc Black Flame Ritual|
1626000,Inc Black Flame Blade|
1626001,Inc Black Flame Bladeatk|
1627000,Inc Black Flames Protection|
1627001,Inc Black Flames Protection|
1630000,Inc Bloodflame Talons|
1630001,Inc Bloodflame Talonscycle|
1631000,Inc Bloodboon|
1631001,Inc Bloodbooncycle|
1632000,Inc Bloodflame Blade|
1632001,Inc Bloodflame Bladeatk|
1632002,Inc Bloodflame Bladecycle|
1633000,Inc Barrier Of Gold|
1634000,Inc Protection Of The Erdtree|
1640000,Inc Rejection|
1641000,Inc Wrath Of Gold|
1642000,Inc Urgent Heal|
1642001,Inc Urgent Heal|
1642100,Inc Heal|
1642101,Inc Heal|
1642200,Inc Gr| Heal|
1642201,Inc Gr| Heal|
1642300,Inc Lords Heal|
1642301,Inc Lords Heal|
1642400,Inc Erdtree Heal|
1642401,Inc Erdtree Heal|
1643000,Inc Blessings Boon|
1643001,Inc Blessings Boon|
1643100,Inc Blessing Of The Erdtree|
1643101,Inc Blessing Of The Erdtree|
1644000,Inc Cure Poison|
1644001,Inc Cure Poison|
1644100,Inc Lords Aid|
1644101,Inc Lords Aid|
1644102,Inc Lords Aid|
1644103,Inc Lords Aid|
1644104,Inc Lords Aid|
1644105,Inc Lords Aid|
1644110,Inc Lords Aid|
1644111,Inc Lords Aid|
1644112,Inc Lords Aid|
1644113,Inc Lords Aid|
1644114,Inc Lords Aid|
1644115,Inc Lords Aid|
1645000,Inc Flame Fort|
1646000,Inc Magic Fort|
1647000,Inc Lightning Fort|
1648000,Inc Divine Fort|
1649000,Inc Lords Divine Fort|
1650000,Inc Night Maidens Mist|
1651000,Inc Assassins Approach|
1651001,Inc Assassins Approach Cycle|
1651002,Inc Assassins Approach|
1653000,Inc Darkness|
1653001,Inc Darkness Chain|
1660000,Inc Golden Vow|
1660001,Inc Golden Vow Cycle|
1660002,Inc Golden Vow|
1673000,Inc Law Of Regres|
1673001,Inc Law Of Regres|
1673002,Inc Law Of Regres|
1673003,Inc Law Of Regres|
1673004,Inc Law Of Regres|
1673005,Inc Law Of Regres|
1673006,Inc Law Of Regres|
1673007,Inc Law Of Regres|
1673008,Inc Law Of Regres|
1673009,Inc Law Of Regres|
1673010,Inc Law Of Regres|
1673011,Inc Law Of Regres|
1673012,Inc Law Of Regres|
1673013,Inc Law Of Regres|
1673014,Inc Law Of Regres|
1673020,Inc Law Of Regres|
1673021,Inc Law Of Regres|
1673022,Inc Law Of Regres|
1673023,Inc Law Of Regres|
1673024,Inc Law Of Regres|
1673025,Inc Law Of Regres|
1673026,Inc Law Of Regres|
1673027,Inc Law Of Regres|
1673028,Inc Law Of Regres|
1673029,Inc Law Of Regres|
1673030,Inc Law Of Regres|
1673031,Inc Law Of Regres|
1673032,Inc Law Of Regres|
1673033,Inc Law Of Regres|
1673034,Inc Law Of Regres|
1674000,Inc Immutable Shield|
1674001,Inc Immutable Sshieldcycle|
1674002,Inc Immutable Shield|
1675000,Inc Litany Of Proper Death|
1676000,Inc Law Of Causality|
1676005,Inc Law Of Causality Chain|
1676006,Inc Law Of Causality Chain|
1676007,Inc Law Of Causality Chain|
1676008,Inc Law Of Causality Chain|
1676009,Inc Law Of Causality Chain|
1676010,Inc Law Of Causality|
1676011,Inc Law Of Causality Chain|
1677000,Inc Orders Blade|
1678000,Inc Order Healing|
1678001,Inc Order Healing|
1685000,Inc Bestial Vitality|
1686000,Inc Bestial Constitution 1 Remove Blood 1|
1686001,Inc Bestial Constitution 2 Remove Blood 2|
1686002,Inc Bestial Constitution 3 Disable Frost|
1686003,Inc Bestial Constitution 4 Disable Frost|
1692100,Inc Frost Based|
1696000,Inc Frozen Lightning Spear|
1697000,Inc Electrify Armament|
1697001,Inc Vykes Dragonbolt 1|
1697002,Inc Vykes Dragonbolt 2 Cycle|
1697010,Inc Dragonbolt Blessing 1|
1697100,Inc Dragonbolt Blessing 2|
1697101,Inc Dragonbolt Blessing 3 Cycle|
1702000,Inc Dragon Ice|Frost|
1702100,Inc Borealiss Mist|Frost|
1703000,Inc Rotten Breath|Rot|
1703100,Inc Ekzykess Decay|Rot|
1709000,Inc Greyolls Roar 1|
1709001,Inc Greyolls Roar 2|
1721000,Inc Blood Armament 1|
1721001,Inc Blood Armament 2|
1721002,Inc Blood Armament 3|
1722000,Inc Poison Mist|
1723000,Inc Poison Armament 1|
1723001,Inc Poison Armament 2|
1724000,Inc Scarlet Aeonia 1|
1724001,Inc Scarlet Aeonia 2|
1730000,Inc The Flame Of Ffrenzy 1|
1730001,Inc The Flame Of Ffrenzy 2|
1730002,Inc The Flame Of Ffrenzy 3|
1731000,Inc Unendurable Ffrenzy 1|
1731001,Inc Unendurable Ffrenzy 2|
1731002,Inc Unendurable Ffrenzy 3|
1731003,Inc Unendurable Ffrenzy 4|
1731100,Inc Frenzied Burst 1|
1731101,Inc Frenzied Burst 2|
1732000,Inc Howl Of Shab. 1|
1732001,Inc Howl Of Shab. 2|
1732002,Inc Howl Of Shab. 3|
1732003,Inc Howl Of Shab. 4|
1733000,Inc Howl Of Shab. 5|
1733001,Inc Howl Of Shab. 1|
1733002,Inc Howl Of Shab. 2|
1733005,Inc Howl Of Shab. 3|
1733006,Inc Howl Of Shab. 4|
1733007,Inc Howl Of Shab. 5|
1790000,Inc Fires Dead Sin 1|
1790001,Inc Fires Dead Sin 2|
1790002,Inc Fires Dead Sin 3|
1790003,Inc Fires Dead Sin 4|
1790010,Inc Fires Dead Sin 1|
1790011,Inc Fires Dead Sin 2|
1790012,Inc Fires Dead Sin 3|
1790300,Inc Golden Lightning Fort|
2000000,Behavior Weapon / Torch Shield Poke|
2000001,Behavior Small/Med Shield Poke|
2000002,Behavior Greatshield Shield Poke|
5010600,Celebrants Sickle|Rune Gain On Hit|
5010601,Celebrants Sickle Icon|
5010700,Intelligence +5|
5011000,Cinquedea|Boost Incantation Power|
5025300,:|
5031400,Blasphemous Blade|Restore Hp On Kill|
5031401,Blasphemous Blade|Kill|
5031600,Sword Of Milos|Restore Fp On Kill|
5031601,Sword Of Milos|Kill|
5071100,Serpent|Gods Curved Sword|Restore Hp On Kill|
5071101,Serpent|Gods Curved Sword|Kill|
5120100,Greathorn Hammer|Restore Hp On Kill|
5120101,Greathorn Hammer|Kill|
5121300,Celebrants Skull|Rune Gain On Hit|
5121800,Great Stars|Restore Hp On Hit|
5121801,Great Stars|Restore Hp On Hit|
5140600,Celebrants Cleaver|Rune Gain On Hit|
5141000,Highland Axe|Enhance Roar/Breath Attack|
5141100,Sacrificial Axe|Restore Fp On Kill|
5141101,Sacrificial Axe|Kill|
5151200,Butchering Knife|Restore Hp On Hit|
5151201,Butchering Knife Icon|
5160400,Cleanrot Spear|Raise Immunity|
5160600,Celebrants Rib|Rake|Rune Gain On Hit|
5180100,Pests Glaive|Boost Absorption|
5190100,Grave Scythe|Raise Vitality|
5215200,
5215201,
5215300,
5215301,
5215500,
5300100,Perfumers Shield|Raise Immunity|
5300400,Pillory Shield|Raise Vitality|
5301100,Rift Shield|Raise Focus|
5301400,Ice Crest Shield|Raise Robustness|
5301500,Smoldering Shield|Raise Robustness|
5301900,Spiralhorn Shield|Raise Immunity Robustness And Focus|
5302000,Coil Shield|Raise Immunity|
5310900,Twinbird Kite Shield|Boost Absorption And Damage At Low Hp|
5310901,Twinbird Kite Shield|Cycle|
5311400,Great Turtle Shell|Boost Stamina Recovery|
5311700,Shield Of The Guilty|Raise Focus|
5321400,Icon Shield|Grant Hp Restoration|
5322200,Ants Skull Plate|Raise Immunity|
5322400,Eclipse Crest Greatshield|Raise Immunity Robustness And Focus|
5335200,
5345000,
5345100,
5345200,
5425000,
5665200,
5665201,
6012000,Alberichs Pointed Hat|Thorn Sorcery Damage Boost|
6012010,Alberichs Robe|Thorn Sorcery Damage Boost|
6012020,Alberichs Bracers Thorn Sorcery Damage Boost|
6013000,Spellblades Pointed Hat Magic Aow Damage Boost|
6013010,Spellblades Travelling Attire|Magic Aow Damage Boost|
6013020,Spellblades Gloves Magic Aow Damage Boost|
6013030,Spellblades Trousers|Magic Aow Damage Boost|
6013110,Spellblades Travelling Attire|Magic Aow Damage Boost|
6018010,Black Knife Armor|Suppress Sound|
6021000,Briar Helm. Rolling Damage|
6021010,Briar Armor|Rolling Damage|
6021020,Briar Gauntlets|Rolling Damage|
6021030,Briar Greaves Rolling Damage|
6021110,Briar Armor (Altered)|Rolling Damage|
6030100,Shining Horned Headband|Ancestral Spirits Head 10 % Damage Boost|
6031000,Duelist Helm|Attract Enemy Aggresion|
6031030,Duelist Greaves Attract Enemy Aggresion|
6031110,Gravekeeper Cloak (Altered)|Attract Enemy Aggresion|
6033010,Guardian Garb (Full Bloom) Increased Crimson Tear Healing/Increased Fire Damage|
6044000,Pumpkin Head Lowered Headshot Damage|
6051000,Queens Cresent Crown +3 Intelligence|
6053010,Godskin Noble Robe|Noble Prescence 20% Damage Boost|
6057000,Crucible Axe Helm|Primordial Crucible Damage Boost|
6057010,Crucible Axe Armor|Primordial Crucible Damage Boost|
6057020,Crucible Gauntlets|Primordial Crucible Damage Boost|
6057030,Crucible Greaves|Primordial Crucible Damage Boost|
6057100,Crucible Tree Armor|Primordial Crucible Damage Boost|
6057110,Crucible Axe Armor (Altered) Primordial Crucible Damage Boost|
6057210,Crucible Tree Helm Primordial Crucible Damage Boost|
6057310,Crucible Tree Armor (Altered)|Primordial Crucible Damage Boost|
6058000,Lusats Glintstone Crown Increase Spell Cost And Olivnus Spell Damage Boost|
6058001,Lusats Glintstone Crown Lusat Spell Damage Boost|
6058100,Azurs Glintstone Crown|Karalos Spell Damage Boost And Increase Spell Cost|
6058101,Azurs Glintstone Crown Azur Spell Damage Boost|
6068000,White Mask Attack Boost On Bleed Proc Permission|
6068001,White Mask Attack Boost On Bleed Proc Effect|
6069000,Royal Remains Helm|Health Regen When At Low Health|
6069010,Royal Remains Armor Health Regen When At Low Health|
6069020,Royal Remains Gauntlets|Health Regen When At Low Health|
6069030,Royal Remains Greaves|Health Regen When At Low Health|
6074000,Crimson Hood +1 Vigor|
6074100,Navy Hood +1 Mind|
6081010,Commoners Garb +1 Faith|
6082000,Envoys Crown Increased Bubble Skill Damage.|
6083000,Twinsage Glintstone Crown|Reduced Health And Stamina/+6 Intelligence|
6083001,Twinsage Glintstone Crown Icon|
6083100,Olivinus Glintstone Crown|Reduced Health/+3 Intelligence|
6083101,Olivinus Glintstone Crown Icon|
6083200,Lazuli Glintstone Crown|Reduced Hp But +3 Dex|Int|
6083201,Lazuli Glintstone Crown Icon|
6083202,Lazuli Glintstone Crown Icon|
6083300,Karolos Glintstone Crown|
6083301,Karolos Glintstone Crown|
6083400,Witchs Glintstone Crown|
6083401,Witchs Glintstone Crown|
6087200,Okina Mask|
6087201,Okina Mask|
6091000,Preceptors Big Hat|
6091001,Preceptors Big Hat|
6091100,Mask Of Confidence|
6093010,Raptors Black Feathers|
6096000,Consorts Mask|
6096100,Rulers Mask|
6096300,Marais Mask|
6097000,Omen Helm|
6097001,Omen Helm|
6097010,Omen Armor|
6097011,Omen Armor|
6097020,Omen Gauntlets|
6097021,Omen Gauntlets|
6097030,Omen Greaves|
6097031,Omen Greaves|
6099000,Hierodas Glintstone Crown|
6099001,Hierodas Glintstone Crown|
6100000,Haima Glintstone Crown|
6100001,Haima Glintstone Crown|
6101000,Snow Witch Hat|Increase Frost Sorcery Magic By 10%|
6104000,Radiant Gold Mask|
6106000,Albinauric Mask|
6106001,Albinauric Mask|
6108000,Imp Head|Cat|
6108100,Imp Head|Fanged|
6108200,Imp Head|Long|Tongued|
6108300,Imp Head|Corpse|
6108400,Imp Head|Wolf|
6108500,Imp Head|Elder|
6109000,Silver Tear Mask|
6109001,Silver Tear Mask|
6112000,Jar|
6160000,Greathood|
6160001,Greathood|
6175000,Haligtree Helm|
6182000,Haligtree Knight Helm|
6188000,Sacred Crown Helm|
6189000,Omensmirk Mask|
6190000,Ash|Of|War Scarab|
6190001,Ash|Of|War Scarab|
6190100,Incantation Scarab|
6190101,Incantation Scarab|
6190200,Glintstone Scarab|
6190201,Glintstone Scarab|
6191000,Crimson Tear Scarab|
6191001,Crimson Tear Scarab|
6192000,Cerulean Tear Scarab|
6192001,Cerulean Tear Scarab|
6193010,Deathbed Dress|
6193011,Deathbed Dress|
6193012,Deathbed Dress|Heal|
6200000,Rotten Duelist Helm|
6200030,Rotten Duelist Greaves|
6200110,Rotten Gravekeeper Cloak|Altered|
6201000,Mushroom Crown|
6201001,Mushroom Crown|
6202000,Black Dumpling|
6202001,Black Dumpling|All Dam Increased By 10%|For 60 Sec|
6500010,
6500011,
6502000,
6503000,
6503001,
6506000,
6506001,
6506210,
6507000,
6508000,
6511000,
6511010,
6516000,
6516001,
6518000,
6518001,
6518002,
6518010,
6518200,
6518201,
6518300,
6518400,
6520000,
6520001,
6521000,
6521001,
6522000,
6522001,
6523000,
6523010,
6525000,
6525200,
6525201,
6525300,
6525301,
6525330,
6527200,
6529000,
6530000,
6531000,
6532000,
6533000,
7000000,
7000010,
7000020,
7000030,
7000040,
7000050,
10010000,
10010001,
10010002,
10010003,
10010004,
10010005,
10010006,
10010007,
10010008,
10010009,
10010010,
10010011,
10010012,
10010013,
10010014,
10010015,
10010016,
10010017,
10010018,
10010019,
10010020,
10010021,
10010022,
10010023,
10010024,
10010025,
10010026,
10010027,
10010046,yes I understand this and that is fine.
10010047,
10010048,
10010049,
10010050,
10010051,
10010052,
10010053,
10010054,
10010055,
10010056,
10010099,
20000100,
20000101,
20000102,
20000103,
20000104,
20000105,
20000106,
20000107,
20000108,
20000109,
20000110,
20000111,
20000112,
20000113,
20000114,
20000115,
20000116,
20000117,
20000118,
20000119,
20000120,
20000200,
20000201,
20000202,
20000203,
20000204,
20000205,
20000206,
20000207,
20000208,
20000209,
20000210,
20000300,
20000301,
20000302,
20000303,
20000304,
20000305,
20000306,
20000307,
20000308,
20000309,
20000310,
20000800,
20000801,
20000802,
20000820,
20000821,
20000830,
20000840,
20000841,
20000850,
20000851,
20000852,
20000853,
20000855,
20000856,
20000857,
20000858,
20000860,
20000861,
20000862,
20000863,
20000864,
20000870,
20000871,
20000872,
20000873,
20000874,
20000880,
20000881,
20000882,
20000883,
20000884,
20000890,
20000891,
20000895,
20000896,
20000900,
20000901,
20000902,
20000903,
20000905,
20000906,
20000907,
20000908,
20000910,
20000911,
20000915,
20000916,
20000920,
20000921,
20000922,
20000923,
20000925,
20000926,
20000927,
20000928,
20000950,
20000951,
20000960,
20000961,
20000965,
20000966,
20000970,
20000971,
20000972,
20000973,
20000980,
20000990,
20001000,
20001010,
20001011,
20001012,
20001015,
20001016,
20001017,
20001020,
20001029,
20001030,
20001031,
20001032,
20001033,
20001034,
20001035,
20001039,
20001040,
20001041,
20001042,
20001043,
20001044,
20001045,
20001050,
20001060,
20001070,
20001071,
20001072,
20001073,
20001074,
20001075,
20001076,
20001077,
20001078,
20001079,
20001080,
20001081,
20001082,
20001083,
20001084,
20001090,
20001091,
20001092,
20001900,
20001910,
20001911,
20001912,
20001913,
20001914,
20001915,
20001916,
20001917,
20001918,
20001919,
20001920,
20001921,
20001922,
20001923,
20001924,
20001925,
20001926,
20001927,
20004005,
20004006,
20004041,
20004056,
20004057,
20004210,
20004211,
20004220,
20004221,
20004222,
20004230,
20004270,
20004271,
20004272,
20004380,
20004820,
20004999,
20007000,
20007010,
20007020,
20007030,
20007040,
20007050,
20007060,
20007070,
20007080,
20007090,
20007100,
20007110,
20007120,
20007130,
20007140,
20007150,
20007200,
20007210,
20007220,
20007230,
20007240,
20007250,
20007260,
20007270,
20007280,
20007290,
20007300,
20007310,
20007320,
20007330,
20007340,
20007350,
20007400,
20007410,
20007420,
20007430,
20007440,
20007450,
20007460,
20007470,
20007480,
20007490,
20007500,
20007510,
20007520,
20007530,
20007540,
20007550,
20007600,
20007610,
20007620,
20007630,
20007640,
20007650,
20007660,
20007670,
20007680,
20007690,
20007700,
20007710,
20007720,
20007730,
20007740,
20007750,
20008400,
20008410,
20008420,
20008430,
20008440,
20008450,
20008460,
20008470,
20008480,
20008490,
20008500,
20008510,
20008520,
20008530,
20008540,
20008550,
20008600,
20008610,
20008620,
20008630,
20008640,
20008650,
20008660,
20008670,
20008680,
20008690,
20008700,
20008710,
20008720,
20008730,
20008740,
20008750,
20010000,
20010001,
20010002,
20010003,
20010004,
20010005,
20010006,
20010007,
20010008,
20010009,
20010010,
20010050,
20010051,
20010052,
20010053,
20010054,
20010055,
20010056,
20010057,
20010058,
20010059,
20010060,
20010061,
20010062,
20010063,
20010064,
20010065,
20010066,
20010067,
20010068,
20010069,
20010070,
20010081,
20010082,
20010083,
20010084,
20010085,
20010086,
20010087,
20010088,
20010089,
20010090,
20010091,
20010092,
20010093,
20010097,
20010098,
20010099,
20010100,
20010101,
20010110,
20010120,
20010121,
20010122,
20010123,
20010124,
20010125,
20010126,
20010127,
20010128,
20010129,
20010130,
20010131,
20010132,
20010133,
20010140,
20010141,
20010142,
20010143,
20010144,
20010145,
20010146,
20010147,
20010148,
20010149,
20010150,
20010151,
20010152,
20010153,
20010154,
20010155,
20010156,
20010157,
20010158,
20010159,
20010197,
20010198,
20010199,
20010200,
20010201,
20010202,
20010203,
20010204,
20010205,
20010206,
20010207,
20010208,
20010209,
20010248,
20010249,
20010250,
20010251,
20010252,
20010253,
20010254,
20010255,
20010256,
20010257,
20010258,
20010259,
20010260,
20010261,
20010262,
20010263,
20010264,
20010265,
20010266,
20010267,
20010268,
20010269,
20010270,
20010271,
20010272,
20010273,
20010274,
20010275,
20010276,
20010277,
20010278,
20010279,
20010297,
20010298,
20010299,
20010300,
20010301,
20010302,
20010303,
20010304,
20010305,
20010306,
20010307,
20010308,
20010309,
20010310,
20010315,
20010316,
20010320,
20010330,
20010331,
20010332,
20010333,
20010334,
20010335,
20010336,
20010337,
20010338,
20010339,
20010349,
20010350,
20010351,
20010352,
20010353,
20010354,
20010355,
20010356,
20010357,
20010358,
20010359,
20010380,
20010381,
20010382,
20010383,
20010384,
20010385,
20010386,
20010387,
20010388,
20010399,
20010400,
20010401,
20010402,
20010403,
20010404,
20010405,
20010406,
20010407,
20010408,
20010409,
20010410,
20010411,
20010412,
20010413,
20010414,
20010415,
20010416,
20010417,
20010418,
20010419,
20010420,
20010421,
20010422,
20010423,
20010424,
20010438,
20010439,
20010440,
20010441,
20010442,
20010443,
20010444,
20010445,
20010446,
20010447,
20010448,
20010449,
20010450,
20010451,
20010452,
20010460,
20010461,
20010462,
20010463,
20010464,
20010470,
20010471,
20010480,
20010481,
20010500,
20010501,
20010502,
20010503,
20010504,
20010505,
20010506,
20010507,
20010508,
20010509,
20010510,
20010511,
20010512,
20010513,
20010514,
20010515,
20010516,
20010517,
20010518,
20010519,
20010520,
20010521,
20010522,
20010523,
20010524,
20010525,
20010550,
20010600,
20010601,
20010602,
20010603,
20010604,
20010605,
20010606,
20010607,
20010608,
20010609,
20010610,
20010611,
20010612,
20010615,
20010616,
20010620,
20010621,
20010622,
20010623,
20010624,
20010625,
20010626,
20010627,
20010628,
20010629,
20010630,
20010631,
20010632,
20010633,
20010634,
20010635,
20010636,
20010637,
20010638,
20010640,
20010641,
20010642,
20010643,
20010644,
20010645,
20010646,
20010647,
20010648,
20010649,
20010650,
20010651,
20010652,
20010653,
20010654,
20010655,
20010656,
20010657,
20010658,
20010659,
20010660,
20010661,
20010662,
20010663,
20010664,
20010665,
20010666,
20010667,
20010668,
20010669,
20010670,
20010671,
20010672,
20010673,
20010674,
20010675,
20010676,
20010677,
20010678,
20010679,
20010680,
20010681,
20010682,
20010683,
20010684,
20010685,
20010686,
20010687,
20010688,
20010689,
20010690,
20010691,
20010692,
20010693,
20010694,
20010695,
20010696,
20010697,
20010698,
20010699,
20010700,
20010701,
20010702,
20010703,
20010704,
20010705,
20010706,
20010707,
20010708,
20010709,
20010710,
20010711,
20010712,
20010713,
20010714,
20010715,
20010716,
20010717,
20010718,
20010719,
20010750,
20010751,
20010752,
20010753,
20010754,
20010755,
20010756,
20010757,
20010758,
20010759,
20010760,
20010761,
20010762,
20010763,
20010764,
20010765,
20010766,
20010767,
20010768,
20010769,
20010770,
20010771,
20010772,
20010773,
20010774,
20010775,
20010776,
20010777,
20010778,
20010779,
20010780,
20010781,
20010782,
20010783,
20010784,
20010785,
20010786,
20010787,
20010788,
20010789,
20010790,
20010791,
20010792,
20010793,
20010794,
20010795,
20010796,
20010797,
20010798,
20010799,
20010800,
20010801,
20010802,
20010803,
20010804,
20010805,
20010806,
20010807,
20010808,
20010809,
20010810,
20010811,
20010812,
20010813,
20010814,
20010815,
20010816,
20010817,
20010818,
20010819,
20010820,
20010825,
20010826,
20010827,
20010830,
20010831,
20010840,
20010849,
20010850,
20010851,
20010852,
20010853,
20010854,
20010860,
20010861,
20010862,
20010863,
20010864,
20010870,
20010880,
20010890,
20010891,
20010892,
20010899,
20010900,
20010901,
20010902,
20010903,
20010904,
20010905,
20010906,
20010907,
20010908,
20010909,
20010910,
20010911,
20010912,
20010913,
20010914,
20010915,
20010916,
20010917,
20010918,
20010919,
20010920,
20010921,
20010922,
20010923,
20010924,
20010925,
20010926,
20010927,
20010928,
20010930,
20010931,
20010932,
20010933,
20010940,
20010941,
20010942,
20010943,
20010944,
20010945,
20010946,
20010947,
20010948,
20010949,
20011000,
20011001,
20011002,
20011003,
20011004,
20011005,
20011006,
20011007,
20011008,
20011009,
20011010,
20011011,
20011020,
20011021,
20011022,
20011049,
20011050,
20011051,
20011052,
20011053,
20011054,
20011055,
20011056,
20011057,
20011058,
20011059,
20011060,
20011061,
20011062,
20011063,
20011064,
20011065,
20011066,
20011067,
20011068,
20011069,
20011070,
20011071,
20011072,
20011073,
20011074,
20011075,
20011076,
20011090,
20011091,
20011098,
20011099,
20011100,
20011101,
20011102,
20011103,
20011104,
20011105,
20011106,
20011107,
20011108,
20011109,
20011110,
20011111,
20011112,
20011113,
20011114,
20011115,
20011116,
20011117,
20011118,
20011119,
20011120,
20011121,
20011122,
20011123,
20011124,
20011125,
20011126,
20011127,
20011128,
20011129,
20011130,
20011131,
20011132,
20011133,
20011135,
20011138,
20011143,
20011144,
20011145,
20011146,
20011147,
20011148,
20011149,
20011150,
20011151,
20011152,
20011153,
20011154,
20011199,
20011200,
20011201,
20011202,
20011203,
20011204,
20011205,
20011206,
20011207,
20011208,
20011209,
20011210,
20011211,
20011212,
20011213,
20011214,
20011215,
20011216,
20011217,
20011218,
20011219,
20011220,
20011221,
20011222,
20011223,
20011224,
20011225,
20011226,
20011227,
20011228,
20011229,
20011230,
20011231,
20011232,
20011233,
20011234,
20011235,
20011236,
20011237,
20011238,
20011239,
20011240,
20011241,
20011242,
20011243,
20011244,
20011245,
20011246,
20011248,
20011249,
20011250,
20011251,
20011252,
20011253,
20011254,
20011255,
20011256,
20011260,
20011299,
20011300,
20011301,
20011303,
20011304,
20011305,
20011306,
20011307,
20011308,
20011309,
20011310,
20011311,
20011312,
20011313,
20011314,
20011315,
20011316,
20011317,
20011318,
20011319,
20011320,
20011321,
20011322,
20011323,
20011324,
20011325,
20011326,
20011330,
20011331,
20011332,
20011333,
20011334,
20011335,
20011336,
20011337,
20011338,
20011339,
20011340,
20011341,
20011342,
20011343,
20011344,
20011345,
20011346,
20011347,
20011348,
20011349,
20011350,
20011351,
20011352,
20011353,
20011354,
20011355,
20011356,
20011357,
20011358,
20011359,
20011360,
20011370,
20011371,
20011372,
20011373,
20011380,
20011381,
20011390,
20011399,
20011400,
20011401,
20011402,
20011403,
20011404,
20011405,
20011406,
20011407,
20011408,
20011409,
20011410,
20011411,
20011412,
20011413,
20011414,
20011419,
20011420,
20011421,
20011422,
20011423,
20011424,
20011425,
20011426,
20011427,
20011428,
20011429,
20011430,
20011431,
20011440,
20011441,
20011442,
20011443,
20011444,
20011445,
20011446,
20011447,
20011448,
20011449,
20011450,
20011451,
20011452,
20011453,
20011454,
20011455,
20011456,
20011457,
20011458,
20011459,
20011460,
20011461,
20011462,
20011463,
20011464,
20011465,
20011466,
20011467,
20011468,
20011469,
20011470,
20011471,
20011472,
20011473,
20011474,
20011475,
20011476,
20011499,
20011500,
20011501,
20011502,
20011503,
20011549,
20011550,
20011551,
20011552,
20011553,
20011554,
20011555,
20011556,
20011557,
20011558,
20011559,
20011560,
20011561,
20011562,
20011563,
20011564,
20011565,
20011566,
20011567,
20011568,
20011569,
20011570,
20011571,
20011572,
20011573,
20011574,
20011575,
20011580,
20011581,
20011582,
20011583,
20011584,
20011585,
20011586,
20011587,
20011588,
20011589,
20011590,
20011591,
20011592,
20011593,
20011594,
20011595,
20011596,
20011597,
20011598,
20011599,
20011600,
20011601,
20011602,
20011603,
20011604,
20011649,
20011650,
20011651,
20011652,
20011653,
20011654,
20011655,
20011656,
20011657,
20011658,
20011659,
20011660,
20011661,
20011662,
20011663,
20011664,
20011665,
20011666,
20011667,
20011668,
20011699,
20011700,
20011701,
20011702,
20011703,
20011704,
20011705,
20011706,
20011707,
20011708,
20011709,
20011710,
20011711,
20011735,
20011736,
20011737,
20011738,
20011739,
20011740,
20011741,
20011742,
20011743,
20011744,
20011745,
20011746,
20011747,
20011748,
20011749,
20011750,
20011751,
20011799,
20011800,
20011801,
20011802,
20011803,
20011810,
20011811,
20011815,
20011816,
20011817,
20011818,
20011820,
20011821,
20011822,
20011823,
20011825,
20011826,
20011827,
20011828,
20011830,
20011831,
20011832,
20011833,
20011834,
20011835,
20011836,
20011837,
20011838,
20011839,
20011840,
20011841,
20011842,
20011843,
20011844,
20011848,
20011849,
20011850,
20011851,
20011852,
20011855,
20011860,
20011861,
20011862,
20011863,
20011864,
20011865,
20011866,
20011870,
20011871,
20011880,
20011881,
20011882,
20011883,
20011884,
20011885,
20011886,
20011894,
20011895,
20011896,
20011899,
20011900,
20011901,
20011902,
20011903,
20011910,
20011911,
20011912,
20011913,
20011914,
20011915,
20011916,
20011917,
20011920,
20011930,
20011931,
20011932,
20011933,
20011949,
20011950,
20011951,
20011952,
20011959,
20012000,
20012001,
20012005,
20012006,
20012010,
20012011,
20012015,
20012016,
20012080,
20012081,
20012082,
20012083,
20012084,
20012100,
20012101,
20012102,
20012103,
20012104,
20012105,
20012106,
20012107,
20012108,
20012109,
20012110,
20012111,
20012112,
20012113,
20012114,
20012115,
20012116,
20012117,
20012118,
20012119,
20012120,
20012121,
20012122,
20012123,
20012124,
20012125,
20012126,
20012127,
20012128,
20012129,
20012130,
20012131,
20012132,
20012133,
20012134,
20012135,
20012136,
20012137,
20012138,
20012139,
20012140,
20012141,
20012142,
20012143,
20012144,
20012145,
20012146,
20012147,
20012148,
20012149,
20012150,
20012151,
20012152,
20012153,
20012154,
20012155,
20012156,
20012157,
20012158,
20012159,
20012160,
20012161,
20012162,
20012163,
20012164,
20012165,
20012166,
20012167,
20012168,
20012169,
20012170,
20012171,
20012172,
20012173,
20012174,
20012175,
20012176,
20012177,
20012178,
20012179,
20012180,
20012181,
20012182,
20012183,
20012184,
20012185,
20012186,
20012187,
20012188,
20012189,
20012200,
20012201,
20012202,
20012203,
20012204,
20012205,
20012206,
20012207,
20012208,
20012209,
20012210,
20012211,
20012212,
20012213,
20012214,
20012215,
20012216,
20012217,
20012218,
20012219,
20012220,
20012221,
20012222,
20012223,
20012224,
20012225,
20012226,
20012227,
20012228,
20012229,
20012230,
20012231,
20012232,
20012233,
20012234,
20012235,
20012236,
20012237,
20012238,
20012239,
20012240,
20012241,
20012242,
20012243,
20012244,
20012245,
20012246,
20012247,
20012248,
20012249,
20012270,
20012290,
20012291,
20012292,
20012293,
20012294,
20012499,
20012500,
20012501,
20012549,
20012550,
20012551,
20012552,
20012553,
20012554,
20012599,
20012600,
20012601,
20012602,
20012603,
20012604,
20012605,
20012606,
20012607,
20012608,
20012609,
20012610,
20012611,
20012612,
20012613,
20012614,
20012615,
20012616,
20012617,
20012618,
20012619,
20012620,
20012621,
20012622,
20012623,
20012624,
20012625,
20012626,
20012627,
20012628,
20012629,
20012630,
20012631,
20012632,
20012633,
20012634,
20012635,
20012636,
20012637,
20012649,
20012650,
20012651,
20012699,
20012700,
20012701,
20012702,
20012703,
20012704,
20012705,
20012706,
20012707,
20012708,
20012709,
20012710,
20012711,
20012749,
20012750,
20012751,
20012799,
20012800,
20012801,
20012849,
20012850,
20012851,
20012852,
20012853,
20012899,
20012900,
20012901,
20012949,
20012950,
20012951,
20012952,
20012953,
20012999,
20013000,
20013001,
20013002,
20013003,
20013049,
20013050,
20013051,
20013052,
20013099,
20013100,
20013149,
20013150,
20013199,
20013250,
20013251,
20013252,
20013253,
20013254,
20013255,
20013256,
20013257,
20013258,
20013259,
20013260,
20013261,
20013262,
20013263,
20013264,
20013265,
20013266,
20013268,
20013269,
20013270,
20013271,
20013272,
20013273,
20013274,
20013275,
20013280,
20013281,
20013282,
20013283,
20013284,
20013293,
20013294,
20013295,
20013296,
20013297,
20013298,
20013299,
20013300,
20013349,
20013350,
20013351,
20013399,
20013400,
20013401,
20013449,
20013450,
20013451,
20013499,
20013500,
20013510,
20013511,
20013512,
20013513,
20013514,
20013515,
20013516,
20013517,
20013518,
20013522,
20013523,
20013524,
20013525,
20013526,
20013527,
20013528,
20013559,
20013560,
20013561,
20013599,
20018000,
20018001,
20018002,
20018003,
20018004,
20018005,
20018006,
20018007,
20018008,
20018009,
20018010,
20018012,
20018013,
20018014,
20018015,
20018016,
20018017,
20018018,
20018019,
20018020,
20018021,
20018022,
20018023,
20018024,
20018025,
20018026,
20018027,
20018028,
20018030,
20018031,
20018032,
20018033,
20018034,
20018035,
20018040,
20018041,
20018100,
20018101,
20018630,
20018631,
20018632,
20018633,
20018634,
20018635,
20018636,
20018637,
20018638,
20018639,
20018640,
20018647,
20018648,
20018649,
20018650,
20018651,
20018652,
20018653,
20018654,
20018655,
20018656,
20018657,
20018658,
20018659,
20018660,
20018661,
20018662,
20018663,
20018664,
20018665,
20018666,
20018667,
20018668,
20018669,
20018670,
20018671,
20018672,
20018673,
20018674,
20018675,
20018676,
20018677,
20018678,
20018679,
20018680,
20018681,
20018682,
20018683,
20018684,
20018685,
20018686,
20018687,
20018688,
20018689,
20018690,
20018691,
20018692,
20018693,
20018694,
20018695,
20018696,
20018697,
20018698,
20018699,
20018700,
20018701,
20018702,
20018703,
20018704,
20018705,
20018706,
20018707,
20018708,
20018709,
20018710,
20018711,
20018712,
20018713,
20018714,
20018715,
20018716,
20018717,
20018718,
20018719,
20018720,
20018721,
20018722,
20018723,
20018724,
20018725,
20018999,
20020100,
20022100,
20024130,
20024131,
20024132,
20025000,
20025001,
20200000,
20200001,
20200002,
20200003,
20200004,
20200005,
20200006,
20200007,
20200008,
20200009,
20200010,
20201000,
20201001,
20201002,
20201003,
20201004,
20201005,
20201006,
20201007,
20201008,
20201009,
20201010,
20202000,
20202001,
20202002,
20202003,
20202004,
20202005,
20202006,
20202007,
20202008,
20202009,
20202010,
20203000,
20203001,
20203002,
20203003,
20203004,
20203005,
20203006,
20203007,
20203008,
20203009,
20203010,
20204000,
20204001,
20204002,
20204003,
20204004,
20204005,
20204006,
20204007,
20204008,
20204009,
20204010,
20205000,
20205001,
20205002,
20205003,
20205004,
20205005,
20205006,
20205007,
20205008,
20205009,
20205010,
20206000,
20206001,
20206002,
20206003,
20206004,
20206005,
20206006,
20206007,
20206008,
20206009,
20206010,
20207000,
20207001,
20207002,
20207003,
20207004,
20207005,
20207006,
20207007,
20207008,
20207009,
20207010,
20208000,
20208001,
20208002,
20208003,
20208004,
20208005,
20208006,
20208007,
20208008,
20208009,
20208010,
20209000,
20209001,
20209002,
20209003,
20209004,
20209005,
20209006,
20209007,
20209008,
20209009,
20209010,
20210000,
20210001,
20210002,
20210003,
20210004,
20210005,
20210006,
20210007,
20210008,
20210009,
20210010,
20211000,
20211001,
20211002,
20211003,
20211004,
20211005,
20211006,
20211007,
20211008,
20211009,
20211010,
20212000,
20212001,
20212002,
20212003,
20212004,
20212005,
20212006,
20212007,
20212008,
20212009,
20212010,
20213000,
20213001,
20213002,
20213003,
20213004,
20213005,
20213006,
20213007,
20213008,
20213009,
20213010,
20214000,
20214001,
20214002,
20214003,
20214004,
20214005,
20214006,
20214007,
20214008,
20214009,
20214010,
20215000,
20215001,
20215002,
20215003,
20215004,
20215005,
20215006,
20215007,
20215008,
20215009,
20215010,
20216000,
20216001,
20216002,
20216003,
20216004,
20216005,
20216006,
20216007,
20216008,
20216009,
20216010,
20217000,
20217001,
20217002,
20217003,
20217004,
20217005,
20217006,
20217007,
20217008,
20217009,
20217010,
20218000,
20218001,
20218002,
20218003,
20218004,
20218005,
20218006,
20218007,
20218008,
20218009,
20218010,
20219000,
20219001,
20219002,
20219003,
20219004,
20219005,
20219006,
20219007,
20219008,
20219009,
20219010,
20220000,
20220001,
20220002,
20220003,
20220004,
20220005,
20220006,
20220007,
20220008,
20220009,
20220010,
20221000,
20221001,
20221002,
20221003,
20221004,
20221005,
20221006,
20221007,
20221008,
20221009,
20221010,
20222000,
20222001,
20222002,
20222003,
20222004,
20222005,
20222006,
20222007,
20222008,
20222009,
20222010,
20223000,
20223001,
20223002,
20223003,
20223004,
20223005,
20223006,
20223007,
20223008,
20223009,
20223010,
20224000,
20224001,
20224002,
20224003,
20224004,
20224005,
20224006,
20224007,
20224008,
20224009,
20224010,
20225000,
20225001,
20225002,
20225003,
20225004,
20225005,
20225006,
20225007,
20225008,
20225009,
20225010,
20226000,
20226001,
20226002,
20226003,
20226004,
20226005,
20226006,
20226007,
20226008,
20226009,
20226010,
20227000,
20227001,
20227002,
20227003,
20227004,
20227005,
20227006,
20227007,
20227008,
20227009,
20227010,
20228000,
20228001,
20228002,
20228003,
20228004,
20228005,
20228006,
20228007,
20228008,
20228009,
20228010,
20229000,
20229001,
20229002,
20229003,
20229004,
20229005,
20229006,
20229007,
20229008,
20229009,
20229010,
20230000,
20230001,
20230002,
20230003,
20230004,
20230005,
20230006,
20230007,
20230008,
20230009,
20230010,
20296100,
20370000,
20370100,
20370200,
20370300,
20370400,
20370500,
20370600,
20370700,
20370800,
20370900,
20371000,
20371100,
20371200,
20371300,
20371400,
20371500,
20380000,
20380100,
20380200,
20380300,
20380400,
20380500,
20380501,
20380600,
20380601,
20380700,
20380701,
20380900,
20380901,
20380902,
20381000,
20381001,
20381100,
20381200,
20381201,
20381202,
20381203,
20381204,
20381205,
20381206,
20381207,
20381211,
20381212,
20381213,
20381214,
20381215,
20381216,
20381221,
20381222,
20381223,
20381224,
20381225,
20381226,
20381231,
20381232,
20381233,
20381234,
20381235,
20381236,
20381241,
20381242,
20381243,
20381244,
20381245,
20381246,
20381251,
20381252,
20381253,
20381254,
20381255,
20381256,
20381300,
20381400,
20381600,
20381601,
20381700,
20381800,
20381900,
20381901,
20382000,
20382003,
20382004,
20382010,
20382011,
20382015,
20382016,
20382100,
20382200,
20382201,
20382202,
20382203,
20382204,
20382205,
20382206,
20382300,
20382301,
20382302,
20382400,
20382401,
20382402,
20382403,
20382404,
20382405,
20383000,
20500330,
20500331,
20500360,
20500370,
20500380,
20500620,
20500670,
20500680,
20500681,
20500690,
20500691,
20500700,
20500701,
20500710,
20500740,
20500800,
20500801,
20500900,
20500901,
20500902,
20500903,
20500904,
20500905,
20500906,
20500907,
20500908,
20500910,
20500911,
20500912,
20500913,
20500914,
20500915,
20500916,
20500917,
20500918,
20501100,
20501101,
20501102,
20501103,
20501105,
20501106,
20501110,
20501111,
20501112,
20501120,
20501130,
20501140,
20501150,
20501160,
20501170,
20501200,
20501201,
20501202,
20501205,
20501206,
20501207,
20501210,
20501211,
20501212,
20501213,
20501220,
20501230,
20501400,
20501401,
20501402,
20501403,
20501410,
20501411,
20501412,
20501413,
20501420,
20501421,
20501422,
20501423,
20501430,
20501431,
20501432,
20501433,
20501480,
20501481,
20501601,
20501602,
20501603,
20501611,
20501612,
20501613,
20501620,
20501622,
20501700,
20502010,
20502011,
20502012,
20502015,
20502020,
20502021,
20502022,
20502025,
20502030,
20502031,
20502035,
20502100,
20502101,
20502102,
20502130,
20502900,
20502901,
20502902,
20502903,
20502904,
20502905,
20502906,
20502907,
20502908,
20502909,
20502910,
20502950,
20502951,
20502952,
20502953,
20502954,
20502955,
20502956,
20502957,
20502958,
20502959,
20502960,
20503170,
20503171,
20503310,
20503350,
20511010,
20511011,
20511012,
20511020,
20511021,
20511022,
20511023,
20511030,
20511031,
20511032,
20511033,
20511040,
20511041,
20511042,
20511050,
20511051,
20511060,
20511061,
20511070,
21430000,
21490000,
21490001,
21490002,
21490003,
21491000,
21491001,
21491010,
21500000,
21620000,
21621000,
21621001,
21621002,
21621003,
21640000,
21640001,
21667000,
21691000,
21691001,
21691002,
21692000,
21692001,
21692002,
21692010,
21692011,
21692012,
21702000,
21720000,
21730000,
21730001,
21730002,
21950010,
21950011,
999999999,State 29|