ID,NAME,説明 (日本語-japanese),描述 (中文-chinese),Опис (українська-ukrainian),Beschreibung (deutsch-german),Описание (русский-russian),La description (français-french),설명 (한국어-korean)
12,need english name,馬呼び,,,,,,
13,need english name,槍召喚,,,,,,
14,need english name,弓召喚,,,,,,
15,need english name,盾召喚,,,,,,
16,need english name,ユニーク召喚,,,,,,
20,need english name,行け,,,,,,
21,need english name,雷撃,,,,,,
22,need english name,スリープクラウド,,,,,,
23,need english name,ソウルの矢,,,,,,
24,need english name,強いソウルの矢,,,,,,
25,need english name,追尾するソウルの塊,,,,,,
26,need english name,ソウルの槍,,,,,,
27,need english name,照らす光,,,,,,
28,need english name,音送り,,,,,,
29,need english name,降り注ぐ結晶,,,,,,
30,need english name,ソウルの大剣,,,,,,
31,need english name,ターンアンデッド,,,,,,
35,need english name,竜魔法_防護,,,,,,
40,need english name,【テスト】エリクサー,,,,,,
41,need english name,【テスト】エリクサー（空）,,,,,,
42,need english name,【テスト】エリクサー素材1,,,,,,
43,need english name,【テスト】エリクサー素材2,,,,,,
44,need english name,【テスト】エリクサー素材3,,,,,,
60,need english name,システム ID監視用アイテム1,,,,,,
61,need english name,システム ID監視用アイテム2,,,,,,
62,need english name,システム ID監視用アイテム3,,,,,,
63,need english name,システム ID監視用アイテム4,,,,,,
64,need english name,システム ID監視用アイテム5,,,,,,
65,need english name,システム ID監視用アイテム6,,,,,,
66,need english name,システム ID監視用アイテム7,,,,,,
67,need english name,システム ID監視用アイテム8,,,,,,
68,need english name,システム ID監視用アイテム9,,,,,,
69,need english name,システム ID監視用アイテム10,,,,,,
94,need english name,血文字作成時のPCアニメ再生用ダミー,,,,,,
98,need english name,まとめて使用チェック用 消えかけのソウル,,,,,,
99,need english name,自動補充チェック用 緑花草,,,,,,
100,Tarnished's Furled Finger,褪せ人の鉤指,褪色者勾指,Зігнутий палець згаслого,,Скрюченный палец Погасшего,,
101,Duelist's Furled Finger,闘士の鉤指,斗士勾指,Зігнутий палець дуелянта,,Скрюченный палец дуэлянта,,
102,Bloody Finger,血の指,血指,Кривавий палець,,Окровавленный палец,,
103,Finger Severer,指切り,断指刀,Відтинач пальців,,Отсекатель пальцев,,
104,White Cipher Ring,白い秘文字の指環,白秘文戒指,Білий тайнописний перстень,,Белое кольцо с тайнописью,,
105,Blue Cipher Ring,青い秘文字の指環,蓝秘文戒指,Синій тайнописний перстень,,Синее кольцо с тайнописью,,
106,Tarnished's Wizened Finger,褪せ人の老指,褪色者老指,Висохлий палець згаслого,,Иссохший палец Погасшего,,
107,Phantom Bloody Finger,血指の幻影,血指幻影,Кривавий палець фантома,,Окровавленный палец фантома,,
108,Taunter's Tongue,嘲弄者の舌,嘲弄者舌头,Язик насмішника,,Язык насмешника,,
109,Small Golden Effigy,金の小偶像,金色小雕像,Золота статуетка,,Маленькая золотая фигурка,,
110,Small Red Effigy,赤の小偶像,红色小雕像,Червона статуетка,,Маленькая красная фигурка,,
111,Festering Bloody Finger,爛れた血指,溃烂血指,Загноєний кривавий палець,,Гнилой окровавленный палец,,
112,Recusant Finger,背律の指,叛律指头,Палець відступника,,Мятежный палец,,
113,Phantom Bloody Finger,血指の幻影,血指幻影,Кривавий палець фантома,,Окровавленный палец фантома,,
114,Phantom Recusant Finger,背律指の幻影,叛律指幻影,Палець фантома-відступника,,Мятежный палец-фантом,,
115,Memory of Grace,祝福の記憶,赐福记忆,Спогад про благодать,,Воспоминание о благодати,,
130,Spectral Steed Whistle,霊馬の指笛,灵马哨笛,Свисток примарного скакуна,,Костяной свисток,,
135,Phantom Great Rune,大ルーンの幻影,大卢恩幻影,Фантомна Велика руна,,Призрачная великая руна,,
150,Furlcalling Finger Remedy,鉤呼びの指薬,唤勾指药,Панацея для пальців,,Зелье Призывающего пальца,,
170,Tarnished's Furled Finger,褪せ人の鉤指,褪色者勾指,Зігнутий палець згаслого,,Скрюченный палец Погасшего,,
171,Duelist's Furled Finger,闘士の鉤指,斗士勾指,Зігнутий палець дуелянта,,Скрюченный палец дуэлянта,,
172,Bloody Finger,血の指,血指,Кривавий палець,,Окровавленный палец,,
174,White Cipher Ring,白い秘文字の指環,白秘文戒指,Білий тайнописний перстень,,Белое кольцо с тайнописью,,
175,Blue Cipher Ring,青い秘文字の指環,蓝秘文戒指,Синій тайнописний перстень,,Синее кольцо с тайнописью,,
178,Taunter's Tongue,嘲弄者の舌,嘲弄者舌头,Язик насмішника,,Язык насмешника,,
179,Small Golden Effigy,金の小偶像,金色小雕像,Золота статуетка,,Маленькая золотая фигурка,,
180,Small Red Effigy,赤の小偶像,红色小雕像,Червона статуетка,,Маленькая красная фигурка,,
181,Spectral Steed Whistle,霊馬の指笛,灵马哨笛,Свисток примарного скакуна,,Костяной свисток,,
182,Furlcalling Finger Remedy,鉤呼びの指薬,唤勾指药,Панацея для пальців,,Зелье Призывающего пальца,,
183,Festering Bloody Finger,爛れた血指,溃烂血指,Загноєний кривавий палець,,Гнилой окровавленный палец,,
184,Recusant Finger,背律の指,叛律指头,Палець відступника,,Мятежный палец,,
190,Rune Arc,ルーンの弧,卢恩弯弧,Рунічна дуга,,Руническая дуга,,
191,Godrick's Great Rune,ゴドリックの大ルーン,葛瑞克的大卢恩,Велика руна Ґодріка,,Великая руна Годрика,,
192,Radahn's Great Rune,ラダーンの大ルーン,拉塔恩的大卢恩,Велика руна Радана,,Великая руна Радана,,
193,Morgott's Great Rune,モーゴットの大ルーン,蒙葛特的大卢恩,Велика руна Морґотта,,Великая руна Морготта,,
194,Rykard's Great Rune,ライカードの大ルーン,拉卡德的大卢恩,Велика руна Рікарда,,Великая руна Рикарда,,
195,Mohg's Great Rune,モーグの大ルーン,蒙格的大卢恩,Велика руна Моґа,,Великая руна Мога,,
196,Malenia's Great Rune,マレニアの大ルーン,玛莲妮亚的大卢恩,Велика руна Маленії,,Великая руна Малении,,
250,Flask of Wondrous Physick,霊薬の聖杯瓶,灵药圣杯瓶,Фляга з чудодійним зіллям,,Фляга с чудесным снадобьем,,
251,Flask of Wondrous Physick,霊薬の聖杯瓶,灵药圣杯瓶,Фляга з чудодійним зіллям,,Фляга с чудесным снадобьем,,
300,Fire Pot,火炎壺,火焰壶,Вогняний горщик,,Огненный горшок,,
301,Redmane Fire Pot,赤獅子の火炎壺,红狮子火焰壶,Вогняний горщик рудогривого,,Огненный горшок Рыжей Гривы,,
302,Giantsflame Fire Pot,巨人火の火炎壺,巨人火火焰壶,Вогняний горщик полум'я велетнів,,Огненный горшок Великанского пламени,,
320,Lightning Pot,雷壺,雷电壶,Блискавковий горщик,,Горшок с молнией,,
321,Ancient Dragonbolt Pot,古竜の雷壺,古龙雷电壶,Горщик блискавки прадавнього дракона,,Горшок грома древнего дракона,,
330,Fetid Pot,糞壺,粪便壶,Смердючий горщик,,Зловонный горшок,,
340,Swarm Pot,蠅壺,苍蝇壶,Горщик з мухами,,Горшок с роем мух,,
350,Holy Water Pot,聖水壺,圣水壶,Горщик зі святою водою,,Горшок со святой водой,,
351,Sacred Order Pot,聖律壺,圣律壶,Горщик Священного устрою,,Горшок священного порядка,,
360,Freezing Pot,氷結壺,结冰壶,Морозний горщик,,Ледяной горшок,,
370,Poison Pot,毒壺,毒壶,Отруйний горщик,,Горшок яда,,
380,Oil Pot,油壷,油壶,Горщик з олією,,Горшок масла,,
390,Alluring Pot,誘い壺,诱敌壶,Вабливий горщик,,Манящий горшок,,
391,Beastlure Pot,獣誘いの壺,引兽壶,Горщик приваблення звірів,,Горшок зверя,,
400,Roped Fire Pot,紐付き火炎壺,附绳火焰壶,Вогняний горщик на мотузці,,Огненный горшок с верёвкой,,
420,Roped Lightning Pot,紐付き雷壺,附绳雷电壶,Блискавковий горщик на мотузці,,Молниевый горшок с верёвкой,,
430,Roped Fetid Pot,紐付き糞壺,附绳粪便壶,Смердючий горщик на мотузці,,Зловонный горшок с верёвкой,,
440,Roped Poison Pot,紐付き毒壺,附绳毒壶,Отруйний горщик на мотузці,,Горшок яда с верёвкой,,
450,Roped Oil Pot,紐付き油壷,附绳油壶,Горщик з олією на мотузці,,Горшок масла с верёвкой,,
460,Roped Magic Pot,紐付き魔力壺,附绳魔力壶,Магічний горщик на мотузці,,Магический горшок с верёвкой,,
470,Roped Fly Pot,紐付き蠅壺,附绳苍蝇壶,Горщик з мухами на мотузці,,Мушиный горшок с верёвкой,,
480,Roped Freezing Pot,紐付き氷結壺,附绳结冰壶,[ERROR]Roped Freezing Pot,,,,
490,Roped Volcano Pot,紐付き火山壺,附绳火山壶,Вулканічний горщик на мотузці,,Вулканический горшок с верёвкой,,
510,Roped Holy Water Pot,紐付き聖水壺,附绳圣水壶,Горщик зі святою водою на мотузці,,Горшок со святой водой с верёвкой,,
600,Volcano Pot,火山壺,火山壶,Вулканічний горщик,,Вулканический горшок,,
610,Albinauric Pot,しろがね壺,白金壶,Горщик альбінора,,Горшок альбинора,,
630,Cursed-Blood Pot,呪血壺,咒血壶,Горщик проклятої крові,,Горшок с проклятой кровью,,
640,Sleep Pot,眠り壺,催眠壶,Горщик сну,,Дремотный горшок,,
650,Rancor Pot,怨霊壺,怨魂壶,Горщик образи,,Горшок озлобленности,,
660,Magic Pot,魔力壺,魔力壶,Магічний горщик,,Магический горшок,,
661,Academy Magic Pot,学院の魔力壺,学院魔力壶,Магічний горщик академії,,Магический горшок академии,,
670,Rot Pot,腐敗壺,腐败壶,Горщик гнилі,,Горшок гниения,,
810,Rowa Raisin,ロア・レーズン,罗亚果干,Сушена горобина,,Сушёная рябина,,
811,Sweet Raisin,スイート・レーズン,甜酿果干,Солодкі родзинки,,Сладкий изюм,,
812,Frozen Raisin,フローズン・レーズン,冰冻果干,Заморожені родзинки,,Мороженый изюм,,
820,Boiled Crab,ゆでカニ,煮熟螃蟹,Варений краб,,Варёный краб,,
830,Boiled Prawn,ゆでエビ,煮熟虾子,Варена креветка,,Варёная креветка,,
900,Neutralizing Boluses,毒の苔薬,中毒苔药,Пігулки нейтралізації,,Пилюли от отравления,,
910,Stanching Boluses,出血の苔薬,出血苔药,Кровоспинні пігулки,,Пилюли от кровотечения,,
920,Thawfrost Boluses,冷気の苔薬,冻伤苔药,Талі пігулки,,Пилюли от обморожения,,
930,Stimulating Boluses,睡眠の苔薬,催眠苔药,Стимулювальні пігулки,,Стимулирующие пилюли,,
940,Preserving Boluses,腐敗の苔薬,腐败苔药,Захисні пігулки,,Оберегающие пилюли,,
950,Rejuvenating Boluses,死の苔薬,死亡苔药,Омолоджувальні пігулки,,Омолаживающие пилюли,,
960,Clarifying Boluses,発狂の苔薬,发狂苔药,Прояснювальні пігулки,,Проясняющие пилюли,,
1000,Flask of Crimson Tears,緋雫の聖杯瓶,红露滴圣杯瓶,Фляга з багряними слізьми,,Фляга багровых слёз,,
1001,Flask of Crimson Tears,緋雫の聖杯瓶,红露滴圣杯瓶,Фляга з багряними слізьми,,Фляга багровых слёз,,
1002,Flask of Crimson Tears +1,緋雫の聖杯瓶＋１,红露滴圣杯瓶＋１,Фляга з багряними слізьми +1,,Фляга багровых слёз +1,,
1003,Flask of Crimson Tears +1,緋雫の聖杯瓶＋１,红露滴圣杯瓶＋１,Фляга з багряними слізьми +1,,Фляга багровых слёз +1,,
1004,Flask of Crimson Tears +2,緋雫の聖杯瓶＋２,红露滴圣杯瓶＋２,Фляга з багряними слізьми +2,,Фляга багровых слёз +2,,
1005,Flask of Crimson Tears +2,緋雫の聖杯瓶＋２,红露滴圣杯瓶＋２,Фляга з багряними слізьми +2,,Фляга багровых слёз +2,,
1006,Flask of Crimson Tears +3,緋雫の聖杯瓶＋３,红露滴圣杯瓶＋３,Фляга з багряними слізьми +3,,Фляга багровых слёз +3,,
1007,Flask of Crimson Tears +3,緋雫の聖杯瓶＋３,红露滴圣杯瓶＋３,Фляга з багряними слізьми +3,,Фляга багровых слёз +3,,
1008,Flask of Crimson Tears +4,緋雫の聖杯瓶＋４,红露滴圣杯瓶＋４,Фляга з багряними слізьми +4,,Фляга багровых слёз +4,,
1009,Flask of Crimson Tears +4,緋雫の聖杯瓶＋４,红露滴圣杯瓶＋４,Фляга з багряними слізьми +4,,Фляга багровых слёз +4,,
1010,Flask of Crimson Tears +5,緋雫の聖杯瓶＋５,红露滴圣杯瓶＋５,Фляга з багряними слізьми +5,,Фляга багровых слёз +5,,
1011,Flask of Crimson Tears +5,緋雫の聖杯瓶＋５,红露滴圣杯瓶＋５,Фляга з багряними слізьми +5,,Фляга багровых слёз +5,,
1012,Flask of Crimson Tears +6,緋雫の聖杯瓶＋６,红露滴圣杯瓶＋６,Фляга з багряними слізьми +6,,Фляга багровых слёз +6,,
1013,Flask of Crimson Tears +6,緋雫の聖杯瓶＋６,红露滴圣杯瓶＋６,Фляга з багряними слізьми +6,,Фляга багровых слёз +6,,
1014,Flask of Crimson Tears +7,緋雫の聖杯瓶＋７,红露滴圣杯瓶＋７,Фляга з багряними слізьми +7,,Фляга багровых слёз +7,,
1015,Flask of Crimson Tears +7,緋雫の聖杯瓶＋７,红露滴圣杯瓶＋７,Фляга з багряними слізьми +7,,Фляга багровых слёз +7,,
1016,Flask of Crimson Tears +8,緋雫の聖杯瓶＋８,红露滴圣杯瓶＋８,Фляга з багряними слізьми +8,,Фляга багровых слёз +8,,
1017,Flask of Crimson Tears +8,緋雫の聖杯瓶＋８,红露滴圣杯瓶＋８,Фляга з багряними слізьми +8,,Фляга багровых слёз +8,,
1018,Flask of Crimson Tears +9,緋雫の聖杯瓶＋９,红露滴圣杯瓶＋９,Фляга з багряними слізьми +9,,Фляга багровых слёз +9,,
1019,Flask of Crimson Tears +9,緋雫の聖杯瓶＋９,红露滴圣杯瓶＋９,Фляга з багряними слізьми +9,,Фляга багровых слёз +9,,
1020,Flask of Crimson Tears +10,緋雫の聖杯瓶＋１０,红露滴圣杯瓶＋１０,Фляга з багряними слізьми +10,,Фляга багровых слёз +10,,
1021,Flask of Crimson Tears +10,緋雫の聖杯瓶＋１０,红露滴圣杯瓶＋１０,Фляга з багряними слізьми +10,,Фляга багровых слёз +10,,
1022,Flask of Crimson Tears +11,緋雫の聖杯瓶＋１１,红露滴圣杯瓶＋１１,Фляга з багряними слізьми +11,,Фляга багровых слёз +11,,
1023,Flask of Crimson Tears +11,緋雫の聖杯瓶＋１１,红露滴圣杯瓶＋１１,Фляга з багряними слізьми +11,,Фляга багровых слёз +11,,
1024,Flask of Crimson Tears +12,緋雫の聖杯瓶＋１２,红露滴圣杯瓶＋１２,Фляга з багряними слізьми +12,,Фляга багровых слёз +12,,
1025,Flask of Crimson Tears +12,緋雫の聖杯瓶＋１２,红露滴圣杯瓶＋１２,Фляга з багряними слізьми +12,,Фляга багровых слёз +12,,
1050,Flask of Cerulean Tears,青雫の聖杯瓶,蓝露滴圣杯瓶,Фляга з лазуровими слізьми,,Фляга лазурных слёз,,
1051,Flask of Cerulean Tears,青雫の聖杯瓶,蓝露滴圣杯瓶,Фляга з лазуровими слізьми,,Фляга лазурных слёз,,
1052,Flask of Cerulean Tears +1,青雫の聖杯瓶＋１,蓝露滴圣杯瓶＋１,Фляга з лазуровими слізьми +1,,Фляга лазурных слёз +1,,
1053,Flask of Cerulean Tears +1,青雫の聖杯瓶＋１,蓝露滴圣杯瓶＋１,Фляга з лазуровими слізьми +1,,Фляга лазурных слёз +1,,
1054,Flask of Cerulean Tears +2,青雫の聖杯瓶＋２,蓝露滴圣杯瓶＋２,Фляга з лазуровими слізьми +2,,Фляга лазурных слёз +2,,
1055,Flask of Cerulean Tears +2,青雫の聖杯瓶＋２,蓝露滴圣杯瓶＋２,Фляга з лазуровими слізьми +2,,Фляга лазурных слёз +2,,
1056,Flask of Cerulean Tears +3,青雫の聖杯瓶＋３,蓝露滴圣杯瓶＋３,Фляга з лазуровими слізьми +3,,Фляга лазурных слёз +3,,
1057,Flask of Cerulean Tears +3,青雫の聖杯瓶＋３,蓝露滴圣杯瓶＋３,Фляга з лазуровими слізьми +3,,Фляга лазурных слёз +3,,
1058,Flask of Cerulean Tears +4,青雫の聖杯瓶＋４,蓝露滴圣杯瓶＋４,Фляга з лазуровими слізьми +4,,Фляга лазурных слёз +4,,
1059,Flask of Cerulean Tears +4,青雫の聖杯瓶＋４,蓝露滴圣杯瓶＋４,Фляга з лазуровими слізьми +4,,Фляга лазурных слёз +4,,
1060,Flask of Cerulean Tears +5,青雫の聖杯瓶＋５,蓝露滴圣杯瓶＋５,Фляга з лазуровими слізьми +5,,Фляга лазурных слёз +5,,
1061,Flask of Cerulean Tears +5,青雫の聖杯瓶＋５,蓝露滴圣杯瓶＋５,Фляга з лазуровими слізьми +5,,Фляга лазурных слёз +5,,
1062,Flask of Cerulean Tears +6,青雫の聖杯瓶＋６,蓝露滴圣杯瓶＋６,Фляга з лазуровими слізьми +6,,Фляга лазурных слёз +6,,
1063,Flask of Cerulean Tears +6,青雫の聖杯瓶＋６,蓝露滴圣杯瓶＋６,Фляга з лазуровими слізьми +6,,Фляга лазурных слёз +6,,
1064,Flask of Cerulean Tears +7,青雫の聖杯瓶＋７,蓝露滴圣杯瓶＋７,Фляга з лазуровими слізьми +7,,Фляга лазурных слёз +7,,
1065,Flask of Cerulean Tears +7,青雫の聖杯瓶＋７,蓝露滴圣杯瓶＋７,Фляга з лазуровими слізьми +7,,Фляга лазурных слёз +7,,
1066,Flask of Cerulean Tears +8,青雫の聖杯瓶＋８,蓝露滴圣杯瓶＋８,Фляга з лазуровими слізьми +8,,Фляга лазурных слёз +8,,
1067,Flask of Cerulean Tears +8,青雫の聖杯瓶＋８,蓝露滴圣杯瓶＋８,Фляга з лазуровими слізьми +8,,Фляга лазурных слёз +8,,
1068,Flask of Cerulean Tears +9,青雫の聖杯瓶＋９,蓝露滴圣杯瓶＋９,Фляга з лазуровими слізьми +9,,Фляга лазурных слёз +9,,
1069,Flask of Cerulean Tears +9,青雫の聖杯瓶＋９,蓝露滴圣杯瓶＋９,Фляга з лазуровими слізьми +9,,Фляга лазурных слёз +9,,
1070,Flask of Cerulean Tears +10,青雫の聖杯瓶＋１０,蓝露滴圣杯瓶＋１０,Фляга з лазуровими слізьми +10,,Фляга лазурных слёз +10,,
1071,Flask of Cerulean Tears +10,青雫の聖杯瓶＋１０,蓝露滴圣杯瓶＋１０,Фляга з лазуровими слізьми +10,,Фляга лазурных слёз +10,,
1072,Flask of Cerulean Tears +11,青雫の聖杯瓶＋１１,蓝露滴圣杯瓶＋１１,Фляга з лазуровими слізьми +11,,Фляга лазурных слёз +11,,
1073,Flask of Cerulean Tears +11,青雫の聖杯瓶＋１１,蓝露滴圣杯瓶＋１１,Фляга з лазуровими слізьми +11,,Фляга лазурных слёз +11,,
1074,Flask of Cerulean Tears +12,青雫の聖杯瓶＋１２,蓝露滴圣杯瓶＋１２,Фляга з лазуровими слізьми +12,,Фляга лазурных слёз +12,,
1075,Flask of Cerulean Tears +12,青雫の聖杯瓶＋１２,蓝露滴圣杯瓶＋１２,Фляга з лазуровими слізьми +12,,Фляга лазурных слёз +12,,
1100,Pickled Turtle Neck,亀首漬け,腌制龟颈肉,Маринована шия черепахи,,Маринованная шея черепахи,,
1110,Immunizing Cured Meat,免疫の干し肉,免疫肉干,Захисне в'ялене м'ясо,,Полезное вяленое мясо,,
1120,Invigorating Cured Meat,頑健の干し肉,健壮肉干,Живильне в'ялене м'ясо,,Живительное вяленое мясо,,
1130,Clarifying Cured Meat,正気の干し肉,理智肉干,Прояснювальне в'ялене м'ясо,,Просветляющее вяленое мясо,,
1140,Dappled Cured Meat,斑色の干し肉,斑斓肉干,Рябе в'ялене м'ясо,,Пёстрое вяленое мясо,,
1150,Spellproof Dried Liver,抗魔の干し肝,抗魔肝脏干,Протимагічна сушена печінка,,Чаростойкая сушёная печень,,
1160,Fireproof Dried Liver,抗炎の干し肝,抗火肝脏干,Вогнетривка сушена печінка,,Огнестойкая сушёная печень,,
1170,Lightningproof Dried Liver,抗雷の干し肝,抗雷肝脏干,Протиблискавкова сушена печінка,,Молниестойкая сушёная печень,,
1180,Holyproof Dried Liver,抗聖の干し肝,抗圣肝脏干,Протисвященна сушена печінка,,Молитвостойкая сушёная печень,,
1190,Silver-Pickled Fowl Foot,鳥脚の白銀漬け,腌制白银鸟爪,Маринована в сріблі пташина лапка,,Маринованная птичья лапка,,
1200,Gold-Pickled Fowl Foot,鳥脚の黄金漬け,腌制黄金鸟爪,Маринована в золоті пташина лапка,,Позолоченная птичья лапка,,
1210,Exalted Flesh,勇者の肉塊,勇者肉块,Вишукане м'ясо,,Изысканное мясо,,
1220,Deathsbane Jerky,抗死の干し肉,抗死肉干,[ERROR]Deathsbane Jerky,,Изысканное мясо,,
1235,Raw Meat Dumpling,生肉団子,生肉丸,Сира фрикаделька,,Сырая тефтелька,,
1240,Shabriri Grape,シャブリリのブドウ,夏玻利利葡萄,Виноград Шабрірі,,Виноград Шабрири,,
1290,Starlight Shards,星光の欠片,星光碎片,Уламки зоряного світла,,Осколки звездосвета,,
1310,Immunizing White Cured Meat,免疫の干し白肉,免疫白肉干,Захисне біле в'ялене м'ясо,,Белое полезное вяленое мясо,,
1320,Invigorating White Cured Meat,頑健の干し白肉,健壮白肉干,Живильне біле в'ялене м'ясо,,Белое живительное вяленое мясо,,
1330,Clarifying White Cured Meat,正気の干し白肉,理智白肉干,Прояснювальне біле в'ялене м'ясо,,Белое просветляющее вяленое мясо,,
1340,Dappled White Cured Meat,斑色の干し白肉,斑斓白肉干,Рябе біле в'ялене м'ясо,,Белое пёстрое вяленое мясо,,
1350,Deathsbane White Jerky,抗死の干し白肉,抗死白肉干,[ERROR]Deathsbane White Jerky,,,,
1400,Fire Grease,火脂,火油脂,Вогняне мастило,,Огненная смазка,,
1410,Lightning Grease,雷脂,雷油脂,Блискавкове мастило,,Молниевая смазка,,
1420,Magic Grease,魔力脂,魔力油脂,Магічне мастило,,Магическая смазка,,
1430,Holy Grease,聖脂,圣油脂,Священне мастило,,Святая смазка,,
1440,Blood Grease,血脂,出血油脂,Криваве мастило,,Кровавая смазка,,
1450,Soporific Grease,眠り脂,催眠油脂,Снодійне мастило,,Усыпляющая смазка,,
1460,Poison Grease,毒脂,中毒油脂,Отруйне мастило,,Ядовитая смазка,,
1470,Freezing Grease,氷結脂,结冰油脂,Морозне мастило,,Ледяная смазка,,
1480,Dragonwound Grease,竜傷脂,伤龙油脂,Протидраконяче мастило,,Смазка из драконьей раны,,
1490,Rot Grease,腐敗脂,腐败油脂,Гнильне мастило,,Гнилая смазка,,
1500,Drawstring Fire Grease,紐付き火脂,附绳火油脂,Вогняне мастило з ниткою,,Огненная смазка с нитью,,
1510,Drawstring Lightning Grease,紐付き雷脂,附绳雷油脂,Блискавкове мастило з ниткою,,Молниевая смазка с нитью,,
1520,Drawstring Magic Grease,紐付き魔力脂,附绳魔力油脂,Магічне мастило з ниткою,,Магическая смазка с нитью,,
1530,Drawstring Holy Grease,紐付き聖脂,附绳圣油脂,Священне мастило з ниткою,,Святая смазка с нитью,,
1540,Drawstring Blood Grease,紐付き血脂,附绳出血油脂,Криваве мастило з ниткою,,Кровавая смазка с нитью,,
1550,Drawstring Soporific Grease,紐付き眠り脂,附绳催眠油脂,Снодійне мастило з ниткою,,Усыпляющая смазка с нитью,,
1560,Drawstring Poison Grease,紐付き毒脂,附绳中毒油脂,Отруйне мастило з ниткою,,Ядовитая смазка с нитью,,
1570,Drawstring Freezing Grease,紐付き氷結脂,附绳结冰油脂,[ERROR]Drawstring Freezing Grease,,Ледяная смазка с нитью,,
1590,Drawstring Rot Grease,紐付き腐敗脂,附绳腐败油脂,Гнильне мастило з ниткою,,Гнилая смазка с нитью,,
1690,Shield Grease,盾脂,坚盾油脂,Мастило для щита,,Защитная смазка,,
1700,Throwing Dagger,スローイングダガー,投掷匕首,Метальний кинджал,,Метательный кинжал,,
1710,Bone Dart,骨の投げ矢,兽骨飞刀,Кістковий дротик,,Костяной дротик,,
1720,Poisonbone Dart,骨の毒投げ矢,兽骨毒飞刀,Отруйний кістковий дротик,,Ядовитый костяной дротик,,
1730,Kukri,ククリ,廓尔喀弯刀,Кукрі,,Кукри,,
1740,Crystal Dart,結晶投げ矢,结晶飞刀,Кристалічний дротик,,Кристальный дротик,,
1750,Fan Daggers,扇投暗器,扇形暗器,Віялові кинджали,,Веерные кинжалы,,
1760,Ruin Fragment,遺跡石,遗迹石,Уламок руїн,,Обломок руин,,
1830,Explosive Stone,爆発石,爆炸石,Вибуховий камінь,,Взрывной камень,,
1831,Explosive Stone Clump,爆発石の塊,爆炸石块,Грудка вибухових каменів,,Взрывной булыжник,,
1840,Poisoned Stone,毒石,毒石,Отруйний камінь,,Ядовитый камень,,
1841,Poisoned Stone Clump,毒石の塊,毒石块,Грудка отруйних каменів,,Ядовитый булыжник,,
2020,Rainbow Stone,虹色石,虹彩石,Веселковий камінь,,Радужный камень,,
2030,Glowstone,灯り石,照明石,Сяйний камінь,,Светящийся камень,,
2040,Telescope,遠眼鏡,望远镜,Зорова труба,,Телескоп,,
2050,Grace Mimic,祝福擬き,拟态赐福,Імітація благодаті,,Ложная благодать,,
2070,Lantern,ランタン,携带照明灯,Ліхтар,,Фонарь,,
2080,Blasphemous Claw,冒涜の爪,亵渎兽爪,Кіготь блюзнірства,,Богохульный коготь,,
2090,Deathroot,死の根,死根,Корінь смерті,,Корень Смерти,,
2100,Soft Cotton,ふんわり綿,柔软棉花,М'яка бавовна,,Мягкий хлопок,,
2120,Soap,石鹸,肥皂,Мило,,Мыло,,
2130,Celestial Dew,星の雫,星星泪滴,Небесна роса,,Небесная роса,,
2140,Margit's Shackle,マルギットの拘束具,玛尔基特的囚具,Кайдани Марґіта,,Оковы Маргита,,
2150,Mohg's Shackle,モーグの拘束具,蒙格的囚具,Кайдани Моґа,,Оковы Мога,,
2160,Pureblood Knight's Medal,純血騎士褒章,纯血骑士勋章,Медаль чистокровного лицаря,,Медаль чистокровного рыцаря,,
2190,Miquella's Needle,ミケラの針,米凯拉的针,Голка Мікелли,,Игла Микеллы,,
2200,"Prattling Pate ""Hello""",呼び声頭「こんにちは」,唤声泥颅“你好”,Говірка голова «Привіт»,,Говорящая голова «Привет»,,
2201,"Prattling Pate ""Thank you""",呼び声頭「ありがとう」,唤声泥颅“谢谢”,Говірка голова «Дякую»,,Говорящая голова «Спасибо»,,
2202,"Prattling Pate ""Apologies""",呼び声頭「ごめんなさい」,唤声泥颅“对不起”,Говірка голова «Вибач»,,Говорящая голова «Простите»,,
2203,"Prattling Pate ""Wonderful""",呼び声頭「すばらしい！」,唤声泥颅“太棒了！”,Говірка голова «Чудово»,,Говорящая голова «Прекрасно»,,
2204,"Prattling Pate ""Please help""",呼び声頭「助けてくれ…」,唤声泥颅“救命啊……”,Говірка голова «Допоможи»,,Говорящая голова «Помогите»,,
2205,"Prattling Pate ""My beloved""",呼び声頭「愛している」,唤声泥颅“我爱你”,Говірка голова «Моє кохання»,,Говорящая голова «Моя любовь»,,
2206,"Prattling Pate ""Let's get to it""",呼び声頭「はじめようか」,唤声泥颅“我们开始吧”,Говірка голова «До справи»,,Говорящая голова «Вперёд»,,
2207,"Prattling Pate ""You're beautiful""",呼び声頭「貴方は美しいわ」,唤声泥颅“你长得很好看”,Говірка голова «Твоя краса безмежна»,,Говорящая голова «Ты прекраснее всех»,,
2900,Golden Rune [1],黄金のルーン【１】,黄金卢恩【１】,Золота руна [1],,Руна бедняка,,
2901,Golden Rune [2],黄金のルーン【２】,黄金卢恩【２】,Золота руна [2],,Руна жителя окраин [1],,
2902,Golden Rune [3],黄金のルーン【３】,黄金卢恩【３】,Золота руна [3],,Руна жителя окраин [2],,
2903,Golden Rune [4],黄金のルーン【４】,黄金卢恩【４】,Золота руна [4],,Руна жителя окраин [3],,
2904,Golden Rune [5],黄金のルーン【５】,黄金卢恩【５】,Золота руна [5],,Руна жителя окраин [4],,
2905,Golden Rune [6],黄金のルーン【６】,黄金卢恩【６】,Золота руна [6],,Руна жителя низин [1],,
2906,Golden Rune [7],黄金のルーン【７】,黄金卢恩【７】,Золота руна [7],,Руна жителя низин [2],,
2907,Golden Rune [8],黄金のルーン【８】,黄金卢恩【８】,Золота руна [8],,Руна жителя низин [3],,
2908,Golden Rune [9],黄金のルーン【９】,黄金卢恩【９】,Золота руна [9],,Руна жителя низин [4],,
2909,Golden Rune [10],黄金のルーン【１０】,黄金卢恩【１０】,Золота руна [10],,Руна златоглазого [1],,
2910,Golden Rune [11],黄金のルーン【１１】,黄金卢恩【１１】,Золота руна [11],,Руна златоглазого [2],,
2911,Golden Rune [12],黄金のルーン【１２】,黄金卢恩【１２】,Золота руна [12],,Руна златоглазого [3],,
2912,Golden Rune [13],黄金のルーン【１３】,黄金卢恩【１３】,Золота руна [13],,Руна златоглазого [4],,
2913,Numen's Rune,稀人のルーン,稀人卢恩,Руна нумена,,Руна древнего [1],,
2914,Hero's Rune [1],英雄のルーン【１】,英雄卢恩【１】,Руна героя [1],,Руна древнего [2],,
2915,Hero's Rune [2],英雄のルーン【２】,英雄卢恩【２】,Руна героя [2],,Руна древнего [3],,
2916,Hero's Rune [3],英雄のルーン【３】,英雄卢恩【３】,Руна героя [3],,Руна древнего [4],,
2917,Hero's Rune [4],英雄のルーン【４】,英雄卢恩【４】,Руна героя [4],,Руна нумена,,
2918,Hero's Rune [5],英雄のルーン【５】,英雄卢恩【５】,Руна героя [5],,Руна героя,,
2919,Lord's Rune,王のルーン,王之卢恩,Руна володаря,,Руна повелителя,,
2950,Remembrance of the Grafted,接ぎ木の追憶,接肢的追忆,Спогад про Приживленого,,Воспоминание о Сторуком,,
2951,Remembrance of the Starscourge,星砕きの追憶,碎星的追忆,Спогад про Бича зірок,,Воспоминание о Биче Звёзд,,
2952,Remembrance of the Omen King,忌み王の追憶,恶兆王的追忆,Спогад про короля передвісників,,Воспоминание о короле знамений,,
2953,Remembrance of the Blasphemous,冒涜の君主の追憶,亵渎君王的追忆,Спогад про Блюзніра,,Воспоминание о богохульнике,,
2954,Remembrance of the Rot Goddess,腐敗の女神の追憶,腐败女神的追忆,Спогад про богиню гнилі,,Воспоминание о Богине Гнили,,
2955,Remembrance of the Blood Lord,血の君主の追憶,鲜血君王的追忆,Спогад про Володаря крові,,Воспоминание о Повелителе Крови,,
2956,Remembrance of the Black Blade,黒き剣の追憶,黑剑的追忆,Спогад про Чорний клинок,,Воспоминание о Чёрном Клинке,,
2957,Remembrance of Hoarah Loux,ホーラ・ルーの追憶,荷莱·露的追忆,Спогад про Гора Лу,,Воспоминание о Хоаре Луксе,,
2958,Remembrance of the Dragonlord,竜王の追憶,龙王的追忆,Спогад про Володаря драконів,,Воспоминание о владыке драконов,,
2959,Remembrance of the Full Moon Queen,満月の女王の追憶,满月女王的追忆,Спогад про королеву повні,,Воспоминание о Полнолунной королеве,,
2960,Remembrance of the Lichdragon,死竜の追憶,死龙的追忆,Спогад про дракона смерті,,Воспоминание о драконе-личе,,
2961,Remembrance of the Fire Giant,火の巨人の追憶,火焰巨人的追忆,Спогад про вогняного велетня,,Воспоминание об огненном великане,,
2962,Remembrance of the Regal Ancestor,祖霊の王の追憶,祖灵之王的追忆,Спогад про королівського предка,,Воспоминание о величавом предке,,
2963,Elden Remembrance,エルデの追憶,艾尔登的追忆,Спогад про Елден,,Воспоминание об Элдене,,
2964,Remembrance of the Naturalborn,暗黒の落とし子の追憶,黑暗弃子的追忆,Спогад про Породження,,Воспоминание о Рождённом Бездной,,
2990,Lands Between Rune,狭間の地のルーン,交界地卢恩,Руна Межизем'я,,Руна Междуземья,,
3000,Ancestral Infant's Head,幼祖霊の頭,稚幼祖灵头部,Голова немовляти предків,,Голова юного предка,,
3010,Omen Bairn,忌み水子,恶兆幼子像,Дитинча передвісників,,Дитя знамения,,
3011,Regal Omen Bairn,王家の忌み水子,王室恶兆幼子像,Королівське дитинча передвісників,,Величавое дитя знамения,,
3020,Miranda's Prayer,ミランダの祈り,米兰达的祈祷,[ERROR]Miranda's Prayer,,Молитва миранды,,
3030,Cuckoo Glintstone,カッコウの輝石,杜鹃辉石,Блискамінь зозулі,,Блестящий камень Кукушки,,
3040,Mimic's Veil,擬態のヴェール,拟态面纱,Вуаль імітації,,Вуаль ложности,,
3050,Glintstone Scrap,屑輝石,崩裂辉石,Уламок блискаменю,,Обломок блестящего камня,,
3051,Large Glintstone Scrap,大きな屑輝石,大块崩裂辉石,Великий уламок блискаменю,,Большой обломок блестящего камня,,
3060,Gravity Stone Fan,扇の重力石,扇形重力石,Віяло гравікаменю,,Веерный гравитационный камень,,
3070,Gravity Stone Chunk,塊の重力石,块状重力石,Шмат гравікаменю,,Кусок гравитационного камня,,
3080,Wraith Calling Bell,呪霊喚びの鈴,召咒魂铃,Дзвоник виклику примар,,Колокольчик призыва призраков,,
3300,Holy Water Grease,聖水脂,圣水油脂,[ERROR]Holy Water Grease,,Смазка со святой водой,,
3310,Warming Stone,ぬくもり石,温热石,Зігрівальний камінь,,Согревающий камень,,
3311,Frenzyflame Stone,狂い火石,癫火石,Камінь несамовитого полум'я,,Камень Яростного Пламени,,
3320,Scriptstone,言の葉石,絮语石,Камінь з написом,,Обломок руин с письменами,,
3350,Bewitching Branch,誘惑の枝,魅惑树枝,Зачарована гілка,,Чародейная ветвь,,
3360,Baldachin's Blessing,帳の恩寵,床帘恩泽,Благословення балдахіна,,Благословление балдахина,,
3361,Radiant Baldachin's Blessing,光射す帳の恩寵,透光床帘恩泽,Благословення променистого балдахіна,,Благословление сияющего балдахина,,
3500,Uplifting Aromatic,高揚の香り,振奋香,Бадьорливий аромат,,Бодрящий аромат,,
3510,Spark Aromatic,火花の香り,火花香,Іскристий аромат,,Искрящийся аромат,,
3520,Ironjar Aromatic,鉄壺の香薬,铁壶香药,Аромат залізного горщика,,Аромат железного горшка,,
3550,Bloodboil Aromatic,狂熱の香薬,狂热香药,Аромат кип'яченої крові,,Аромат вскипания крови,,
3580,Poison Spraymist,毒の噴霧,毒发喷雾,Отруйний розпил,,Ядовитый распылитель,,
3610,Acid Spraymist,酸の噴霧,酸蚀喷雾,Токсичний розпил,,Кислотный туман,,
4000,Glintstone Pebble,輝石のつぶて,辉石魔砾,Блискамінчик,,Снаряды блестящих камней,,
4001,Great Glintstone Shard,輝石の大つぶて,辉石大魔砾,Великий уламок блискаменю,,Великий осколок блестящего камня,,
4010,Swift Glintstone Shard,輝石の速つぶて,辉石迅魔砾,Швидкий уламок блискаменю,,Быстрый осколок блестящего камня,,
4020,Glintstone Cometshard,輝石の彗星,辉石彗星,Блискамінний уламок комети,,Осколок кометы блестящего камня,,
4021,Comet,ほうき星,帚星,Комета,,Комета,,
4030,Shard Spiral,渦巻くつぶて,旋飞魔砾,Спіральний уламок,,Спиральный осколок,,
4040,Glintstone Stars,輝石の流星,辉石流星,Блискамінні зірки,,Блестящие звёзды,,
4050,Star Shower,流星群,流星雨,Зоряна злива,,Звездопад,,
4060,Crystal Barrage,結晶連弾,结晶连弹,Кристалічний шквал,,Кристальный шквал,,
4070,Glintstone Arc,輝石のアーク,辉石弯弧,Блискамінна дуга,,Блестящая дуга,,
4080,Cannon of Haima,ハイマの砲丸,海摩炮弹,Гармата Гайми,,Пушка Хаймы,,
4090,Crystal Burst,結晶散弾,结晶散射,Кристалічний залп,,Кристальный залп,,
4100,Shatter Earth,岩盤砕き,爆碎岩盘,Розбиття землі,,Дрожь земли,,
4110,Rock Blaster,岩盤発破,爆破岩盘,Руйнівник скель,,Разрушитель камня,,
4120,Gavel of Haima,ハイマの大槌,海摩大槌,Молот Гайми,,Молоток Хаймы,,
4130,Terra Magicus,魔術の地,魔法之境,Магічний край,,Зачарованные земли,,
4140,Starlight,星灯り,星光,Зоряне сяйво,,Звездосвет,,
4200,Comet Azur,彗星アズール,彗星亚兹勒,Комета Азура,,Комета Азура,,
4210,Founding Rain of Stars,創星雨,创星雨,Первісний зоряний дощ,,Первый звёздный дождь,,
4220,Stars of Ruin,滅びの流星,毁灭流星,Руйнівні зірки,,Гибельные звёзды,,
4300,Glintblade Phalanx,輝剣の円陣,辉剑圆阵,Фаланга блискамінного клинка,,Фаланга сияющего меча,,
4301,Carian Phalanx,カーリアの円陣,卡利亚圆阵,Карійська фаланга,,Карианская фаланга,,
4302,Greatblade Phalanx,巨剣陣,巨剑阵,Фаланга великого клинка,,Фаланга большого меча,,
4360,Rennala's Full Moon,レナラの満月,蕾娜菈的满月,Повня Реннали,,Полная Луна Ренналы,,
4361,Ranni's Dark Moon,ラニの暗月,菈妮的暗月,Темний місяць Ранні,,Тёмная Луна Ренни,,
4370,Magic Downpour,降り注ぐ魔力,天降魔力,Магічна злива,,Зачарованный ливень,,
4380,Loretta's Greatbow,ローレッタの大弓,罗蕾塔的大弓,Великий лук Лоретти,,Большой лук Лоретты,,
4381,Loretta's Mastery,ローレッタの絶技,罗蕾塔的绝招,Майстерність Лоретти,,Мастерство Лоретты,,
4390,Magic Glintblade,魔術の輝剣,魔法辉剑,Магічний блискамінний клинок,,Волшебный блестящий клинок,,
4400,Glintstone Icecrag,輝石の氷塊,辉石冰块,Блискамінна коиша,,Глыба ледяных блестящих камней,,
4410,Zamor Ice Storm,ザミェルの氷嵐,萨米尔冰风暴,Льодяний шторм Замора,,Снежная буря Замора,,
4420,Freezing Mist,氷の霧,冰雾,Морозний туман,,Ледяной туман,,
4430,Carian Greatsword,カーリアの大剣,卡利亚大剑,Карійський великий меч,,Карианский двуручник,,
4431,Adula's Moonblade,アデューラの月の剣,亚杜拉的月光剑,Місячний клинок Адули,,Лунный клинок Адула,,
4440,Carian Slicer,カーリアの速剣,卡利亚迅剑,Карійський сікач,,Карианский резак,,
4450,Carian Piercer,カーリアの貫き,卡利亚贯刺,Карійський укус,,Карианское жало,,
4460,Scholar's Armament,魔力の武器,魔力武器,Зброя вченого,,Оружие учёного,,
4470,Scholar's Shield,魔力の盾,魔力盾牌,Щит вченого,,Щит учёного,,
4480,Lucidity,冷静,镇定,Ясність,,Ясность рассудка,,
4490,Frozen Armament,氷結の武器,结冰武器,Морозна зброя,,Ледяное оружие,,
4500,Shattering Crystal,砕け散る結晶,爆散结晶,Кристалічні уламки,,Раскалывающий кристалл,,
4510,Crystal Release,結晶の解放,飞散结晶,Звільнення кристалів,,Кристальный град,,
4520,Crystal Torrent,放たれる結晶,奔放结晶,Кристалічна злива,,Кристальный ураган,,
4600,Ambush Shard,奇襲のつぶて,奇袭魔砾,Підступний уламок,,Осколок засады,,
4610,Night Shard,夜のつぶて,黑夜魔砾,Нічний уламок,,Осколок ночи,,
4620,Night Comet,夜の彗星,黑夜彗星,Нічна комета,,Комета ночи,,
4630,Thops's Barrier,トープスの力場,托普斯的力场,Бар'єр Топса,,Преграда Топса,,
4640,Carian Retaliation,カーリアの返報,卡利亚式奉还,Карійська відплата,,Карианское возмездие,,
4650,Eternal Darkness,永遠の暗黒,亘古黑暗,Вічна пітьма,,Вечная тьма,,
4660,Unseen Blade,見えざる刃,无形刀刃,Невидимий клинок,,Невидимый клинок,,
4670,Unseen Form,見えざる姿,化为无形,Невидима форма,,Невидимая форма,,
4700,Meteorite,メテオライト,陨石,Метеорит,,Метеорит,,
4701,Meteorite of Astel,アステール・メテオ,艾丝缇陨石,Метеорит Астеля,,Метеорит Астеля,,
4710,Rock Sling,岩石弾,岩石球,Праща,,Метательный камень,,
4720,Gravity Well,重力弾,重力球,Гравітаційний колодязь,,Колодец гравитации,,
4721,Collapsing Stars,星砕き,碎星,Зорелам,,Умирающие звёзды,,
4800,Magma Shot,溶岩弾,熔岩球,Постріл магми,,Выстрел магмы,,
4810,Gelmir's Fury,ゲルミアの怒り,格密尔之怒,Ґельмірська лють,,Гнев Гельмира,,
4820,Roiling Magma,たぎる溶岩,滚烫熔岩,Бурхлива магма,,Бурлящая магма,,
4830,Rykard's Rancor,ライカードの怨霊,拉卡德的怨魂,Образа Рікарда,,Злоба Рикарда,,
4900,Briars of Sin,罪の茨,罪恶荆棘,Шипи гріха,,Шипы греха,,
4910,Briars of Punishment,罰の茨,责罚荆棘,Шипи покарання,,Карающие шипы,,
5000,Rancorcall,怨霊呼び,召唤怨魂,Поклик помсти,,Зов мести,,
5001,Ancient Death Rancor,古き死の怨霊,古老死亡怨魂,Прадавня смертельна образа,,Месть древних мертвецов,,
5010,Explosive Ghostflame,爆ぜる霊炎,迸发灵火,Вибухове примарне полум'я,,Взрывное пламя смерти,,
5020,Fia's Mist,フィアの霧,菲雅烟雾,Туман Фії,,Туман Фии,,
5030,Tibia's Summons,ティビアの呼び声,提比亚的唤声,Поклик човняра,,Зов Тибии,,
5040,Death Lightning,死の雷撃,死亡雷击,Смертоносна блискавка,,Смертоносная молния,,
5100,Oracle Bubbles,神託のシャボン,神谕泡泡,Бульбашки оракула,,Пузыри оракула,,
5110,Great Oracular Bubble,神託の大シャボン,神谕大泡泡,Велика бульбашка оракула,,Большой загадочный пузырь,,
6000,Catch Flame,火付け,燃火,Запалювання,,Поджог,,
6001,"O, Flame!",火よ！,火焰啊！,"О, полум'я!",,О пламя!,,
6010,Flame Sling,火投げ,投火,Полум'яна праща,,Огненный бросок,,
6020,"Flame, Fall Upon Them",火よ、降り注げ,火焰啊，倾注吧,"Спали їх, полум'я",,"Пламя, испепели их",,
6030,"Whirl, O Flame!",火よ、渦巻け,火焰啊，缠绕吧,"Кружляй, полум'я!",,"Кружись, пламя!",,
6040,"Flame, Cleanse Me",火の癒しよ,火焰的疗愈啊,"Очисть мене, полум'я",,"Пламя, очисти меня от скверны",,
6050,"Flame, Grant Me Strength",火よ、力を！,火焰啊，赐予我力量！,"Дай мені сил, полум'я",,"Пламя, даруй мне силу",,
6060,"Flame, Protect Me",火の護りよ,火焰的庇佑啊,"Захисти мене, полум'я",,"Пламя, защити меня",,
6100,Giantsflame Take Thee,巨人の火をくらえ,感受巨人火焰吧,Нехай полум'я велетнів поглине тебе,,Великанское пламя поглотит тебя,,
6110,Flame of the Fell God,悪神の火,恶神火焰,Полум'я занепалого бога,,Пламя падшего бога,,
6120,"Burn, O Flame!",火よ、焼き尽くせ！,火焰啊，吞噬一切！,"Пали, полум'я!",,"Обжигай, пламя!",,
6210,Black Flame,黒炎,黑焰,Чорне полум'я,,Чёрное пламя,,
6220,"Surge, O Flame!",火よ、迸れ,火焰啊，喷发吧,"Розгоряйся, полум'я!",,"Гори ясно, пламя!",,
6230,Scouring Black Flame,薙ぎ払う黒炎,横扫黑焰,Очисне чорне полум'я,,Карающее чёрное пламя,,
6240,Black Flame Ritual,黒炎の儀式,黑焰仪式,Ритуал чорного полум'я,,Ритуал чёрного пламени,,
6250,Black Flame Blade,黒炎の刃,黑焰刀刃,Клинок чорного полум'я,,Клинок чёрного пламени,,
6260,Black Flame's Protection,黒炎の護り,黑焰庇佑,Захист чорного полум'я,,Защита чёрного пламени,,
6270,Noble Presence,貴種の腹芸,贵族气场,Шляхетна присутність,,Благородное присутствие,,
6300,Bloodflame Talons,血炎の爪痕,血焰爪痕,Пазурі кривавого полум'я,,Когти кровавого пламени,,
6310,Bloodboon,血授,授血,Кривавий дар,,Подаяние крови,,
6320,Bloodflame Blade,血炎の刃,血焰刀刃,Клинок кривавого полум'я,,Клинок кровавого пламени,,
6330,Barrier of Gold,黄金の魔力防護,黄金魔力防护,Золотий бар'єр,,Золотая преграда,,
6340,Protection of the Erdtree,黄金樹の護り,黄金树庇佑,Захист Золотого дерева,,Покровительство Древа Эрд,,
6400,Rejection,拒絶,拒绝,Відмова,,Отказ,,
6410,Wrath of Gold,黄金の怒り,黄金之怒,Золотий гнів,,Золотой гнев,,
6420,Urgent Heal,性急な回復,紧急恢复,Нагальне зцілення,,Срочное лечение,,
6421,Heal,回復,恢复,Зцілення,,Лечение,,
6422,Great Heal,大回復,大恢复,Велике зцілення,,Мощное лечение,,
6423,Lord's Heal,王たる回復,王之恢复,Зцілення володаря,,Лечение Повелителя,,
6424,Erdtree Heal,黄金樹の回復,黄金树恢复,Зцілення Золотого дерева,,Лечение Древа Эрд,,
6430,Blessing's Boon,恵みの祝福,恩惠赐福,Дар благословення,,Благословенный дар,,
6431,Blessing of the Erdtree,黄金樹の恵み,黄金树恩惠,Благословення Золотого дерева,,Благословение Древа Эрд,,
6440,Cure Poison,毒の治癒,疗愈毒性,Зцілення від отруєння,,Исцеляющий яд,,
6441,Lord's Aid,王たる癒し,王之疗愈,Допомога володаря,,Помощь Повелителя,,
6450,Flame Fortification,炎防護,火防护,Вогняне укріплення,,Защита от огня,,
6460,Magic Fortification,魔力防護,魔力防护,Магічне укріплення,,Защита от магии,,
6470,Lightning Fortification,雷防護,雷防护,Блискавкове укріплення,,Защита от молнии,,
6480,Divine Fortification,聖防護,圣防护,Божественне укріплення,,Божественная защита,,
6490,Lord's Divine Fortification,王たる聖防護,王之圣防护,Божественне укріплення володаря,,Божественная защита Повелителя,,
6500,Night Maiden's Mist,夜巫女の霧,黑夜女巫烟雾,Туман служиці ночі,,Туман ночной служанки,,
6510,Assassin's Approach,暗部の歩法,刺客步法,Манера вбивці,,Поступь убийцы,,
6520,Shadow Bait,影送り,诱敌幻影,Тіньова приманка,,Теневая приманка,,
6530,Darkness,暗闇,黑暗,Темрява,,Мгла,,
6600,Golden Vow,黄金樹に誓って,黄金树立誓,Золота обітниця,,Золотой обет,,
6700,Discus of Light,光輪,光环,Диск світла,,Сияющий диск,,
6701,Triple Rings of Light,三なる光輪,化三光环,Потрійні кільця світла,,Тройные кольца света,,
6710,Radagon's Rings of Light,ラダゴンの光輪,拉达冈的光环,Кільця світла Радаґона,,Кольца света Радагона,,
6720,Elden Stars,エルデの流星,艾尔登流星,Елденські зорі,,Звёзды Элдена,,
6730,Law of Regression,回帰性原理,回归性原理,Закон регресії,,Принцип регрессии,,
6740,Immutable Shield,不易の盾,不变盾牌,Незмінний щит,,Непреложный щит,,
6750,Litany of Proper Death,死を正す聖律,纠死圣律,Літанія справжньої смерті,,Литания истинной смерти,,
6760,Law of Causality,因果性原理,因果性原理,Закон причинності,,Закон причины и следствия,,
6770,Order's Blade,聖律の剣,圣律剑刃,Клинок устрою,,Клинок порядка,,
6780,Order Healing,聖律の治癒,圣律疗愈,Зцілення устрою,,Лечение порядка,,
6800,Bestial Sling,獣の石,兽石,Праща звіра,,Звериная праща,,
6810,Stone of Gurranq,グラングの岩,古兰格的岩石,Камінь Ґурранка,,Камень Гурранка,,
6820,Beast Claw,獣爪,兽爪,Пазур звіра,,Коготь зверя,,
6830,Gurranq's Beast Claw,グラングの獣爪,古兰格的兽爪,Пазур Ґурранка,,Коготь Гурранка,,
6840,Bestial Vitality,獣の生命,野兽活力,Звірина живучість,,Звериная живучесть,,
6850,Bestial Constitution,獣の頑健,野兽健壮,Звірине тіло,,Звериное тело,,
6900,Lightning Spear,雷の槍,雷电枪,Блискавковий спис,,Громовое копьё,,
6910,Ancient Dragons' Lightning Strike,古竜の雷撃,古龙雷击,Блискавковий удар прадавніх драконів,,Сноп молний древних драконов,,
6920,Lightning Strike,雷撃,雷击,Блискавковий удар,,Сноп молний,,
6921,Frozen Lightning Spear,氷の雷槍,冰雷枪,Морозний блискавковий спис,,Ледяное громовое копьё,,
6930,Honed Bolt,狙いすます雷撃,精准雷击,Відточена блискавка,,Прицельный удар,,
6940,Ancient Dragons' Lightning Spear,古竜の雷槍,古龙雷枪,Блискавковий спис прадавніх драконів,,Громовое копьё древних драконов,,
6941,Fortissax's Lightning Spear,フォルサクスの雷槍,弗尔桑克斯的雷枪,Блискавковий спис Фортисакса,,Громовое копьё Фортисакса,,
6950,Lansseax's Glaive,ランサクスの薙刀,兰斯桑克斯的刀,Глефа Лансакс,,Глефа Лансеакса,,
6960,Electrify Armament,雷の武器,雷武器,Наелектризована зброя,,Электрическое оружие,,
6970,Vyke's Dragonbolt,ヴァイクの竜雷,维克的龙雷,Драконяча блискавка Вайка,,Драконий удар Вика,,
6971,Dragonbolt Blessing,竜雷の加護,龙雷庇佑,Благословення драконячої блискавки,,Дар драконьего грома,,
7000,Dragonfire,竜炎,龙焰,Вогонь дракона,,Дыхание дракона,,
7001,Agheel's Flame,アギールの炎,亚基尔的火焰,Полум'я Еґіла,,Пламя Эгхила,,
7010,Magma Breath,溶岩ブレス,熔岩吐息,Магмовий подих,,Лавовое дыхание,,
7011,Theodorix's Magma,テオドリックスの溶岩,席欧朵利克的熔岩,Магма Теодорикса,,Магма Теодорикса,,
7020,Dragonice,竜氷,龙冰,Лід дракона,,Ледяной дракон,,
7021,Borealis's Mist,ボレアリスの氷霧,玻列琉斯的冰雾,Туман Бореала,,Туман Борелиса,,
7030,Rotten Breath,腐敗ブレス,腐败吐息,Гнильний подих,,Гнилое дыхание,,
7031,Ekzykes's Decay,エグズキスの腐敗,艾格基斯的腐败,Гниль Екзикеса,,Гниение Экзикеса,,
7040,Glintstone Breath,輝石ブレス,辉石吐息,Блискамінний подих,,Блестящее дыхание,,
7041,Smarag's Glintstone Breath,スマラグの輝石,史玛拉格的辉石,Блискамінний подих Смараґа,,Блестящее дыхание Смарага,,
7050,Placidusax's Ruin,プラキドサクスの滅び,普拉顿桑克斯的凋亡,Руїна Пласидусакса,,Гнев Пласидусакса,,
7060,Dragonclaw,竜爪,龙爪,Кіготь дракона,,Коготь дракона,,
7080,Dragonmaw,竜咬,龙咬,Паща дракона,,Драконья пасть,,
7090,Greyoll's Roar,グレイオールの咆哮,桂奥尔的咆哮,Рик Ґрейолли,,Рёв Грейолла,,
7200,Pest Threads,蟲糸,虫丝,Нитки комашні,,Потоки паразитов,,
7210,Swarm of Flies,蠅たかり,蝇群,Рій мух,,Рой мух,,
7220,Poison Mist,毒霧,毒雾,Отруйний туман,,Ядовитый туман,,
7230,Poison Armament,毒の刃,毒刃,Отруйна зброя,,Ядовитое оружие,,
7240,Scarlet Aeonia,朱きエオニア,猩红艾奥尼亚,Червона Еонія,,Красная Эония,,
7300,Inescapable Frenzy,発狂伝染,发狂扩散,Невідворотна несамовитість,,Неотвратимое безумие,,
7310,The Flame of Frenzy,狂い火,癫火,Полум'я несамовитості,,Пламя Ярости,,
7311,Unendurable Frenzy,堪えきれぬ狂い火,难耐癫火,Нестерпна несамовитість,,Невыносимое безумие,,
7320,Frenzied Burst,空裂狂火,划空癫火,Несамовитий залп,,Яростный залп,,
7330,Howl of Shabriri,シャブリリの叫び,夏玻利利的嘶吼,Вереск Шабрірі,,Вой Шабрири,,
7500,Aspects of the Crucible: Tail,坩堝の諸相・尾,熔炉百相之尾,Аспекти Горнила: хвіст,,Атрибут рыцаря Горнила: хвост,,
7510,Aspects of the Crucible: Horns,坩堝の諸相・角,熔炉百相之角,Аспекти Горнила: роги,,Атрибут рыцаря Горнила: рога,,
7520,Aspects of the Crucible: Breath,坩堝の諸相・喉袋,熔炉百相之喉囊,Аспекти Горнила: подих,,Атрибут рыцаря Горнила: дыхание,,
7530,Black Blade,黒き剣,黑剑,Чорний клинок,,Чёрный клинок,,
7900,Fire's Deadly Sin,火の大罪,火焰重罪,Смертельний гріх вогню,,Смертельный грех,,
7903,Golden Lightning Fortification,黄金の雷防護,黄金雷防护,Укріплення золотої блискавки,,Защита от золотой молнии,,
8000,Stonesword Key,石剣の鍵,石剑钥匙,Мечеподібний ключ,,Мечевидный ключ,,
8010,Rusty Key,錆びた鍵,生锈钥匙,Іржавий ключ,,Ржавый ключ,,
8102,Lucent Baldachin's Blessing,光刺す帳の恩寵,透光床帘恩惠,[ERROR]Lucent Baldachin's Blessing,,Печать светлячка святилища,,
8105,Dectus Medallion (Left),デクタスの割符（左）,迪可达斯符节（左）,Медальйон Дектуса (ліва частина),,Медальон Дектуса (лев.),,
8106,Dectus Medallion (Right),デクタスの割符（右）,迪可达斯符节（右）,Медальйон Дектуса (права частина),,Медальон Дектуса (прав.),,
8107,Rold Medallion,ロルドの割符,洛德符节,Медальйон Рольда,,Медальон Рольда,,
8109,Academy Glintstone Key,学院の輝石鍵,学院辉石钥匙,Блискамінний ключ академії,,Волшебный ключ академии,,
8111,Carian Inverted Statue,カーリアの逆さ像,卡利亚颠倒像,Карійська перевернута статуя,,Карианская перевёрнутая статуя,,
8121,Dark Moon Ring,暗月の指輪,暗月戒指,Перстень темного місяця,,Кольцо тёмной луны,,
8126,Fingerprint Grape,指痕のブドウ,指痕葡萄,Відбиткова виноградина,,Пальцевой виноград,,
8127,Letter from Volcano Manor,火山館からの手紙,来自火山官邸的信,Лист з Вулканічного маєтку,,Письмо из Вулканова поместья,,
8128,Tonic of Forgetfulness,忘却の秘薬,遗忘秘药,Напій забуття,,Настойка забвения,,
8129,Serpent's Amnion,蛇の羊膜,蛇的羊膜,Амніон змія,,Змеиный амнион,,
8130,Rya's Necklace,ラーヤの首飾り,菈雅的项链,[ERROR]Rya's Necklace,,,,
8131,Irina's Letter,イレーナの手紙,伊蕾娜的信,Лист Ірини,,Письмо Ирины,,
8132,Letter from Volcano Manor,火山館からの手紙,来自火山官邸的信,Лист з Вулканічного маєтку,,Письмо из Вулканова поместья,,
8133,Red Letter,赤い手紙,鲜红书信,Червоний лист,,Красное письмо,,
8134,Drawing-Room Key,客間の鍵,客房钥匙,Ключ від гостьової кімнати,,Ключ от гостиной,,
8136,Rya's Necklace,ラーヤの首飾り,菈雅的项链,Намисто Раї,,Ожерелье Райи,,
8137,Volcano Manor Invitation,火山館の招待状,火山官邸的邀请函,Запрошення у Вулканічний маєток,,Приглашение в Вулканово поместье,,
8142,Amber Starlight,琥珀の星光,琥珀星光,Бурштинове зоряне світло,,Звездосветный янтарь,,
8143,Seluvis's Introduction,セルブスの紹介状,赛尔维斯的介绍信,Рекомендація Селувіса,,Рекомендация Селувиса,,
8144,Sellen's Primal Glintstone,セレンの原輝石,瑟濂的源辉石,Первісний блискамінь Селлен,,Исток-камень Селлены,,
8146,Miniature Ranni,小さなラニ,娇小菈妮,Маленька Ранні,,Маленькая Ренни,,
8147,"Asimi, Silver Tear",銀の雫、アスィミ,“银色泪滴”阿史米,"[ERROR]Asimi, Silver Tear",,,,
8148,Godrick's Great Rune,ゴドリックの大ルーン,葛瑞克的大卢恩,Велика руна Ґодріка,,Великая руна Годрика,,
8149,Radahn's Great Rune,ラダーンの大ルーン,拉塔恩的大卢恩,Велика руна Радана,,Великая руна Радана,,
8150,Morgott's Great Rune,モーゴットの大ルーン,蒙葛特的大卢恩,Велика руна Морґотта,,Великая руна Морготта,,
8151,Rykard's Great Rune,ライカードの大ルーン,拉卡德的大卢恩,Велика руна Рікарда,,Великая руна Рикарда,,
8152,Mohg's Great Rune,モーグの大ルーン,蒙格的大卢恩,Велика руна Моґа,,Великая руна Мога,,
8153,Malenia's Great Rune,マレニアの大ルーン,玛莲妮亚的大卢恩,Велика руна Маленії,,Великая руна Малении,,
8154,Lord of Blood's Favor,血の君主の誓布,鲜血君王的立誓布,Прихильність Володаря крові,,Милость Повелителя Крови,,
8155,Lord of Blood's Favor,血の君主の誓布,鲜血君王的立誓布,Прихильність Володаря крові,,Милость Повелителя Крови,,
8156,Burial Crow's Letter,墓地カラスの手紙,墓地乌鸦的信,[ERROR]Burial Crow's Letter,,,,
8158,Spirit Calling Bell,霊喚びの鈴,召魂铃,Дзвінок виклику духів,,Колокольчик призыва духов,,
8159,Fingerslayer Blade,指殺しの刃,猎杀指头刀,Клинок Перстовбивці,,Клинок убийцы Пальцев,,
8161,Sewing Needle,縫い針,缝衣针,Швейна голка,,Швейная игла,,
8162,Gold Sewing Needle,黄金の縫い針,黄金缝衣针,Золота швейна голка,,Золотая швейная игла,,
8163,Tailoring Tools,裁縫道具,裁缝工具,Кравецькі інструменти,,Инструменты портного,,
8164,Seluvis's Potion,セルブスの精薬,赛尔维斯的药水,Зілля Селувіса,,Зелье Селувиса,,
8166,Amber Draught,琥珀色の精薬,琥珀色药水,Бурштиновий складник,,Янтарный состав,,
8167,Letter to Patches,パッチへの手紙,给帕奇的信,Лист до Клаптя,,Письмо Лоскутику,,
8168,Dancer's Castanets,踊り子の打楽器,舞娘的打击乐器,Кастаньєти танцівниці,,Кастаньеты танцовщика,,
8169,Sellian Sealbreaker,サリアの封印鍵,瑟利亚封印钥匙,Селлійський зламник печаток,,Селлийский крушитель печатей,,
8171,Chrysalids' Memento,蛹たちの形見,蛹群的遗物,Пам'ятка лялечок,,Куколка на память,,
8172,Black Knifeprint,黒き刃の刻印,黑刀烙印,Відмітка Чорного ножа,,Отметка от Чёрного Ножа,,
8173,Letter to Bernahl,ベルナールへの手紙,给贝纳尔的信,Лист до Бернала,,Письмо Берналу,,
8174,Academy Glintstone Key,学院の輝石鍵,学院辉石钥匙,Блискамінний ключ академії,,Волшебный ключ академии,,
8175,Haligtree Secret Medallion (Left),聖樹の秘割符（左）,圣树秘密符节（左）,Таємний медальйон Святого дерева (ліва частина),,Тайный медальон Святого Древа (лев.),,
8176,Haligtree Secret Medallion (Right),聖樹の秘割符（右）,圣树秘密符节（右）,Таємний медальйон Святого дерева (права частина),,Тайный медальон Святого Древа (прав.),,
8181,Burial Crow's Letter,墓地カラスの手紙,墓地乌鸦的信,[ERROR]Burial Crow's Letter,,Разрывающий коготь,,
8182,Mending Rune of Perfect Order,完全律の修復ルーン,完美律法的修复卢恩,Руна відновлення Ідеального устрою,,Целая руна Высшего порядка,,
8183,Mending Rune of the Death-Prince,死王子の修復ルーン,死王子的修复卢恩,Руна відновлення Принца смерті,,Целая руна принца Смерти,,
8184,Mending Rune of the Fell Curse,忌み呪いの修復ルーン,忌讳诅咒的修复卢恩,Руна відновлення занепалого прокляття,,Целая руна Ужасного Проклятия,,
8185,Larval Tear,雫の幼生,泪滴幼体,Сльоза личинки,,Слеза личинки,,
8186,Imbued Sword Key,魔石剣の鍵,魔石剑钥匙,Пронизаний ключ-меч,,Насыщенный мечевидный ключ,,
8187,Miniature Ranni,小さなラニ,娇小菈妮,Маленька Ранні,,Маленькая Ренни,,
8188,Golden Tailoring Tools,黄金の裁縫道具,黄金裁缝工具,Золоті кравецькі інструменти,,Золотые инструменты портного,,
8189,Iji's Confession,イジーの告白書,伊吉的自白信,[ERROR]Iji's Confession,,Исповедь Иджи,,
8190,Knifeprint Clue,刻印の手がかり,烙印的线索,Зачіпка: відмітка ножа,,Ключ к разгадке: отметка от ножа,,
8191,Cursemark of Death,死の呪痕,死亡的咒痕,Проклята мітка смерті,,Знак проклятия,,
8192,Asimi's Husk,アスィミの抜け殻,阿史米的蜕壳,[ERROR]Asimi's Husk,,,,
8193,Seedbed Curse,苗床の呪い,温床的诅咒,Прокляття розсадника,,Проклятие посева,,
8194,The Stormhawk King,嵐鷹の古王,风暴鹰古王,Король штормових яструбів,,Король штормовых ястребов,,
8195,"Asimi, Silver Chrysalid",銀の蛹、アスィミ,“银蛹”阿史米,"[ERROR]Asimi, Silver Chrysalid",,,,
8196,Unalloyed Gold Needle,無垢金の針,纯净金针,Голка з чистого золота,,Игла из чистого золота,,
8197,Sewer-Gaol Key,下水牢の鍵,下水道监牢钥匙,Ключ від каналізаційної темниці,,Ключ от канализационной тюрьмы,,
8198,Meeting Place Map,待ち合わせの地図,会合用的地图,Мапа з місцем зустрічі,,Карта с местом встречи,,
8199,Discarded Palace Key,捨てられた王家の鍵,被丢弃的王室钥匙,Викинутий королівський ключ,,Ключ от заброшенного дворца,,
8200,Homing Instinct Painting,絵画「帰巣」,绘画《归巢》,Картина «Відчуття дому»,,Картина «Возвращение домой»,,
8201,Resurrection Painting,絵画「再誕」,绘画《再世》,Картина «Відродженя»,,Картина «Возрождение»,,
8202,Champion's Song Painting,絵画「英雄の歌」,绘画《英雄之歌》,Картина «Пісня чемпіона»,,Картина «Песнь героя»,,
8203,Sorcerer Painting,絵画「魔術師」,绘画《魔法师》,Картина «Чародій»,,Картина «Чародей»,,
8204,Prophecy Painting,絵画「預言」,绘画《预言》,Картина «Пророцтво»,,Картина «Пророчество»,,
8205,Flightless Bird Painting,絵画「飛べない鳥」,绘画《不飞之鸟》,Картина «Нелетюча птаха»,,Картина «Нелетающая птица»,,
8206,Redmane Painting,絵画「赤獅子」,绘画《红狮子》,Картина «Рудогривий»,,Картина «Рыжая Грива»,,
8221,Zorayas's Letter,ゾラーヤスの手紙,泽菈雅丝的信,Лист Зораяс,,Письмо Зораяс,,
8222,Alexander's Innards,アレキサンダーの中身,亚历山大的内容物,Нутрощі Александера,,Внутренности Александра,,
8223,Rogier's Letter,ロジェールの手紙,罗杰尔的信,Лист Роджера,,Письмо Рожера,,
8500,Crafting Kit,ツール鞄,工具皮袋,Набір інструментів,,Набор мастера,,
8590,Whetstone Knife,砥石の小刀,砥石小刀,Точильний ніж,,Точильный нож,,
8600,"Map: Limgrave, West",地図断片：リムグレイブ西部,地图碎片：宁姆格福（西）,"Мапа: Замогилля, захід",,"Карта: Замогилье, запад",,
8601,Map: Weeping Peninsula,地図断片：啜り泣きの半島,地图碎片：啜泣半岛,Мапа: Півострів плачу,,Карта: Плачущий полуостров,,
8602,"Map: Limgrave, East",地図断片：リムグレイブ東部,地图碎片：宁姆格福（东）,"Мапа: Замогилля, схід",,"Карта: Замогилье, восток",,
8603,"Map: Liurnia, East",地図断片：リエーニエ東部,地图碎片：利耶尼亚（东）,"Мапа: Ліурнія, схід",,"Карта: Лиурния, восток",,
8604,"Map: Liurnia, North",地図断片：リエーニエ北部,地图碎片：利耶尼亚（北）,"Мапа: Ліурнія, північ",,"Карта: Лиурния, север",,
8605,"Map: Liurnia, West",地図断片：リエーニエ西部,地图碎片：利耶尼亚（西）,"Мапа: Ліурнія, захід",,"Карта: Лиурния, запад",,
8606,Map: Altus Plateau,地図断片：アルター高原,地图碎片：亚坛高原,Мапа: Плато Альтус,,Карта: плато Альтус,,
8607,"Map: Leyndell, Royal Capital",地図断片：王都ローデイル,地图碎片：王城罗德尔,"Мапа: Лейнделл, королівська столиця",,"Карта: Лейнделл, столица королевства",,
8608,Map: Mt. Gelmir,地図断片：ゲルミア火山,地图碎片：格密尔火山,Мапа: Гора Ґельмір,,Карта: вулкан Гельмир,,
8609,Map: Caelid,地図断片：ケイリッド,地图碎片：盖利德,Мапа: Кейлід,,Карта: Звёздные пустоши,,
8610,Map: Dragonbarrow,地図断片：竜塚,地图碎片：龙墓,Мапа: Драконячий курган,,Карта: Драконий курган,,
8611,"Map: Mountaintops of the Giants, West",地図断片：巨人山嶺西部,地图碎片：巨人山顶（西）,"Мапа: Гірські вершини велетнів, захід",,"Карта: Вершины великанов, запад",,
8612,"Map: Mountaintops of the Giants, East",地図断片：巨人山嶺東部,地图碎片：巨人山顶（东）,"Мапа: Гірські вершини велетнів, схід",,"Карта: Вершины великанов, восток",,
8613,Map: Ainsel River,地図断片：エインセル河,地图碎片：安瑟尔河,Мапа: Річка Ейнзель,,Карта: река Ансель,,
8614,Map: Lake of Rot,地図断片：腐れ湖,地图碎片：腐败湖,Мапа: Озеро гнилі,,Карта: озеро Гнили,,
8615,Map: Siofra River,地図断片：シーフラ河,地图碎片：希芙拉河,Мапа: Річка Сіофра,,Карта: река Сиофра,,
8616,Map: Mohgwyn Palace,地図断片：モーグウィン王朝,地图碎片：蒙格温王朝,Мапа: Палац Моґвинів,,Карта: дворец Могвинов,,
8617,Map: Deeproot Depths,地図断片：深き根の底,地图碎片：深根底层,Мапа: Кореневі глибини,,Карта: низовье Глубокого Корня,,
8618,Map: Consecrated Snowfield,地図断片：聖別雪原,地图碎片：化圣雪原,Мапа: Священна снігова долина,,Карта: священное заснеженное поле,,
8660,Mirage Riddle,蜃気楼の謎かけ,海市蜃楼的谜题,Загадка міражу,,Загадка Миража,,
8700,Note: Hidden Cave,文書「隠し洞窟について」,文件：关于隐藏洞窟,Записка: прихована печера,,Заметка «Тайная пещера»,,
8701,Note: Imp Shades,文書「インプ共の影について」,文件：关于小恶魔群的影子,Записка: бісівські тіні,,Заметка «Тени бесов»,,
8702,Note: Flask of Wondrous Physick,文書「霊薬の聖杯瓶について」,文件：关于灵药圣杯瓶,Записка: фляга з чудодійним зіллям,,Заметка «Фляга с чудесным снадобьем»,,
8703,Note: Stonedigger Trolls,文書「石掘りトロルについて」,文件：关于挖石山妖,Записка: тролі-каменярі,,Заметка «Тролли-камнекопы»,,
8704,Note: Walking Mausoleum,文書「歩く霊廟について」,文件：关于漫步灵庙,Записка: мандрівний мавзолей,,Заметка «Блуждающий мавзолей»,,
8705,Note: Unseen Assassins,文書「姿なき刺客について」,文件：关于看不见身影的刺客,Записка: невидимі вбивці,,Заметка «Незаметные убийцы»,,
8706,Note: Great Coffins,文書「大棺について」,文件：关于大棺木,[ERROR]Note: Great Coffins,,Заметка «Огромные гробы»,,
8707,Note: Flame Chariots,文書「火の戦車について」,文件：关于火焰战车,Записка: полум'яні колісниці,,Заметка «Огненные колесницы»,,
8708,Note: Demi-human Mobs,文書「亜人どもについて」,文件：关于亚人集团,Записка: зграї напівлюдей,,Заметка «Враги-полулюди»,,
8709,Note: Land Squirts,文書「陸ほやについて」,文件：关于陆生海鞘,Записка: земляні бризкуни,,Заметка «Земляные брызгуны»,,
8710,Note: Gravity's Advantage,文書「重力の力について」,文件：关于重力的力量,Записка: перевага гравітації,,Заметка «О пользе гравитации»,,
8711,Note: Revenants,文書「幽鬼について」,文件：关于幽魂,Записка: мертвяки,,Заметка «Привидения»,,
8712,Note: Waypoint Ruins,文書「宿場跡について」,文件：关于驿站街遗迹,Записка: подорожні руїни,,Заметка «Руины поселения»,,
8713,Note: Gateway,文書「転送門について」,文件：关于传送门,Записка: ворота,,Заметка «Врата»,,
8714,Note: Miquella's Needle,文書「ミケラの針について」,文件：关于米凯拉的针,Записка: голка Мікелли,,Заметка «Игла Микеллы»,,
8715,Note: Frenzied Flame Village,文書「狂い火村について」,文件：关于癫火村,Записка: селище Полум'я несамовитості,,Заметка «Деревня Яростного Пламени»,,
8716,Note: The Lord of Frenzied Flame,文書「狂い火の主について」,文件：关于癫火之主,Записка: Володар Полум'я несамовитості,,Заметка «Владыка Яростного Пламени»,,
8750,Note: Hidden Cave,文書「隠し洞窟について」,文件：关于隐藏洞窟,Записка: прихована печера,,Заметка «Тайная пещера»,,
8751,Note: Imp Shades,文書「インプ共の影について」,文件：关于小恶魔群的影子,Записка: бісівські тіні,,Заметка «Тени бесов»,,
8752,Note: Flask of Wondrous Physick,文書「霊薬の聖杯瓶について」,文件：关于灵药圣杯瓶,Записка: фляга з чудодійним зіллям,,Заметка «Фляга с чудесным снадобьем»,,
8753,Note: Stonedigger Trolls,文書「石掘りトロルについて」,文件：关于挖石山妖,Записка: тролі-каменярі,,Заметка «Тролли-камнекопы»,,
8754,Note: Walking Mausoleum,文書「歩く霊廟について」,文件：关于漫步灵庙,Записка: мандрівний мавзолей,,Заметка «Блуждающий мавзолей»,,
8755,Note: Unseen Assassins,文書「姿なき刺客について」,文件：关于看不见身影的刺客,Записка: невидимі вбивці,,Заметка «Незаметные убийцы»,,
8756,Note: Great Coffins,文書「大棺について」,文件：关于大棺木,[ERROR]Note: Great Coffins,,Заметка «Огромные гробы»,,
8757,Note: Flame Chariots,文書「火の戦車について」,文件：关于火焰战车,Записка: полум'яні колісниці,,Заметка «Огненные колесницы»,,
8758,Note: Demi-human Mobs,文書「亜人どもについて」,文件：关于亚人集团,Записка: зграї напівлюдей,,Заметка «Враги-полулюди»,,
8759,Note: Land Squirts,文書「陸ほやについて」,文件：关于陆生海鞘,Записка: земляні бризкуни,,Заметка «Земляные брызгуны»,,
8760,Note: Gravity's Advantage,文書「重力の力について」,文件：关于重力的力量,Записка: перевага гравітації,,Заметка «О пользе гравитации»,,
8761,Note: Revenants,文書「幽鬼について」,文件：关于幽魂,Записка: мертвяки,,Заметка «Привидения»,,
8762,Note: Waypoint Ruins,文書「宿場跡について」,文件：关于驿站街遗迹,Записка: подорожні руїни,,Заметка «Руины поселения»,,
8763,Note: Gateway,文書「転送門について」,文件：关于传送门,Записка: ворота,,Заметка «Врата»,,
8765,Note: Frenzied Flame Village,文書「狂い火村について」,文件：关于癫火村,Записка: селище Полум'я несамовитості,,Заметка «Деревня Яростного Пламени»,,
8850,Conspectus Scroll,教室のスクロール,教室卷轴,Сувій доктрини,,Свиток с конспектом,,
8851,Royal House Scroll,王家のスクロール,王室卷轴,Сувій королівського дому,,Свиток королевской семьи,,
8855,Fire Monks' Prayerbook,火の僧兵の祈祷書,火焰习武修士祷告书,Молитовник вогняних монахів,,Молитвослов огненного монаха,,
8856,Giant's Prayerbook,巨人の祈祷書,巨人祷告书,Молитовник велетня,,Молитвослов великана,,
8857,Godskin Prayerbook,神肌の祈祷書,神皮祷告书,Богошкірний молитовник,,Молитвослов божественной кожи,,
8858,Two Fingers' Prayerbook,二本指の祈祷書,双指祷告书,Молитовник Двох Перстів,,Молитвослов Двух Пальцев,,
8859,Assassin's Prayerbook,暗部の祈祷書,刺客祷告书,Молитовник вбивці,,Молитвослов убийцы,,
8860,Erdtree Prayerbook,黄金樹の祈祷書,黄金树祷告书,Молитовник Золотого дерева,,Молитвослов Древа Эрд,,
8861,Erdtree Codex,黄金樹の古文書,黄金树古文书,Кодекс Золотого дерева,,Рукопись Древа Эрд,,
8862,Golden Order Principia,黄金律原論,黄金律法原本,Засади Золотого устрою,,Основы Золотого порядка,,
8863,Golden Order Principles,黄金律原論,黄金律法原本,[ERROR]Golden Order Principles,,Основы Золотого порядка,,
8864,Dragon Cult Prayerbook,竜信仰の祈祷書,龙信仰祷告书,Молитовник драконячого культу,,Молитвослов культа драконов,,
8865,Ancient Dragon Prayerbook,古き竜の祈祷書,古龙祷告书,Молитовник прадавнього дракона,,Молитвослов древних драконов,,
8866,Academy Scroll,学院のスクロール,学院卷轴,Сувій академії,,Свиток из академии,,
8910,Pidia's Bell Bearing,ピディの鈴玉,毕迪的铃珠,Кулястий дзвоник Підії,,Колокольная сфера Пидии,,
8911,Seluvis's Bell Bearing,セルブスの鈴玉,赛尔维斯的铃珠,Кулястий дзвоник Селувіса,,Колокольная сфера Селувиса,,
8912,Patches' Bell Bearing,パッチの鈴玉,帕奇的铃珠,Кулястий дзвоник Клаптя,,Колокольная сфера Лоскутика,,
8913,Sellen's Bell Bearing,セレンの鈴玉,瑟濂的铃珠,Кулястий дзвоник Селлен,,Колокольная сфера Селлены,,
8915,D's Bell Bearing,Ｄの鈴玉,Ｄ的铃珠,Кулястий дзвоник Ді,,Колокольная сфера Ди,,
8916,Bernahl's Bell Bearing,ベルナールの鈴玉,贝纳尔的铃珠,Кулястий дзвоник Бернала,,Колокольная сфера Бернала,,
8917,Miriel's Bell Bearing,ミリエルの鈴玉,米利耶的铃珠,Кулястий дзвоник Міріеля,,Колокольная сфера Мириэля,,
8918,Gostoc's Bell Bearing,ゴストークの鈴玉,葛托克的铃珠,Кулястий дзвоник Ґостока,,Колокольная сфера Гостока,,
8919,Thops's Bell Bearing,トープスの鈴玉,托普斯的铃珠,Кулястий дзвоник Топса,,Колокольная сфера Топса,,
8920,Kalé's Bell Bearing,カーレの鈴玉,咖列的铃珠,Кулястий дзвоник Кале,,Колокольная сфера Кале,,
8921,Nomadic Merchant's Bell Bearing [1],放浪商人の鈴玉【１】,流浪商人的铃珠【１】,Кулястий дзвоник торговця-кочівника [1],,Колокол. сфера торговца-кочевника [1],,
8922,Nomadic Merchant's Bell Bearing [2],放浪商人の鈴玉【２】,流浪商人的铃珠【２】,Кулястий дзвоник торговця-кочівника [2],,Колокол. сфера торговца-кочевника [2],,
8923,Nomadic Merchant's Bell Bearing [3],放浪商人の鈴玉【３】,流浪商人的铃珠【３】,Кулястий дзвоник торговця-кочівника [3],,Колокол. сфера торговца-кочевника [3],,
8924,Nomadic Merchant's Bell Bearing [4],放浪商人の鈴玉【４】,流浪商人的铃珠【４】,Кулястий дзвоник торговця-кочівника [4],,Колокол. сфера торговца-кочевника [4],,
8925,Nomadic Merchant's Bell Bearing [5],放浪商人の鈴玉【５】,流浪商人的铃珠【５】,Кулястий дзвоник торговця-кочівника [5],,Колокол. сфера торговца-кочевника [5],,
8926,Isolated Merchant's Bell Bearing [1],隠遁商人の鈴玉【１】,隐居商人的铃珠【１】,Кулястий дзвоник торговця-самітника [1],,Колокол. сфера торговца-затворника [1],,
8927,Isolated Merchant's Bell Bearing [2],隠遁商人の鈴玉【２】,隐居商人的铃珠【２】,Кулястий дзвоник торговця-самітника [2],,Колокол. сфера торговца-затворника [2],,
8928,Nomadic Merchant's Bell Bearing [6],放浪商人の鈴玉【６】,流浪商人的铃珠【６】,Кулястий дзвоник торговця-кочівника [6],,Колокол. сфера торговца-кочевника [6],,
8929,Hermit Merchant's Bell Bearing [1],世捨て商人の鈴玉【１】,遁世商人的铃珠【１】,Кулястий дзвоник торговця-відлюдника [1],,Колокол. сфера торговца-отшельника [1],,
8930,Nomadic Merchant's Bell Bearing [7],放浪商人の鈴玉【７】,流浪商人的铃珠【７】,Кулястий дзвоник торговця-кочівника [7],,Колокол. сфера торговца-кочевника [7],,
8931,Nomadic Merchant's Bell Bearing [8],放浪商人の鈴玉【８】,流浪商人的铃珠【８】,Кулястий дзвоник торговця-кочівника [8],,Колокол. сфера торговца-кочевника [8],,
8932,Nomadic Merchant's Bell Bearing [9],放浪商人の鈴玉【９】,流浪商人的铃珠【９】,Кулястий дзвоник торговця-кочівника [9],,Колокол. сфера торговца-кочевника [9],,
8933,Nomadic Merchant's Bell Bearing [10],放浪商人の鈴玉【１０】,流浪商人的铃珠【１０】,Кулястий дзвоник торговця-кочівника [10],,Колокол. сфера торговца-кочевника [10],,
8934,Nomadic Merchant's Bell Bearing [11],放浪商人の鈴玉【１１】,流浪商人的铃珠【１１】,Кулястий дзвоник торговця-кочівника [11],,Колокол. сфера торговца-кочевника [11],,
8935,Isolated Merchant's Bell Bearing [3],隠遁商人の鈴玉【３】,隐居商人的铃珠【３】,Кулястий дзвоник торговця-самітника [3],,Колокол. сфера торговца-затворника [3],,
8936,Hermit Merchant's Bell Bearing [2],世捨て商人の鈴玉【２】,遁世商人的铃珠【２】,Кулястий дзвоник торговця-відлюдника [2],,Колокол. сфера торговца-отшельника [2],,
8937,Abandoned Merchant's Bell Bearing,取り残された商人の鈴玉,见弃商人的铃珠,Кулястий дзвоник покинутого торговця,,Колокол. сфера брошенного торговца,,
8938,Hermit Merchant's Bell Bearing [3],世捨て商人の鈴玉【３】,遁世商人的铃珠【３】,Кулястий дзвоник торговця-відлюдника [3],,Колокол. сфера торговца-отшельника [3],,
8939,Imprisoned Merchant's Bell Bearing,囚われ商人の鈴玉,受囚商人的铃珠,Кулястий дзвоник ув'язненого торговця,,Колокол. сфера заключённого торговца,,
8940,Iji's Bell Bearing,イジーの鈴玉,伊吉的铃珠,Кулястий дзвоник Іджі,,Колокольная сфера Иджи,,
8941,Rogier's Bell Bearing,ロジェールの鈴玉,罗杰尔的铃珠,Кулястий дзвоник Роджера,,Колокольная сфера Рожера,,
8942,Blackguard's Bell Bearing,ならず者の鈴玉,流氓的铃珠,Кулястий дзвоник Чорностража,,Колокольная сфера чёрного стража,,
8943,Corhyn's Bell Bearing,コリンの鈴玉,柯林的铃珠,Кулястий дзвоник Корина,,Колокольная сфера Корина,,
8944,Gowry's Bell Bearing,ゴーリーの鈴玉,格威的铃珠,Кулястий дзвоник Ґоврі,,Колокольная сфера Гоури,,
8945,Bone Peddler's Bell Bearing,骨売りの鈴玉,兽骨贩子的铃珠,Кулястий дзвоник торговця кістками,,Колокольная сфера торговца костями,,
8946,Meat Peddler's Bell Bearing,肉売りの鈴玉,兽肉贩子的铃珠,Кулястий дзвоник м'ясника,,Колокольная сфера мясника,,
8947,Medicine Peddler's Bell Bearing,薬売りの鈴玉,苔药贩子的铃珠,Кулястий дзвоник аптекаря,,Колокольная сфера торговца лекарствами,,
8948,Gravity Stone Peddler's Bell Bearing,重力売りの鈴玉,重力贩子的铃珠,Кулястий дзвоник торговця гравікаменями,,Колокольная сфера торговца гравикамнями,,
8951,Smithing-Stone Miner's Bell Bearing [1],鍛石掘りの鈴玉【１】,锻造石矿工的铃珠【１】,Кулястий дзвоник гірника-коваля [1],,Кузнечная колокол. сфера рудокопа [1],,
8952,Smithing-Stone Miner's Bell Bearing [2],鍛石掘りの鈴玉【２】,锻造石矿工的铃珠【２】,Кулястий дзвоник гірника-коваля [2],,Кузнечная колокол. сфера рудокопа [2],,
8953,Smithing-Stone Miner's Bell Bearing [3],鍛石掘りの鈴玉【３】,锻造石矿工的铃珠【３】,Кулястий дзвоник гірника-коваля [3],,Кузнечная колокол. сфера рудокопа [3],,
8954,Smithing-Stone Miner's Bell Bearing [4],鍛石掘りの鈴玉【４】,锻造石矿工的铃珠【４】,Кулястий дзвоник гірника-коваля [4],,Кузнечная колокол. сфера рудокопа [4],,
8955,Somberstone Miner's Bell Bearing [1],喪色掘りの鈴玉【１】,失色石矿工的铃珠【１】,Блідий кулястий дзвоник гірника [1],,Мрачная кузнеч. колокол. сфера рудокопа [1],,
8956,Somberstone Miner's Bell Bearing [2],喪色掘りの鈴玉【２】,失色石矿工的铃珠【２】,Блідий кулястий дзвоник гірника [2],,Мрачная кузнеч. колокол. сфера рудокопа [2],,
8957,Somberstone Miner's Bell Bearing [3],喪色掘りの鈴玉【３】,失色石矿工的铃珠【３】,Блідий кулястий дзвоник гірника [3],,Мрачная кузнеч. колокол. сфера рудокопа [3],,
8958,Somberstone Miner's Bell Bearing [4],喪色掘りの鈴玉【４】,失色石矿工的铃珠【４】,Блідий кулястий дзвоник гірника [4],,Мрачная кузнеч. колокол. сфера рудокопа [4],,
8959,Somberstone Miner's Bell Bearing [5],喪色掘りの鈴玉【５】,失色石矿工的铃珠【５】,Блідий кулястий дзвоник гірника [5],,Мрачная кузнеч. колокол. сфера рудокопа [5],,
8960,Glovewort Picker's Bell Bearing [1],すずらん摘みの鈴玉【１】,铃兰摘采工的铃珠【１】,Кулястий дзвоник збирача конвалій [1],,Колокол. сфера сборщика ландыша [1],,
8961,Glovewort Picker's Bell Bearing [2],すずらん摘みの鈴玉【２】,铃兰摘采工的铃珠【２】,Кулястий дзвоник збирача конвалій [2],,Колокол. сфера сборщика ландыша [2],,
8962,Glovewort Picker's Bell Bearing [3],すずらん摘みの鈴玉【３】,铃兰摘采工的铃珠【３】,Кулястий дзвоник збирача конвалій [3],,Колокол. сфера сборщика ландыша [3],,
8963,Ghost-Glovewort Picker's Bell Bearing [1],霊姿摘みの鈴玉【１】,灵依摘采工的铃珠【１】,Кулястий дзвоник збирача примарних конвалій [1],,Колокол. сфера сборщика призр. ландыша [1],,
8964,Ghost-Glovewort Picker's Bell Bearing [2],霊姿摘みの鈴玉【２】,灵依摘采工的铃珠【２】,Кулястий дзвоник збирача примарних конвалій [2],,Колокол. сфера сборщика призр. ландыша [2],,
8965,Ghost-Glovewort Picker's Bell Bearing [3],霊姿摘みの鈴玉【３】,灵依摘采工的铃珠【３】,Кулястий дзвоник збирача примарних конвалій [3],,Колокол. сфера сборщика призр. ландыша [3],,
8970,Iron Whetblade,鉄の砥石刃,铁制砥石刀,Залізний точильний ніж,,Железный точильный клинок,,
8971,Red-Hot Whetblade,灼けた砥石刃,灼热砥石刀,Розжарений точильний ніж,,Раскалённый точильный клинок,,
8972,Sanctified Whetblade,聖なる砥石刃,神圣砥石刀,Освячений точильний ніж,,Освящённый точильный клинок,,
8973,Glintstone Whetblade,輝石の砥石刃,辉石砥石刀,Блискамінний точильний ніж,,Блестящий точильный клинок,,
8974,Black Whetblade,黒い砥石刃,漆黑砥石刀,Чорний точильний ніж,,Чёрный точильный клинок,,
8975,Unalloyed Gold Needle,無垢金の針,纯净金针,Голка з чистого золота,,Игла из чистого золота,,
8976,Unalloyed Gold Needle,無垢金の針,纯净金针,Голка з чистого золота,,Игла из чистого золота,,
8977,Valkyrie's Prosthesis,戦乙女の義手,女武神的义手,Протез валькірії,,Протез валькирии,,
8978,Sellia's Secret,サリアの街の秘密,瑟利亚镇的秘密,Таємниця Селлії,,Тайна Селлии,,
8979,Beast Eye,獣の瞳,野兽眼眸,Око звіра,,Глаз зверя,,
8980,Weathered Dagger,蝕まれた短剣,侵蚀短剑,Давній кинджал,,Старинный кинжал,,
9000,Bow,一礼,敬礼,Уклін,,Поклон,,
9001,Polite Bow,お辞儀,郑重敬礼,Ввічливий уклін,,Учтивый поклон,,
9002,My Thanks,感謝を,致谢,Дякую,,Спасибо,,
9003,Curtsy,カーテシー,屈膝礼,Реверанс,,Реверанс,,
9004,Reverential Bow,恭しい一礼,恭敬敬礼,Шанобливий уклін,,Почтительный поклон,,
9005,My Lord,我が王よ,吾王啊,Мій володар,,Мой повелитель,,
9006,Warm Welcome,歓迎,欢迎,Тепле вітання,,Тёплое приветствие,,
9007,Wave,手を振る,挥手,Помахати,,Взмах рукой,,
9008,Casual Greeting,よっ,打招呼,Звичайне привітання,,Обычное приветствие,,
9009,Strength!,ぐっ,用力握拳,Сила!,,Сила!,,
9010,As You Wish,仰せのままに,就照你的意思,Як хочеш,,Как пожелаешь,,
9011,Point Forwards,前を指差す,向前指,Указати вперед,,Указать вперёд,,
9012,Point Upwards,上を指差す,向上指,Указати вгору,,Указать вверх,,
9013,Point Downwards,下を指差す,向下指,Указати вниз,,Указать вниз,,
9014,Beckon,手招き,过来,Покликати,,Подозвать,,
9015,Wait!,待て,等一下,Зачекай!,,Постой!,,
9016,Calm Down!,落ち着け,冷静点,Заспокойся!,,Успокойся!,,
9017,Nod In Thought,考える頷き,点头称是,Задумливий кивок,,Задумчивый кивок,,
9018,Extreme Repentance,土下座,下跪,Сильне каяття,,Крайнее сожаление,,
9019,Grovel For Mercy,命乞い,求饶,Благання про милість,,Мольбы о пощаде,,
9020,Rallying Cry,エイエイオー,欢呼,Бойовий клич,,Боевой клич,,
9021,Heartening Cry,オーオーオー,兴奋大吼,Підбадьорливий клич,,Ободряющий клич,,
9022,By My Sword,剣に誓って,以剑立誓,Присягаюсь своїм мечем,,Клянусь своим мечом,,
9023,Hoslow's Oath,ホスローの誓い,霍斯劳立誓,Обітниця Госло,,Клятва Хослоу,,
9024,Fire Spur Me,我が内に炎あれ,愿火焰常在我心,"Вогню, змотивуй мене",,"Огонь, вдохнови меня",,
9026,Bravo!,拍手,拍手,Браво!,,Браво!,,
9027,Jump for Joy,跳ねる歓喜,开心到跳起来,Радісний стрибок,,Восторг,,
9028,Triumphant Delight,両手歓喜,举手欢呼,Переможний захват,,Ликование,,
9029,Fancy Spin,くるっと回る,转圈,Вигадливий оберт,,Красивый разворот,,
9030,Finger Snap,指鳴らし,弹指,Клацання пальцями,,Щелчок пальцами,,
9031,Dejection,へたり込み,沮丧,Зневіра,,Уныние,,
9032,Patches' Crouch,パッチ座り,帕奇坐姿,Сісти як Клапоть,,Сесть как Лоскутик,,
9033,Crossed Legs,あぐら,盘腿坐,Схрещені ноги,,Скрестить ноги,,
9034,Rest,片膝座り,立单膝而坐,Відпочинок,,Отдых,,
9035,Sitting Sideways,横座り,收拢双腿而坐,Сісти боком,,Сесть боком,,
9036,Dozing Cross-Legged,ぐっすりあぐら,盘腿熟睡,"Дрімати, схрестивши ноги",,"Дремать, скрестив ноги",,
9037,Spread Out,大の字,大字躺,Розтягнутися,,Растянуться,,
9039,Balled Up,丸くなる,缩成一团,Згорнутися,,Калачиком,,
9040,What Do You Want?,貴公、何用だ,有何贵干？,Що тобі потрібно?,,Что тебе нужно?,,
9041,Prayer,祈り,祈祷,Молитва,,Мольба,,
9042,Desperate Prayer,魅せられた祈り,专注的祈祷,Відчайдушна молитва,,Отчаянная мольба,,
9043,Rapture,恍惚,恍惚,Захват,,Восторг,,
9045,Erudition,叡智,深具睿智,Ерудиція,,Мудрость,,
9046,Outer Order,外なる律,外在律法,Зовнішній устрій,,Внешнее спокойствие,,
9047,Inner Order,内なる律,内在律法,Внутрішній устрій,,Внутреннее спокойствие,,
9048,Golden Order Totality,黄金律全姿,黄金律法全貌,Цілісність Золотого устрою,,Цельность Золотого порядка,,
9049,The Ring,リングのポーズ,法环之姿,Кільце,,Кольцо,,
9050,The Ring,リングのポーズ,法环之姿,Кільце,,Кольцо,,
9100,About Sites of Grace,説明「祝福」,说明：赐福,Про місця благодаті,,О местах благодати,,
9101,About Sorceries and Incantations,説明「魔術と祈祷」,说明：魔法与祷告,Про чари та замовлення,,О чарах и молитвах,,
9102,About Bows,説明「弓」,说明：弓,Про луки,,О луках,,
9103,About Crouching,説明「しゃがみ」,说明：蹲下,Про скрадання,,О скрытном передвижении,,
9104,About Stance-Breaking,説明「体勢を崩す」,说明：失去平衡,Про вибивання з рівноваги,,О выводе врага из равновесия,,
9105,About Stakes of Marika,説明「マリカの楔」,说明：玛莉卡楔石,Про статуї Маріки,,О клиньях Марики,,
9106,About Guard Counters,説明「ガードカウンター」,说明：防御反击,Про контратаки після блоку,,О контратаках после блока,,
9107,About the Map,説明「地図」,说明：地图,Про мапу,,О карте,,
9108,About Guidance of Grace,説明「祝福の導き」,说明：赐福的指引,Про настанову благодаті,,О путях благодати,,
9109,About Horseback Riding,説明「騎乗」,说明：骑马,Про їзду верхи,,О езде верхом,,
9110,About Death,説明「死亡」,说明：死亡,Про смерть,,О смерти,,
9111,About Summoning Spirits,説明「霊体の召喚」,说明：召唤灵魂,Про виклик духів,,О призыве духов,,
9112,About Guarding,説明「ガード」,说明：防御,Про блокування,,О блоке,,
9113,About Item Crafting,説明「アイテム製作」,说明：制作道具,Про виготовлення предметів,,О создании предметов,,
9115,About Flask of Wondrous Physick,説明「霊薬の聖杯瓶」,说明：灵药圣杯瓶,Про флягу з чудодійним зіллям,,О священных лечебных флягах,,
9116,About Adding Skills,説明「戦技の付与」,说明：赋予战技,Про додавання вмінь,,О добавлении навыков,,
9117,About Birdseye Telescopes,説明「鳥の遠見」,说明：鸟瞰镜,Про оглядові телескопи,,О телескопах зоркости,,
9118,About Spiritspring Jumping,説明「霊気流ジャンプ」,说明：灵魂气流跳跃,Про стрибки в духовний фонтан,,О прыжке в духовный источник,,
9119,About Vanquishing Enemy Groups,説明「敵集団の撃破」,说明：打败敌对团体,Про знищення груп ворогів,,О победах над группами врагов,,
9120,About Teardrop Scarabs,説明「雫スカラベ」,说明：露滴粪金龟,Про слізних скарабеїв,,О скарабеях слёз,,
9121,About Summoning Other Players,説明「他プレイヤーの召喚」,说明：召唤其他玩家,Про виклик інших гравців,,О призыве других игроков,,
9122,About Cooperative Multiplayer,説明「協力マルチプレイ」,说明：协力多人联机游玩,Про мережеву співпрацю,,О совместной игре,,
9123,About Competitive Multiplayer,説明「敵対マルチプレイ」,说明：敌对多人联机游玩,Про мережеве змагання,,О состязательной игре,,
9124,About Invasion Multiplayer,説明「侵入マルチプレイ」,说明：入侵多人联机游玩,Про мережеве вторгнення,,О многопользовательском вторжении,,
9125,About Hunter Multiplayer,説明「狩人マルチプレイ」,说明：猎人多人联机游玩,Про мережеве полювання,,О многопользовательской охоте,,
9126,About Summoning Pools,説明「サイン溜まり」,说明：记号聚集处,Про толоки,,Об омутах призыва,,
9127,About Monument Icon,説明「碑文アイコン」,说明：碑文图案,Про піктограму монумента,,О знаках монументов,,
9128,About Requesting Help from Hunters,説明「狩人の召喚要請」,说明：召唤猎人,Про запит допомоги до мисливців,,О запросе помощи от охотников,,
9129,About Skills,説明「戦技」,说明：战技,Про вміння,,О навыках,,
9130,About Fast Travel to Sites of Grace,説明「祝福への移動」,说明：传送至赐福,Про швидке переміщення до місць благодаті,,О быстром перемещении к местам благодати,,
9131,About Strengthening Armaments,説明「武器の強化」,说明：强化武器,Про посилення озброєння,,Об усилении оружия,,
9132,About Roundtable Hold,説明「円卓」,说明：圆桌厅堂,Про цитадель Круглого столу,,О крепости Круглого стола,,
9134,About Materials,説明「素材アイテム」,说明：材料道具,Про матеріали,,О материалах,,
9135,About Containers,説明「容器アイテム」,说明：容器道具,Про посудини,,О ёмкостях,,
9136,About Adding Affinities,説明「属性の付与」,说明：赋予属性,Про додавання властивостей,,О добавлении свойств,,
9137,About Pouches,説明「ポーチ」,说明：随身包包,Про торбинки,,О сумках,,
9138,About Dodging,説明「回避」,说明：闪避,Про ухилення,,Об уворотах,,
9140,About Wielding Armaments,説明「武器の持ち替え」,说明：切换武器,Про володіння озброєнням,,О владении оружием,,
9195,About Multiplayer,説明「マルチプレイ」,说明：多人联机游玩,[ERROR]About Multiplayer,,О сетевой игре,,
9300,Nomadic Warrior's Cookbook [1],放浪戦士の製法書【１】,流浪战士的制作笔记【１】,Книга рецептів кочівного воїна [1],,Справочник воина-кочевника [1],,
9301,Nomadic Warrior's Cookbook [3],放浪戦士の製法書【３】,流浪战士的制作笔记【３】,Книга рецептів кочівного воїна [3],,Справочник воина-кочевника [3],,
9302,Nomadic Warrior's Cookbook [6],放浪戦士の製法書【６】,流浪战士的制作笔记【６】,Книга рецептів кочівного воїна [6],,Справочник воина-кочевника [6],,
9303,Nomadic Warrior's Cookbook [10],放浪戦士の製法書【１０】,流浪战士的制作笔记【１０】,Книга рецептів кочівного воїна [10],,Справочник воина-кочевника [10],,
9304,Fugitive Warrior's Recipe [5],逃亡戦士の製法書【５】,亡命战士的制作笔记【５】,[ERROR]Fugitive Warrior's Recipe [5],,,,
9305,Nomadic Warrior's Cookbook [7],放浪戦士の製法書【７】,流浪战士的制作笔记【７】,Книга рецептів кочівного воїна [7],,Справочник воина-кочевника [7],,
9306,Nomadic Warrior's Cookbook [12],放浪戦士の製法書【１２】,流浪战士的制作笔记【１２】,Книга рецептів кочівного воїна [12],,Справочник воина-кочевника [12],,
9307,Nomadic Warrior's Cookbook [19],放浪戦士の製法書【１９】,流浪战士的制作笔记【１９】,Книга рецептів кочівного воїна [19],,Справочник воина-кочевника [19],,
9308,Nomadic Warrior's Cookbook [13],放浪戦士の製法書【１３】,流浪战士的制作笔记【１３】,Книга рецептів кочівного воїна [13],,Справочник воина-кочевника [13],,
9309,Nomadic Warrior's Cookbook [23],放浪戦士の製法書【２３】,流浪战士的制作笔记【２３】,Книга рецептів кочівного воїна [23],,Справочник воина-кочевника [23],,
9310,Nomadic Warrior's Cookbook [17],放浪戦士の製法書【１７】,流浪战士的制作笔记【１７】,Книга рецептів кочівного воїна [17],,Справочник воина-кочевника [17],,
9311,Nomadic Warrior's Cookbook [2],放浪戦士の製法書【２】,流浪战士的制作笔记【２】,Книга рецептів кочівного воїна [2],,Справочник воина-кочевника [2],,
9312,Nomadic Warrior's Cookbook [21],放浪戦士の製法書【２１】,流浪战士的制作笔记【２１】,Книга рецептів кочівного воїна [21],,Справочник воина-кочевника [21],,
9313,Missionary's Cookbook [6],宣教師の製法書【６】,传道士的制作笔记【６】,Книга рецептів проповідника [6],,Справочник проповедника [6],,
9320,Armorer's Cookbook [1],武具職人の製法書【１】,武器工匠的制作笔记【１】,Книга рецептів зброяра [1],,Справочник оружейника [1],,
9321,Armorer's Cookbook [2],武具職人の製法書【２】,武器工匠的制作笔记【２】,Книга рецептів зброяра [2],,Справочник оружейника [2],,
9322,Nomadic Warrior's Cookbook [11],放浪戦士の製法書【１１】,流浪战士的制作笔记【１１】,Книга рецептів кочівного воїна [11],,Справочник воина-кочевника [11],,
9323,Nomadic Warrior's Cookbook [20],放浪戦士の製法書【２０】,流浪战士的制作笔记【２０】,Книга рецептів кочівного воїна [20],,Справочник воина-кочевника [20],,
9324,Armorer's Cookbook (5),武具職人の製法書【５】,武器工匠的制作笔记【５】,[ERROR]Armorer's Cookbook (5),,Справочник оружейника (5),,
9325,Armorer's Cookbook [7],武具職人の製法書【７】,武器工匠的制作笔记【７】,Книга рецептів зброяра [7],,Справочник оружейника [7],,
9326,Armorer's Cookbook [4],武具職人の製法書【４】,武器工匠的制作笔记【４】,Книга рецептів зброяра [4],,Справочник оружейника [4],,
9327,Nomadic Warrior's Cookbook [18],放浪戦士の製法書【１８】,流浪战士的制作笔记【１８】,Книга рецептів кочівного воїна [18],,Справочник воина-кочевника [18],,
9328,Armorer's Cookbook [3],武具職人の製法書【３】,武器工匠的制作笔记【３】,Книга рецептів зброяра [3],,Справочник оружейника [3],,
9329,Nomadic Warrior's Cookbook [16],放浪戦士の製法書【１６】,流浪战士的制作笔记【１６】,Книга рецептів кочівного воїна [16],,Справочник воина-кочевника [16],,
9330,Armorer's Cookbook [6],武具職人の製法書【６】,武器工匠的制作笔记【６】,Книга рецептів зброяра [6],,Справочник оружейника [6],,
9331,Armorer's Cookbook [5],武具職人の製法書【５】,武器工匠的制作笔记【５】,Книга рецептів зброяра [5],,Справочник оружейника [5],,
9340,Glintstone Craftsman's Cookbook [4],輝石職人の製法書【４】,辉石工匠的制作笔记【４】,Книга рецептів майстра блискаменю [4],,Справочник мастера блестящих камней [4],,
9341,Glintstone Craftsman's Cookbook [1],輝石職人の製法書【１】,辉石工匠的制作笔记【１】,Книга рецептів майстра блискаменю [1],,Справочник мастера блестящих камней [1],,
9342,Glintstone Craftsman's Cookbook [5],輝石職人の製法書【５】,辉石工匠的制作笔记【５】,Книга рецептів майстра блискаменю [5],,Справочник мастера блестящих камней [5],,
9343,Nomadic Warrior's Cookbook [9],放浪戦士の製法書【９】,流浪战士的制作笔记【９】,Книга рецептів кочівного воїна [9],,Справочник воина-кочевника [9],,
9344,Glintstone Craftsman's Cookbook [8],輝石職人の製法書【８】,辉石工匠的制作笔记【８】,Книга рецептів майстра блискаменю [8],,Справочник мастера блестящих камней [8],,
9345,Glintstone Craftsman's Cookbook [2],輝石職人の製法書【２】,辉石工匠的制作笔记【２】,Книга рецептів майстра блискаменю [2],,Справочник мастера блестящих камней [2],,
9346,Glintstone Craftsman's Cookbook [6],輝石職人の製法書【６】,辉石工匠的制作笔记【６】,Книга рецептів майстра блискаменю [6],,Справочник мастера блестящих камней [6],,
9347,Glintstone Craftsman's Cookbook [7],輝石職人の製法書【７】,辉石工匠的制作笔记【７】,Книга рецептів майстра блискаменю [7],,Справочник мастера блестящих камней [7],,
9348,Glintstone Craftsman's Cookbook [3],輝石職人の製法書【３】,辉石工匠的制作笔记【３】,Книга рецептів майстра блискаменю [3],,Справочник мастера блестящих камней [3],,
9360,Missionary's Cookbook [2],宣教師の製法書【２】,传道士的制作笔记【２】,Книга рецептів проповідника [2],,Справочник проповедника [2],,
9361,Missionary's Cookbook [1],宣教師の製法書【１】,传道士的制作笔记【１】,Книга рецептів проповідника [1],,Справочник проповедника [1],,
9362,Missionary's Cookbook (3),宣教師の製法書【３】,传道士的制作笔记【３】,[ERROR]Missionary's Cookbook (3),,,,
9363,Missionary's Cookbook [5],宣教師の製法書【５】,传道士的制作笔记【５】,Книга рецептів проповідника [5],,Справочник проповедника [5],,
9364,Missionary's Cookbook [4],宣教師の製法書【４】,传道士的制作笔记【４】,Книга рецептів проповідника [4],,Справочник проповедника [4],,
9365,Missionary's Cookbook [3],宣教師の製法書【３】,传道士的制作笔记【３】,Книга рецептів проповідника [3],,Справочник проповедника [3],,
9380,Nomadic Warrior's Cookbook [4],放浪戦士の製法書【４】,流浪战士的制作笔记【４】,Книга рецептів кочівного воїна [4],,Справочник воина-кочевника [4],,
9381,Perfumer's Cookbook (1),調香師の製法書【１】,调香师的制作笔记【１】,[ERROR]Perfumer's Cookbook (1),,,,
9382,Perfumer's Cookbook (2),調香師の製法書【２】,调香师的制作笔记【２】,[ERROR]Perfumer's Cookbook (2),,,,
9383,Nomadic Warrior's Cookbook [5],放浪戦士の製法書【５】,流浪战士的制作笔记【５】,Книга рецептів кочівного воїна [5],,Справочник воина-кочевника [5],,
9384,Perfumer's Cookbook [1],調香師の製法書【１】,调香师的制作笔记【１】,Книга рецептів парфумера [1],,Справочник парфюмера [1],,
9385,Perfumer's Cookbook [2],調香師の製法書【２】,调香师的制作笔记【２】,Книга рецептів парфумера [2],,Справочник парфюмера [2],,
9386,Perfumer's Cookbook [3],調香師の製法書【３】,调香师的制作笔记【３】,Книга рецептів парфумера [3],,Справочник парфюмера [3],,
9387,Nomadic Warrior's Cookbook [14],放浪戦士の製法書【１４】,流浪战士的制作笔记【１４】,Книга рецептів кочівного воїна [14],,Справочник воина-кочевника [14],,
9388,Nomadic Warrior's Cookbook [8],放浪戦士の製法書【８】,流浪战士的制作笔记【８】,Книга рецептів кочівного воїна [8],,Справочник воина-кочевника [8],,
9389,Nomadic Warrior's Cookbook [22],放浪戦士の製法書【２２】,流浪战士的制作笔记【２２】,Книга рецептів кочівного воїна [22],,Справочник воина-кочевника [22],,
9390,Nomadic Warrior's Cookbook [15],放浪戦士の製法書【１５】,流浪战士的制作笔记【１５】,Книга рецептів кочівного воїна [15],,Справочник воина-кочевника [15],,
9391,Nomadic Warrior's Cookbook [24],放浪戦士の製法書【２４】,流浪战士的制作笔记【２４】,Книга рецептів кочівного воїна [24],,Справочник воина-кочевника [24],,
9392,Perfumer's Cookbook [4],調香師の製法書【４】,调香师的制作笔记【４】,Книга рецептів парфумера [4],,Справочник парфюмера [4],,
9393,Perfumer's Cookbook (13),調香師の製法書【１３】,调香师的制作笔记【１３】,[ERROR]Perfumer's Cookbook (13),,,,
9400,Ancient Dragon Apostle's Cookbook [1],古竜信徒の製法書【１】,古龙信徒的制作笔记【１】,Книга рецептів апостола прадавнього дракона [1],,Справочник древнего драконьего апостола [1],,
9401,Ancient Dragon Apostle's Cookbook [2],古竜信徒の製法書【２】,古龙信徒的制作笔记【２】,Книга рецептів апостола прадавнього дракона [2],,Справочник древнего драконьего апостола [2],,
9402,Ancient Dragon Apostle's Cookbook [4],古竜信徒の製法書【４】,古龙信徒的制作笔记【４】,Книга рецептів апостола прадавнього дракона [4],,Справочник апостола древних драконов [4],,
9403,Ancient Dragon Apostle's Cookbook [3],古竜信徒の製法書【３】,古龙信徒的制作笔记【３】,Книга рецептів апостола прадавнього дракона [3],,Справочник апостола древних драконов [3],,
9420,Fevor's Cookbook [1],ファリスの製法書【１】,法力斯的制作笔记【１】,Книга рецептів Февора [1],,Справочник лекаря [1],,
9421,Fevor's Cookbook [3],ファリスの製法書【３】,法力斯的制作笔记【３】,Книга рецептів Февора [3],,Справочник лекаря [3],,
9422,Fevor's Cookbook [2],ファリスの製法書【２】,法力斯的制作笔记【２】,Книга рецептів Февора [2],,Справочник лекаря [2],,
9423,Missionary's Cookbook [7],宣教師の製法書【７】,传道士的制作笔记【７】,Книга рецептів проповідника [7],,Справочник проповедника [7],,
9440,Frenzied's Cookbook [1],病み人の製法書【１】,罹病者的制作笔记【１】,Книга рецептів божевільних [1],,Справочник безумца [1],,
9441,Frenzied's Cookbook [2],病み人の製法書【２】,罹病者的制作笔记【２】,Книга рецептів божевільних [2],,Справочник безумца [2],,
9500,Cracked Pot,ヒビ壺,龟裂壶,Потрісканий горщик,,Трес. горшок,,
9501,Ritual Pot,儀式壺,仪式壶,Ритуальний горщик,,Ритуальный горшок,,
9510,Perfume Bottle,調香瓶,调香瓶,Парфумерний флакон,,Флакон,,
10000,Glass Shard,ガラス片,玻璃碎片,Скляний уламок,,Осколок стекла,,
10010,Golden Seed,黄金の種子,黄金种子,Золота насінина,,Золотое семечко,,
10020,Sacred Tear,聖杯の雫,圣杯露滴,Священна сльоза,,Священная Слеза,,
10030,Memory Stone,メモリ・ストーン,记忆石,Камінь пам'яті,,Камень памяти,,
10040,Talisman Pouch,お守り袋,护符皮袋,Торбинка для талісманів,,Сумка с талисманами,,
10060,Dragon Heart,竜の心臓,龙心脏,Серце дракона,,Драконье сердце,,
10070,Lost Ashes of War,喪失の戦灰,失力战灰,Втрачений попіл війни,,Потерянный Пепел Войны,,
10080,Great Rune of the Unborn,産まれなき者の大ルーン,无缘诞生者的大卢恩,Велика руна ненароджених,,Великая руна Нерождённых,,
10100,Smithing Stone [1],鍛石【１】,锻造石【１】,Ковальський камінь [1],,Кузнечный камень [1],,
10101,Smithing Stone [2],鍛石【２】,锻造石【２】,Ковальський камінь [2],,Кузнечный камень [2],,
10102,Smithing Stone [3],鍛石【３】,锻造石【３】,Ковальський камінь [3],,Кузнечный камень [3],,
10103,Smithing Stone [4],鍛石【４】,锻造石【４】,Ковальський камінь [4],,Кузнечный камень [4],,
10104,Smithing Stone [5],鍛石【５】,锻造石【５】,Ковальський камінь [5],,Кузнечный камень [5],,
10105,Smithing Stone [6],鍛石【６】,锻造石【６】,Ковальський камінь [6],,Кузнечный камень [6],,
10106,Smithing Stone [7],鍛石【７】,锻造石【７】,Ковальський камінь [7],,Кузнечный камень [7],,
10107,Smithing Stone [8],鍛石【８】,锻造石【８】,Ковальський камінь [8],,Кузнечный камень [8],,
10140,Ancient Dragon Smithing Stone,古竜岩の鍛石,古龙岩锻造石,Ковальський камінь прадавніх драконів,,Драконий кузнечный камень,,
10160,Somber Smithing Stone [1],喪色の鍛石【１】,失色锻造石【１】,Блідий ковальський камінь [1],,Кузнечный камень мрака [1],,
10161,Somber Smithing Stone [2],喪色の鍛石【２】,失色锻造石【２】,Блідий ковальський камінь [2],,Кузнечный камень мрака [2],,
10162,Somber Smithing Stone [3],喪色の鍛石【３】,失色锻造石【３】,Блідий ковальський камінь [3],,Кузнечный камень мрака [3],,
10163,Somber Smithing Stone [4],喪色の鍛石【４】,失色锻造石【４】,Блідий ковальський камінь [4],,Кузнечный камень мрака [4],,
10164,Somber Smithing Stone [5],喪色の鍛石【５】,失色锻造石【５】,Блідий ковальський камінь [5],,Кузнечный камень мрака [5],,
10165,Somber Smithing Stone [6],喪色の鍛石【６】,失色锻造石【６】,Блідий ковальський камінь [6],,Кузнечный камень мрака [6],,
10166,Somber Smithing Stone [7],喪色の鍛石【７】,失色锻造石【７】,Блідий ковальський камінь [7],,Кузнечный камень мрака [7],,
10167,Somber Smithing Stone [8],喪色の鍛石【８】,失色锻造石【８】,Блідий ковальський камінь [8],,Кузнечный камень мрака [8],,
10168,Somber Ancient Dragon Smithing Stone,古竜岩の喪色鍛石,古龙岩失色锻造石,Блідий ковальський камінь прадавніх драконів,,Драконий кузнечный камень мрака,,
10200,Somber Smithing Stone [9],喪色の鍛石【９】,失色锻造石【９】,Блідий ковальський камінь [9],,Кузнечный камень мрака [9],,
10900,Grave Glovewort [1],墓すずらん【１】,墓地铃兰【１】,Могильна конвалія [1],,Могильный ландыш [1],,
10901,Grave Glovewort [2],墓すずらん【２】,墓地铃兰【２】,Могильна конвалія [2],,Могильный ландыш [2],,
10902,Grave Glovewort [3],墓すずらん【３】,墓地铃兰【３】,Могильна конвалія [3],,Могильный ландыш [3],,
10903,Grave Glovewort [4],墓すずらん【４】,墓地铃兰【４】,Могильна конвалія [4],,Могильный ландыш [4],,
10904,Grave Glovewort [5],墓すずらん【５】,墓地铃兰【５】,Могильна конвалія [5],,Могильный ландыш [5],,
10905,Grave Glovewort [6],墓すずらん【６】,墓地铃兰【６】,Могильна конвалія [6],,Могильный ландыш [6],,
10906,Grave Glovewort [7],墓すずらん【７】,墓地铃兰【７】,Могильна конвалія [7],,Могильный ландыш [7],,
10907,Grave Glovewort [8],墓すずらん【８】,墓地铃兰【８】,Могильна конвалія [8],,Могильный ландыш [8],,
10908,Grave Glovewort [9],墓すずらん【９】,墓地铃兰【９】,Могильна конвалія [9],,Могильный ландыш [9],,
10909,Great Grave Glovewort,墓すずらんの大輪,大朵墓地铃兰,Велика могильна конвалія,,Крупный могильный ландыш,,
10910,Ghost Glovewort [1],霊姿の墓すずらん【１】,灵依墓地铃兰【１】,Примарна конвалія [1],,Призрачный ландыш [1],,
10911,Ghost Glovewort [2],霊姿の墓すずらん【２】,灵依墓地铃兰【２】,Примарна конвалія [2],,Призрачный ландыш [2],,
10912,Ghost Glovewort [3],霊姿の墓すずらん【３】,灵依墓地铃兰【３】,Примарна конвалія [3],,Призрачный ландыш [3],,
10913,Ghost Glovewort [4],霊姿の墓すずらん【４】,灵依墓地铃兰【４】,Примарна конвалія [4],,Призрачный ландыш [4],,
10914,Ghost Glovewort [5],霊姿の墓すずらん【５】,灵依墓地铃兰【５】,Примарна конвалія [5],,Призрачный ландыш [5],,
10915,Ghost Glovewort [6],霊姿の墓すずらん【６】,灵依墓地铃兰【６】,Примарна конвалія [6],,Призрачный ландыш [6],,
10916,Ghost Glovewort [7],霊姿の墓すずらん【７】,灵依墓地铃兰【７】,Примарна конвалія [7],,Призрачный ландыш [7],,
10917,Ghost Glovewort [8],霊姿の墓すずらん【８】,灵依墓地铃兰【８】,Примарна конвалія [8],,Призрачный ландыш [8],,
10918,Ghost Glovewort [9],霊姿の墓すずらん【９】,灵依墓地铃兰【９】,Примарна конвалія [9],,Призрачный ландыш [9],,
10919,Great Ghost Glovewort,霊姿すずらんの大輪,大朵灵依墓地铃兰,Велика примарна конвалія,,Крупный призрачный ландыш,,
11000,Crimsonspill Crystal Tear,緋溢れの結晶雫,漫红结晶露滴,Багряна кристалічна сльоза життя,,Пролитая багровая слеза,,
11001,Greenspill Crystal Tear,緑溢れの結晶雫,漫绿结晶露滴,Зелена кристалічна сльоза невтомності,,Пролитая зелёная слеза,,
11002,Crimson Crystal Tear,緋色の結晶雫,红结晶露滴,Багряна кристалічна сльоза,,Багровая кристальная слеза,,
11003,Crimson Crystal Tear,緋色の結晶雫,红结晶露滴,Багряна кристалічна сльоза,,Багровая кристальная слеза,,
11004,Cerulean Crystal Tear,青色の結晶雫,蓝结晶露滴,Лазурова кристалічна сльоза,,Лазурная кристальная слеза,,
11005,Cerulean Crystal Tear,青色の結晶雫,蓝结晶露滴,Лазурова кристалічна сльоза,,Лазурная кристальная слеза,,
11006,Speckled Hardtear,斑彩色の硬雫,斑斓硬露滴,Тверда крапчаста сльоза,,Крапчатая кристальная слеза,,
11007,Crimson Bubbletear,緋色の泡雫,红泡状露滴,Багряна сльоза в бульбашці,,Багровая слеза в пузыре,,
11008,Opaline Bubbletear,真珠色の泡雫,珍珠泡状露滴,Перламутрова сльоза в бульбашці,,Опаловая слеза в пузыре,,
11009,Crimsonburst Crystal Tear,緋湧きの結晶雫,涌红结晶露滴,Багряна кристалічна сльоза буяння,,Разорвавшаяся багровая слеза,,
11010,Greenburst Crystal Tear,緑湧きの結晶雫,涌绿结晶露滴,Зелена кристалічна сльоза буяння,,Разорвавшаяся зелёная слеза,,
11011,Opaline Hardtear,真珠色の硬雫,珍珠硬露滴,Тверда перламутрова сльоза,,Твёрдая опаловая слеза,,
11012,Winged Crystal Tear,羽の結晶雫,羽毛结晶露滴,Крилата кристалічна сльоза,,Крылатая кристальная слеза,,
11013,Thorny Cracked Tear,連棘の割れ雫,连刺破露滴,Колючкова тріснута сльоза,,Колючая треснувшая слеза,,
11014,Spiked Cracked Tear,大棘の割れ雫,大刺破露滴,Шипована тріснута сльоза,,Шипастая треснувшая слеза,,
11015,Windy Crystal Tear,風の結晶雫,风结晶露滴,Вітряна кристалічна сльоза,,Вихревая треснувшая слеза,,
11016,Ruptured Crystal Tear,破裂した結晶雫,爆裂结晶露滴,Луснута кристалічна сльоза,,Лопнувшая кристальная слеза,,
11017,Ruptured Crystal Tear,破裂した結晶雫,爆裂结晶露滴,Луснута кристалічна сльоза,,Лопнувшая кристальная слеза,,
11018,Leaden Hardtear,鉛色の硬雫,铅化硬露滴,Тверда свинцева сльоза,,Твёрдая свинцовая слеза,,
11019,Twiggy Cracked Tear,細枝の割れ雫,细枝破露滴,Гілкувата тріснута сльоза,,Веточковая треснувшая слеза,,
11020,Crimsonwhorl Bubbletear,緋色渦の泡雫,红漩泡状露滴,Сльоза в бульбашці багряного виру,,Багровая слеза-завиток в пузыре,,
11021,Strength-knot Crystal Tear,筋力瘤の結晶雫,力气瘤结晶露滴,Кристалічна сльоза сили,,Кристальная слеза силы,,
11022,Dexterity-knot Crystal Tear,技量瘤の結晶雫,灵巧瘤结晶露滴,Кристалічна сльоза спритності,,Кристальная слеза ловкости,,
11023,Intelligence-knot Crystal Tear,知力瘤の結晶雫,智力瘤结晶露滴,Кристалічна сльоза інтелекту,,Кристальная слеза мудрости,,
11024,Faith-knot Crystal Tear,信仰瘤の結晶雫,信仰瘤结晶露滴,Кристалічна сльоза віри,,Кристальная слеза веры,,
11025,Cerulean Hidden Tear,青色の秘雫,蓝秘密露滴,Лазурова таємна сльоза,,Тайная лазурная слеза,,
11026,Stonebarb Cracked Tear,岩棘の割れ雫,岩刺破露滴,Тріснута сльоза з кам'яним шипом,,Скальная треснувшая слеза,,
11027,Purifying Crystal Tear,浄血の結晶雫,净血结晶露滴,Очисна кристалічна сльоза,,Очищающая кристальная слеза,,
11028,Flame-Shrouding Cracked Tear,炎纏いの割れ雫,带火破露滴,Полум'яна тріснута сльоза,,Пламенная треснувшая слеза,,
11029,Magic-Shrouding Cracked Tear,魔力纏いの割れ雫,带魔力破露滴,Магічна тріснута сльоза,,Магическая треснувшая слеза,,
11030,Lightning-Shrouding Cracked Tear,雷纏いの割れ雫,带雷破露滴,Блискавкова тріснута сльоза,,Молниевая треснувшая слеза,,
11031,Holy-Shrouding Cracked Tear,聖纏いの割れ雫,带圣破露滴,Священна тріснута сльоза,,Святая треснувшая слеза,,
15000,Sliver of Meat,そぎ肉,肉片,Шматок м'яса,,Ломтик мяса,,
15010,Beast Liver,獣肝,野兽肝,Печінка звіра,,Печень монстра,,
15020,Lump of Flesh,獣肉の塊,野兽肉块,Шмат плоті,,Комок плоти,,
15030,Beast Blood,獣血,野兽血液,Кров звіра,,Кровь монстра,,
15040,Old Fang,古牙,古牙,Старе ікло,,Старый клык,,
15050,Budding Horn,角の芽,芽角,Зародковий ріг,,Зачаточный рог,,
15060,Flight Pinion,風切羽,拨风羽毛,Махове перо,,Маховое перо,,
15080,Four-Toed Fowl Foot,四指の鳥脚,四趾鸟爪,Чотирипала пташина лапка,,Четырёхпалая лапка,,
15090,Turtle Neck Meat,亀の首肉,龟颈肉块,Ошийок черепахи,,Мясо с шеи черепахи,,
15100,Human Bone Shard,人骨の欠片,人骨碎片,Уламок людської кістки,,Осколок человеческой кости,,
15110,Great Dragonfly Head,大トンボの頭,大蜻蜓头部,Голова великої бабки,,Голова гигантской стрекозы,,
15120,Slumbering Egg,睡卵,眠卵,Сонне яйце,,Спящее яйцо,,
15130,Crab Eggs,蟹たま,蟹卵,Крабові яйця,,Яйца краба,,
15140,Land Octopus Ovary,蛸たま,章鱼卵,Яєчник наземного восьминога,,Кладка осьминога,,
15150,Miranda Powder,ミランダパウダー,米兰达花粉,Порошок Міранди,,Порошок миранды,,
15160,Strip of White Flesh,白そぎ肉,白色肉片,Шматок білої плоті,,Кусок белой плоти,,
15340,Thin Beast Bones,細い獣骨,细小兽骨,Тонкі кістки звіра,,Тонкие звериные кости,,
15341,Hefty Beast Bone,太い獣骨,粗大兽骨,Велика кістка звіра,,Крупная звериная кость,,
15400,String,紐,绳索,Мотузка,,Бечёвка,,
15410,Living Jar Shard,生き壺の破片,活壶碎片,Уламок живого горщика,,Осколок живого кувшина,,
15420,Albinauric Bloodclot,しろがねの凝血,白金凝血,Згусток крові альбінора,,Сгусток крови альбинора,,
15430,Stormhawk Feather,嵐鷹の羽,风暴鹰羽毛,Перо штормового яструба,,Перо штормового ястреба,,
20650,Poisonbloom,毒花,毒花,Отруйна квітка,,Ядовитый цветок,,
20651,Trina's Lily,トリーナのスイレン,托莉娜睡莲,Латання Тріни,,Лилия Трины,,
20652,Fulgurbloom,雷花,雷电花,Блискавкова квітка,,Грозовой цветок,,
20653,Miquella's Lily,ミケラのスイレン,米凯拉睡莲,Латаття Мікелли,,Лилия Микеллы,,
20654,Grave Violet,墓紫,墓地紫花,Могильна фіалка,,Могильная фиалка,,
20660,Faded Erdleaf Flower,変色した落葉花,变色落叶花,Зів'яла квітка золотолисника,,Увядший цветок из листьев Эрд,,
20680,Erdleaf Flower,落葉花,落叶花,Квітка золотолисника,,Цветок из листьев Эрд,,
20681,Altus Bloom,アルタスの花,亚塔斯花,Квітка Альтуса,,Цветок Альтуса,,
20682,Fire Blossom,火の花,火焰花,Вогняна квітка,,Огненный цветок,,
20683,Golden Sunflower,金輪草,金轮草,Золотий соняшник,,Золотой подсолнух,,
20685,Tarnished Golden Sunflower,色褪せた金輪草,褪色金轮草,Згаслий золотий соняшник,,Поблёкший золотой подсолнух,,
20690,Herba,ヘルバ,赫帕草,Подорожник,,Зелень,,
20691,Arteria Leaf,アルテリアの葉,亚缇莉亚叶,Жилкуватий листок,,Пульсирующий лист,,
20710,Dewkissed Herba,夜露のヘルバ,夜露赫帕草,Подорожник нічної роси,,Росистая трава,,
20720,Rowa Fruit,ロアの実,罗亚果实,Горобина,,Рябина,,
20721,Golden Rowa,黄金のロア,黄金罗亚果实,Золота горобина,,Золотая рябина,,
20722,Rimed Rowa,ロアの原種,罗亚原种果实,Морозна горобина,,Заиндевелая рябина,,
20723,Bloodrose,血の薔薇,血蔷薇,Кривава троянда,,Кровавая роза,,
20740,Eye of Yelough,イエロの瞳,耶罗眼珠,Жовте око,,Жёлтое око,,
20750,Crystal Bud,結晶の木の芽,结晶木芽,Кристалічна брунька,,Кристальный бутон,,
20751,Rimed Crystal Bud,氷結晶の木の芽,冰结晶木芽,Морозна кристалічна брунька,,Заиндевелый кристальный бутон,,
20753,Sacramental Bud,聖血の木の芽,圣血木芽,Священна брунька,,Священный бутон,,
20760,Mushroom,キノコ,蘑菇,Гриб,,Гриб,,
20761,Melted Mushroom,蕩けたキノコ,稠液蘑菇,Розм'яклий гриб,,Размягчённый гриб,,
20770,Toxic Mushroom,毒カビキノコ,毒霉蘑菇,Отруйний гриб,,Ядовитый гриб,,
20775,Root Resin,根脂,根脂,Смола з коріння,,Смола из корня,,
20780,Cracked Crystal,壊れた結晶,崩解结晶,Тріснутий кристал,,Треснувший кристалл,,
20795,Sanctuary Stone,神殿石,神殿石,Священний камінь,,Храмовый камень,,
20800,Nascent Butterfly,幼生蝶,蜕生蝶,Молодий метелик,,Личинка бабочки,,
20801,Aeonian Butterfly,エオニアの蝶,艾奥尼亚蝶,Еонійський метелик,,Бабочка Эонии,,
20802,Smoldering Butterfly,燻り蝶,火星蝶,Вогняний метелик,,Тлеющая бабочка,,
20810,Silver Firefly,銀色ホタル,银色萤火虫,Срібний світлячок,,Серебряный светлячок,,
20811,Gold Firefly,金色ホタル,金色萤火虫,Золотий світлячок,,Золотой светлячок,,
20812,Glintstone Firefly,輝石ホタル,辉石萤火虫,Блискамінний світлячок,,Блестящий светлячок,,
20820,Golden Centipede,黄金百足,黄金百足,Золота багатоніжка,,Золотая многоножка,,
20825,Silver Tear Husk,銀雫の殻,银色泪滴空壳,Оболонка срібної сльози,,Оболочка серебряной слезы,,
20830,Gold-Tinged Excrement,金の排泄物,金色排泄物,Золотисті екскременти,,Золотистые экскременты,,
20831,Blood-Tainted Excrement,血の混じった排泄物,和血排泄物,Закривавлені екскременти,,Кровавые экскременты,,
20840,Cave Moss,洞窟苔,洞窟苔藓,Печерний мох,,Пещерный мох,,
20841,Budding Cave Moss,洞窟苔の花芽,洞窟苔藓的花苞,Квітучий печерний мох,,Цветущий пещерный мох,,
20842,Crystal Cave Moss,洞窟苔の結晶,洞窟苔藓的结晶,Кристалічний печерний мох,,Кристальный пещерный мох,,
20845,Yellow Ember,黄色い残り火,黄色余火,Жовте вугілля,,Жёлтый уголь,,
20850,Volcanic Stone,火山石,火山石,Вулканічний камінь,,Вулканический камень,,
20852,Formic Rock,蟻酸石,蚁酸石,Мурашиний камінь,,Муравьиный камень,,
20855,Gravel Stone,さざれ石,碎石,Гравій,,Мелкий камешек,,
53630,?GoodsName? Holy Water Pot,,,,,,,
200000,Black Knife Tiche,黒き刃、ティシー,“黑刀”狄希,"Тіші, Чорний ніж",,"Тичи, Чёрный нож",,
200001,Black Knife Tiche +1,黒き刃、ティシー＋１,“黑刀”狄希＋１,"Тіші, Чорний ніж +1",,"Тихе, Чёрный нож +1",,
200002,Black Knife Tiche +2,黒き刃、ティシー＋２,“黑刀”狄希＋２,"Тіші, Чорний ніж +2",,"Тичи, Чёрный нож +2",,
200003,Black Knife Tiche +3,黒き刃、ティシー＋３,“黑刀”狄希＋３,"Тіші, Чорний ніж +3",,"Тичи, Чёрный нож +3",,
200004,Black Knife Tiche +4,黒き刃、ティシー＋４,“黑刀”狄希＋４,"Тіші, Чорний ніж +4",,"Тихе, Чёрный нож +4",,
200005,Black Knife Tiche +5,黒き刃、ティシー＋５,“黑刀”狄希＋５,"Тіші, Чорний ніж +5",,"Тичи, Чёрный нож +5",,
200006,Black Knife Tiche +6,黒き刃、ティシー＋６,“黑刀”狄希＋６,"Тіші, Чорний ніж +6",,"Тичи, Чёрный нож +6",,
200007,Black Knife Tiche +7,黒き刃、ティシー＋７,“黑刀”狄希＋７,"Тіші, Чорний ніж +7",,"Тихе, Чёрный нож +7",,
200008,Black Knife Tiche +8,黒き刃、ティシー＋８,“黑刀”狄希＋８,"Тіші, Чорний ніж +8",,"Тичи, Чёрный нож +8",,
200009,Black Knife Tiche +9,黒き刃、ティシー＋９,“黑刀”狄希＋９,"Тіші, Чорний ніж +9",,"Тичи, Чёрный нож +9",,
200010,Black Knife Tiche +10,黒き刃、ティシー＋１０,“黑刀”狄希＋１０,"Тіші, Чорний ніж +10",,"Тихе, Чёрный нож +10",,
201000,Banished Knight Oleg,失地騎士、オレグ,“失乡骑士”奥雷格,"Олег, лицар-вигнанець",,"Олег, рыцарь-изгнанник",,
201001,Banished Knight Oleg +1,失地騎士、オレグ＋１,“失乡骑士”奥雷格＋１,"Олег, лицар-вигнанець +1",,"Олег, рыцарь-изгнанник +1",,
201002,Banished Knight Oleg +2,失地騎士、オレグ＋２,“失乡骑士”奥雷格＋２,"Олег, лицар-вигнанець +2",,"Олег, рыцарь-изгнанник +2",,
201003,Banished Knight Oleg +3,失地騎士、オレグ＋３,“失乡骑士”奥雷格＋３,"Олег, лицар-вигнанець +3",,"Олег, рыцарь-изгнанник +3",,
201004,Banished Knight Oleg +4,失地騎士、オレグ＋４,“失乡骑士”奥雷格＋４,"Олег, лицар-вигнанець +4",,"Олег, рыцарь-изгнанник +4",,
201005,Banished Knight Oleg +5,失地騎士、オレグ＋５,“失乡骑士”奥雷格＋５,"Олег, лицар-вигнанець +5",,"Олег, рыцарь-изгнанник +5",,
201006,Banished Knight Oleg +6,失地騎士、オレグ＋６,“失乡骑士”奥雷格＋６,"Олег, лицар-вигнанець +6",,"Олег, рыцарь-изгнанник +6",,
201007,Banished Knight Oleg +7,失地騎士、オレグ＋７,“失乡骑士”奥雷格＋７,"Олег, лицар-вигнанець +7",,"Олег, рыцарь-изгнанник +7",,
201008,Banished Knight Oleg +8,失地騎士、オレグ＋８,“失乡骑士”奥雷格＋８,"Олег, лицар-вигнанець +8",,"Олег, рыцарь-изгнанник +8",,
201009,Banished Knight Oleg +9,失地騎士、オレグ＋９,“失乡骑士”奥雷格＋９,"Олег, лицар-вигнанець +9",,"Олег, рыцарь-изгнанник +9",,
201010,Banished Knight Oleg +10,失地騎士、オレグ＋１０,“失乡骑士”奥雷格＋１０,"Олег, лицар-вигнанець +10",,"Олег, рыцарь-изгнанник +10",,
202000,Banished Knight Engvall,失地騎士、イングヴァル,“失乡骑士”英格威尔,"Інґвалл, лицар-вигнанець",,"Энгвол, рыцарь-изгнанник",,
202001,Banished Knight Engvall +1,失地騎士、イングヴァル＋１,“失乡骑士”英格威尔＋１,"Інґвалл, лицар-вигнанець +1",,"Энгвол, рыцарь-изгнанник +1",,
202002,Banished Knight Engvall +2,失地騎士、イングヴァル＋２,“失乡骑士”英格威尔＋２,"Інґвалл, лицар-вигнанець +2",,"Энгвол, рыцарь-изгнанник +2",,
202003,Banished Knight Engvall +3,失地騎士、イングヴァル＋３,“失乡骑士”英格威尔＋３,"Інґвалл, лицар-вигнанець +3",,"Энгвол, рыцарь-изгнанник +3",,
202004,Banished Knight Engvall +4,失地騎士、イングヴァル＋４,“失乡骑士”英格威尔＋４,"Інґвалл, лицар-вигнанець +4",,"Энгвол, рыцарь-изгнанник +4",,
202005,Banished Knight Engvall +5,失地騎士、イングヴァル＋５,“失乡骑士”英格威尔＋５,"Інґвалл, лицар-вигнанець +5",,"Энгвол, рыцарь-изгнанник +5",,
202006,Banished Knight Engvall +6,失地騎士、イングヴァル＋６,“失乡骑士”英格威尔＋６,"Інґвалл, лицар-вигнанець +6",,"Энгвол, рыцарь-изгнанник +6",,
202007,Banished Knight Engvall +7,失地騎士、イングヴァル＋７,“失乡骑士”英格威尔＋７,"Інґвалл, лицар-вигнанець +7",,"Энгвол, рыцарь-изгнанник +7",,
202008,Banished Knight Engvall +8,失地騎士、イングヴァル＋８,“失乡骑士”英格威尔＋８,"Інґвалл, лицар-вигнанець +8",,"Энгвол, рыцарь-изгнанник +8",,
202009,Banished Knight Engvall +9,失地騎士、イングヴァル＋９,“失乡骑士”英格威尔＋９,"Інґвалл, лицар-вигнанець +9",,"Энгвол, рыцарь-изгнанник +9",,
202010,Banished Knight Engvall +10,失地騎士、イングヴァル＋１０,“失乡骑士”英格威尔＋１０,"Інґвалл, лицар-вигнанець +10",,"Энгвол, рыцарь-изгнанник +10",,
203000,Fanged Imp Ashes,牙鬼インプの遺灰,尖牙小恶魔的骨灰,Попіл ікластого біса,,Прах клыкастых бесов,,
203001,Fanged Imp Ashes +1,牙鬼インプの遺灰＋１,尖牙小恶魔的骨灰＋１,Попіл ікластого біса +1,,Прах клыкастых бесов +1,,
203002,Fanged Imp Ashes +2,牙鬼インプの遺灰＋２,尖牙小恶魔的骨灰＋２,Попіл ікластого біса +2,,Прах клыкастых бесов +2,,
203003,Fanged Imp Ashes +3,牙鬼インプの遺灰＋３,尖牙小恶魔的骨灰＋３,Попіл ікластого біса +3,,Прах клыкастых бесов +3,,
203004,Fanged Imp Ashes +4,牙鬼インプの遺灰＋４,尖牙小恶魔的骨灰＋４,Попіл ікластого біса +4,,Прах клыкастых бесов +4,,
203005,Fanged Imp Ashes +5,牙鬼インプの遺灰＋５,尖牙小恶魔的骨灰＋５,Попіл ікластого біса +5,,Прах клыкастых бесов +5,,
203006,Fanged Imp Ashes +6,牙鬼インプの遺灰＋６,尖牙小恶魔的骨灰＋６,Попіл ікластого біса +6,,Прах клыкастых бесов +6,,
203007,Fanged Imp Ashes +7,牙鬼インプの遺灰＋７,尖牙小恶魔的骨灰＋７,Попіл ікластого біса +7,,Прах клыкастых бесов +7,,
203008,Fanged Imp Ashes +8,牙鬼インプの遺灰＋８,尖牙小恶魔的骨灰＋８,Попіл ікластого біса +8,,Прах клыкастых бесов +8,,
203009,Fanged Imp Ashes +9,牙鬼インプの遺灰＋９,尖牙小恶魔的骨灰＋９,Попіл ікластого біса +9,,Прах клыкастых бесов +9,,
203010,Fanged Imp Ashes +10,牙鬼インプの遺灰＋１０,尖牙小恶魔的骨灰＋１０,Попіл ікластого біса +10,,Прах клыкастых бесов +10,,
204000,Latenna the Albinauric,しろがねのラティナ,白金之子勒缇娜,Альбінорка Латенна,,"Латенна, альбинорка",,
204001,Latenna the Albinauric +1,しろがねのラティナ＋１,白金之子勒缇娜＋１,Альбінорка Латенна +1,,"Латенна, альбинорка +1",,
204002,Latenna the Albinauric +2,しろがねのラティナ＋２,白金之子勒缇娜＋２,Альбінорка Латенна +2,,"Латенна, альбинорка +2",,
204003,Latenna the Albinauric +3,しろがねのラティナ＋３,白金之子勒缇娜＋３,Альбінорка Латенна +3,,"Латенна, альбинорка +3",,
204004,Latenna the Albinauric +4,しろがねのラティナ＋４,白金之子勒缇娜＋４,Альбінорка Латенна +4,,"Латенна, альбинорка +4",,
204005,Latenna the Albinauric +5,しろがねのラティナ＋５,白金之子勒缇娜＋５,Альбінорка Латенна +5,,"Латенна, альбинорка +5",,
204006,Latenna the Albinauric +6,しろがねのラティナ＋６,白金之子勒缇娜＋６,Альбінорка Латенна +6,,"Латенна, альбинорка +6",,
204007,Latenna the Albinauric +7,しろがねのラティナ＋７,白金之子勒缇娜＋７,Альбінорка Латенна +7,,"Латенна, альбинорка +7",,
204008,Latenna the Albinauric +8,しろがねのラティナ＋８,白金之子勒缇娜＋８,Альбінорка Латенна +8,,"Латенна, альбинорка +8",,
204009,Latenna the Albinauric +9,しろがねのラティナ＋９,白金之子勒缇娜＋９,Альбінорка Латенна +9,,"Латенна, альбинорка +9",,
204010,Latenna the Albinauric +10,しろがねのラティナ＋１０,白金之子勒缇娜＋１０,Альбінорка Латенна +10,,"Латенна, альбинорка +10",,
205000,Nomad Ashes,放浪の民の遺灰,流浪民族的骨灰,Попіл кочівника,,Прах кочевника,,
205001,Nomad Ashes +1,放浪の民の遺灰＋１,流浪民族的骨灰＋１,Попіл кочівника +1,,Прах кочевника +1,,
205002,Nomad Ashes +2,放浪の民の遺灰＋２,流浪民族的骨灰＋２,Попіл кочівника +2,,Прах кочевника +2,,
205003,Nomad Ashes +3,放浪の民の遺灰＋３,流浪民族的骨灰＋３,Попіл кочівника +3,,Прах кочевника +3,,
205004,Nomad Ashes +4,放浪の民の遺灰＋４,流浪民族的骨灰＋４,Попіл кочівника +4,,Прах кочевника +4,,
205005,Nomad Ashes +5,放浪の民の遺灰＋５,流浪民族的骨灰＋５,Попіл кочівника +5,,Прах кочевника +5,,
205006,Nomad Ashes +6,放浪の民の遺灰＋６,流浪民族的骨灰＋６,Попіл кочівника +6,,Прах кочевника +6,,
205007,Nomad Ashes +7,放浪の民の遺灰＋７,流浪民族的骨灰＋７,Попіл кочівника +7,,Прах кочевника +7,,
205008,Nomad Ashes +8,放浪の民の遺灰＋８,流浪民族的骨灰＋８,Попіл кочівника +8,,Прах кочевника +8,,
205009,Nomad Ashes +9,放浪の民の遺灰＋９,流浪民族的骨灰＋９,Попіл кочівника +9,,Прах кочевника +9,,
205010,Nomad Ashes +10,放浪の民の遺灰＋１０,流浪民族的骨灰＋１０,Попіл кочівника +10,,Прах кочевника +10,,
206000,Nightmaiden & Swordstress Puppets,夜巫女と剣士の傀儡,黑夜女巫与剑士的傀儡,Ляльки служниці ночі та мечниці,,Куклы ночной служанки и мечницы,,
206001,Nightmaiden & Swordstress Puppets +1,夜巫女と剣士の傀儡＋１,黑夜女巫与剑士的傀儡＋１,Ляльки служниці ночі та мечниці +1,,Куклы ночной служанки и мечницы +1,,
206002,Nightmaiden & Swordstress Puppets +2,夜巫女と剣士の傀儡＋２,黑夜女巫与剑士的傀儡＋２,Ляльки служниці ночі та мечниці +2,,Куклы ночной служанки и мечницы +2,,
206003,Nightmaiden & Swordstress Puppets +3,夜巫女と剣士の傀儡＋３,黑夜女巫与剑士的傀儡＋３,Ляльки служниці ночі та мечниці +3,,Куклы ночной служанки и мечницы +3,,
206004,Nightmaiden & Swordstress Puppets +4,夜巫女と剣士の傀儡＋４,黑夜女巫与剑士的傀儡＋４,Ляльки служниці ночі та мечниці +4,,Куклы ночной служанки и мечницы +4,,
206005,Nightmaiden & Swordstress Puppets +5,夜巫女と剣士の傀儡＋５,黑夜女巫与剑士的傀儡＋５,Ляльки служниці ночі та мечниці +5,,Куклы ночной служанки и мечницы +5,,
206006,Nightmaiden & Swordstress Puppets +6,夜巫女と剣士の傀儡＋６,黑夜女巫与剑士的傀儡＋６,Ляльки служниці ночі та мечниці +6,,Куклы ночной служанки и мечницы +6,,
206007,Nightmaiden & Swordstress Puppets +7,夜巫女と剣士の傀儡＋７,黑夜女巫与剑士的傀儡＋７,Ляльки служниці ночі та мечниці +7,,Куклы ночной служанки и мечницы +7,,
206008,Nightmaiden & Swordstress Puppets +8,夜巫女と剣士の傀儡＋８,黑夜女巫与剑士的傀儡＋８,Ляльки служниці ночі та мечниці +8,,Куклы ночной служанки и мечницы +8,,
206009,Nightmaiden & Swordstress Puppets +9,夜巫女と剣士の傀儡＋９,黑夜女巫与剑士的傀儡＋９,Ляльки служниці ночі та мечниці +9,,Куклы ночной служанки и мечницы +9,,
206010,Nightmaiden & Swordstress Puppets +10,夜巫女と剣士の傀儡＋１０,黑夜女巫与剑士的傀儡＋１０,Ляльки служниці ночі та мечниці +10,,Куклы ночной служанки и мечницы +10,,
207000,Mimic Tear Ashes,写し身の雫の遺灰,仿身泪滴的骨灰,Попіл сльози імітації,,Прах Ложной Слезы,,
207001,Mimic Tear Ashes +1,写し身の雫の遺灰＋１,仿身泪滴的骨灰＋１,Попіл сльози імітації +1,,Прах Ложной Слезы +1,,
207002,Mimic Tear Ashes +2,写し身の雫の遺灰＋２,仿身泪滴的骨灰＋２,Попіл сльози імітації +2,,Прах Ложной Слезы +2,,
207003,Mimic Tear Ashes +3,写し身の雫の遺灰＋３,仿身泪滴的骨灰＋３,Попіл сльози імітації +3,,Прах Ложной Слезы +3,,
207004,Mimic Tear Ashes +4,写し身の雫の遺灰＋４,仿身泪滴的骨灰＋４,Попіл сльози імітації +4,,Прах Ложной Слезы +4,,
207005,Mimic Tear Ashes +5,写し身の雫の遺灰＋５,仿身泪滴的骨灰＋５,Попіл сльози імітації +5,,Прах Ложной Слезы +5,,
207006,Mimic Tear Ashes +6,写し身の雫の遺灰＋６,仿身泪滴的骨灰＋６,Попіл сльози імітації +6,,Прах Ложной Слезы +6,,
207007,Mimic Tear Ashes +7,写し身の雫の遺灰＋７,仿身泪滴的骨灰＋７,Попіл сльози імітації +7,,Прах Ложной Слезы +7,,
207008,Mimic Tear Ashes +8,写し身の雫の遺灰＋８,仿身泪滴的骨灰＋８,Попіл сльози імітації +8,,Прах Ложной Слезы +8,,
207009,Mimic Tear Ashes +9,写し身の雫の遺灰＋９,仿身泪滴的骨灰＋９,Попіл сльози імітації +9,,Прах Ложной Слезы +9,,
207010,Mimic Tear Ashes +10,写し身の雫の遺灰＋１０,仿身泪滴的骨灰＋１０,Попіл сльози імітації +10,,Прах Ложной Слезы +10,,
208000,Crystalian Ashes,結晶人の遺灰,结晶人的骨灰,Попіл кристальника,,Прах кристалийца,,
208001,Crystalian Ashes +1,結晶人の遺灰＋１,结晶人的骨灰＋１,Попіл кристальника +1,,Прах кристалийца +1,,
208002,Crystalian Ashes +2,結晶人の遺灰＋２,结晶人的骨灰＋２,Попіл кристальника +2,,Прах кристалийца +2,,
208003,Crystalian Ashes +3,結晶人の遺灰＋３,结晶人的骨灰＋３,Попіл кристальника +3,,Прах кристалийца +3,,
208004,Crystalian Ashes +4,結晶人の遺灰＋４,结晶人的骨灰＋４,Попіл кристальника +4,,Прах кристалийца +4,,
208005,Crystalian Ashes +5,結晶人の遺灰＋５,结晶人的骨灰＋５,Попіл кристальника +5,,Прах кристалийца +5,,
208006,Crystalian Ashes +6,結晶人の遺灰＋６,结晶人的骨灰＋６,Попіл кристальника +6,,Прах кристалийца +6,,
208007,Crystalian Ashes +7,結晶人の遺灰＋７,结晶人的骨灰＋７,Попіл кристальника +7,,Прах кристалийца +7,,
208008,Crystalian Ashes +8,結晶人の遺灰＋８,结晶人的骨灰＋８,Попіл кристальника +8,,Прах кристалийца +8,,
208009,Crystalian Ashes +9,結晶人の遺灰＋９,结晶人的骨灰＋９,Попіл кристальника +9,,Прах кристалийца +9,,
208010,Crystalian Ashes +10,結晶人の遺灰＋１０,结晶人的骨灰＋１０,Попіл кристальника +10,,Прах кристалийца +10,,
209000,Ancestral Follower Ashes,祖霊の民の遺灰,祖灵之民的骨灰,Попіл послідовника предків,,Прах почитателя предков,,
209001,Ancestral Follower Ashes +1,祖霊の民の遺灰＋１,祖灵之民的骨灰＋１,Попіл послідовника предків +1,,Прах почитателя предков +1,,
209002,Ancestral Follower Ashes +2,祖霊の民の遺灰＋２,祖灵之民的骨灰＋２,Попіл послідовника предків +2,,Прах почитателя предков +2,,
209003,Ancestral Follower Ashes +3,祖霊の民の遺灰＋３,祖灵之民的骨灰＋３,Попіл послідовника предків +3,,Прах почитателя предков +3,,
209004,Ancestral Follower Ashes +4,祖霊の民の遺灰＋４,祖灵之民的骨灰＋４,Попіл послідовника предків +4,,Прах почитателя предков +4,,
209005,Ancestral Follower Ashes +5,祖霊の民の遺灰＋５,祖灵之民的骨灰＋５,Попіл послідовника предків +5,,Прах почитателя предков +5,,
209006,Ancestral Follower Ashes +6,祖霊の民の遺灰＋６,祖灵之民的骨灰＋６,Попіл послідовника предків +6,,Прах почитателя предков +6,,
209007,Ancestral Follower Ashes +7,祖霊の民の遺灰＋７,祖灵之民的骨灰＋７,Попіл послідовника предків +7,,Прах почитателя предков +7,,
209008,Ancestral Follower Ashes +8,祖霊の民の遺灰＋８,祖灵之民的骨灰＋８,Попіл послідовника предків +8,,Прах почитателя предков +8,,
209009,Ancestral Follower Ashes +9,祖霊の民の遺灰＋９,祖灵之民的骨灰＋９,Попіл послідовника предків +9,,Прах почитателя предков +9,,
209010,Ancestral Follower Ashes +10,祖霊の民の遺灰＋１０,祖灵之民的骨灰＋１０,Попіл послідовника предків +10,,Прах почитателя предков +10,,
210000,Winged Misbegotten Ashes,翼の混種の遺灰,带翼混种的骨灰,Попіл крилатого покруча,,Прах крылатого бастарда,,
210001,Winged Misbegotten Ashes + 1,翼の混種の遺灰＋１,带翼混种的骨灰＋１,Попіл крилатого покруча +1,,Прах крылатого бастарда +1,,
210002,Winged Misbegotten Ashes + 2,翼の混種の遺灰＋２,带翼混种的骨灰＋２,Попіл крилатого покруча +2,,Прах крылатого бастарда +2,,
210003,Winged Misbegotten Ashes + 3,翼の混種の遺灰＋３,带翼混种的骨灰＋３,Попіл крилатого покруча +3,,Прах крылатого бастарда +3,,
210004,Winged Misbegotten Ashes + 4,翼の混種の遺灰＋４,带翼混种的骨灰＋４,Попіл крилатого покруча +4,,Прах крылатого бастарда +4,,
210005,Winged Misbegotten Ashes + 5,翼の混種の遺灰＋５,带翼混种的骨灰＋５,Попіл крилатого покруча +5,,Прах крылатого бастарда +5,,
210006,Winged Misbegotten Ashes + 6,翼の混種の遺灰＋６,带翼混种的骨灰＋６,Попіл крилатого покруча +6,,Прах крылатого бастарда +6,,
210007,Winged Misbegotten Ashes + 7,翼の混種の遺灰＋７,带翼混种的骨灰＋７,Попіл крилатого покруча +7,,Прах крылатого бастарда +7,,
210008,Winged Misbegotten Ashes + 8,翼の混種の遺灰＋８,带翼混种的骨灰＋８,Попіл крилатого покруча +8,,Прах крылатого бастарда +8,,
210009,Winged Misbegotten Ashes + 9,翼の混種の遺灰＋９,带翼混种的骨灰＋９,Попіл крилатого покруча +9,,Прах крылатого бастарда +9,,
210010,Winged Misbegotten Ashes + 10,翼の混種の遺灰＋１０,带翼混种的骨灰＋１０,Попіл крилатого покруча +10,,Прах крылатого бастарда +10,,
211000,Albinauric Ashes,しろがね人の遺灰,白金之子的骨灰,Попіл альбінора,,Прах альбиноров,,
211001,Albinauric Ashes +1,しろがね人の遺灰＋１,白金之子的骨灰＋１,Попіл альбінора +1,,Прах альбиноров +1,,
211002,Albinauric Ashes +2,しろがね人の遺灰＋２,白金之子的骨灰＋２,Попіл альбінора +2,,Прах альбиноров +2,,
211003,Albinauric Ashes +3,しろがね人の遺灰＋３,白金之子的骨灰＋３,Попіл альбінора +3,,Прах альбиноров +3,,
211004,Albinauric Ashes +4,しろがね人の遺灰＋４,白金之子的骨灰＋４,Попіл альбінора +4,,Прах альбиноров +4,,
211005,Albinauric Ashes +5,しろがね人の遺灰＋５,白金之子的骨灰＋５,Попіл альбінора +5,,Прах альбиноров +5,,
211006,Albinauric Ashes +6,しろがね人の遺灰＋６,白金之子的骨灰＋６,Попіл альбінора +6,,Прах альбиноров +6,,
211007,Albinauric Ashes +7,しろがね人の遺灰＋７,白金之子的骨灰＋７,Попіл альбінора +7,,Прах альбиноров +7,,
211008,Albinauric Ashes +8,しろがね人の遺灰＋８,白金之子的骨灰＋８,Попіл альбінора +8,,Прах альбиноров +8,,
211009,Albinauric Ashes +9,しろがね人の遺灰＋９,白金之子的骨灰＋９,Попіл альбінора +9,,Прах альбиноров +9,,
211010,Albinauric Ashes +10,しろがね人の遺灰＋１０,白金之子的骨灰＋１０,Попіл альбінора +10,,Прах альбиноров +10,,
212000,Skeletal Militiaman Ashes,民兵スケルトンの遺灰,枯瘦民兵的骨灰,Попіл скелета-ополченця,,Прах скелетов-ополченцев,,
212001,Skeletal Militiaman Ashes +1,民兵スケルトンの遺灰＋１,枯瘦民兵的骨灰＋１,Попіл скелета-ополченця +1,,Прах скелетов-ополченцев +1,,
212002,Skeletal Militiaman Ashes +2,民兵スケルトンの遺灰＋２,枯瘦民兵的骨灰＋２,Попіл скелета-ополченця +2,,Прах скелетов-ополченцев +2,,
212003,Skeletal Militiaman Ashes +3,民兵スケルトンの遺灰＋３,枯瘦民兵的骨灰＋３,Попіл скелета-ополченця +3,,Прах скелетов-ополченцев +3,,
212004,Skeletal Militiaman Ashes +4,民兵スケルトンの遺灰＋４,枯瘦民兵的骨灰＋４,Попіл скелета-ополченця +4,,Прах скелетов-ополченцев +4,,
212005,Skeletal Militiaman Ashes +5,民兵スケルトンの遺灰＋５,枯瘦民兵的骨灰＋５,Попіл скелета-ополченця +5,,Прах скелетов-ополченцев +5,,
212006,Skeletal Militiaman Ashes +6,民兵スケルトンの遺灰＋６,枯瘦民兵的骨灰＋６,Попіл скелета-ополченця +6,,Прах скелетов-ополченцев +6,,
212007,Skeletal Militiaman Ashes +7,民兵スケルトンの遺灰＋７,枯瘦民兵的骨灰＋７,Попіл скелета-ополченця +7,,Прах скелетов-ополченцев +7,,
212008,Skeletal Militiaman Ashes +8,民兵スケルトンの遺灰＋８,枯瘦民兵的骨灰＋８,Попіл скелета-ополченця +8,,Прах скелетов-ополченцев +8,,
212009,Skeletal Militiaman Ashes +9,民兵スケルトンの遺灰＋９,枯瘦民兵的骨灰＋９,Попіл скелета-ополченця +9,,Прах скелетов-ополченцев +9,,
212010,Skeletal Militiaman Ashes +10,民兵スケルトンの遺灰＋１０,枯瘦民兵的骨灰＋１０,Попіл скелета-ополченця +10,,Прах скелетов-ополченцев +10,,
213000,Skeletal Bandit Ashes,山賊スケルトンの遺灰,枯瘦山贼的骨灰,Попіл скелета-бандита,,Прах разбойника-скелета,,
213001,Skeletal Bandit Ashes +1,山賊スケルトンの遺灰＋１,枯瘦山贼的骨灰＋１,Попіл скелета-бандита +1,,Прах скелета-разбойника +1,,
213002,Skeletal Bandit Ashes +2,山賊スケルトンの遺灰＋２,枯瘦山贼的骨灰＋２,Попіл скелета-бандита +2,,Прах скелета-разбойника +2,,
213003,Skeletal Bandit Ashes +3,山賊スケルトンの遺灰＋３,枯瘦山贼的骨灰＋３,Попіл скелета-бандита +3,,Прах скелета-разбойника +3,,
213004,Skeletal Bandit Ashes +4,山賊スケルトンの遺灰＋４,枯瘦山贼的骨灰＋４,Попіл скелета-бандита +4,,Прах скелета-разбойника +4,,
213005,Skeletal Bandit Ashes +5,山賊スケルトンの遺灰＋５,枯瘦山贼的骨灰＋５,Попіл скелета-бандита +5,,Прах скелета-разбойника +5,,
213006,Skeletal Bandit Ashes +6,山賊スケルトンの遺灰＋６,枯瘦山贼的骨灰＋６,Попіл скелета-бандита +6,,Прах скелета-разбойника +6,,
213007,Skeletal Bandit Ashes +7,山賊スケルトンの遺灰＋７,枯瘦山贼的骨灰＋７,Попіл скелета-бандита +7,,Прах скелета-разбойника +7,,
213008,Skeletal Bandit Ashes +8,山賊スケルトンの遺灰＋８,枯瘦山贼的骨灰＋８,Попіл скелета-бандита +8,,Прах скелета-разбойника +8,,
213009,Skeletal Bandit Ashes +9,山賊スケルトンの遺灰＋９,枯瘦山贼的骨灰＋９,Попіл скелета-бандита +9,,Прах скелета-разбойника +9,,
213010,Skeletal Bandit Ashes +10,山賊スケルトンの遺灰＋１０,枯瘦山贼的骨灰＋１０,Попіл скелета-бандита +10,,Прах скелета-разбойника +10,,
214000,Oracle Envoy Ashes,神託の使者たちの遺灰,神谕众使者的骨灰,Попіл посланців-оракулів,,Прах посланцев оракула,,
214001,Oracle Envoy Ashes +1,神託の使者たちの遺灰＋１,神谕众使者的骨灰＋１,Попіл посланців-оракулів +1,,Прах посланцев оракула +1,,
214002,Oracle Envoy Ashes +2,神託の使者たちの遺灰＋２,神谕众使者的骨灰＋２,Попіл посланців-оракулів +2,,Прах посланцев оракула +2,,
214003,Oracle Envoy Ashes +3,神託の使者たちの遺灰＋３,神谕众使者的骨灰＋３,Попіл посланців-оракулів +3,,Прах посланцев оракула +3,,
214004,Oracle Envoy Ashes +4,神託の使者たちの遺灰＋４,神谕众使者的骨灰＋４,Попіл посланців-оракулів +4,,Прах посланцев оракула +4,,
214005,Oracle Envoy Ashes +5,神託の使者たちの遺灰＋５,神谕众使者的骨灰＋５,Попіл посланців-оракулів +5,,Прах посланцев оракула +5,,
214006,Oracle Envoy Ashes +6,神託の使者たちの遺灰＋６,神谕众使者的骨灰＋６,Попіл посланців-оракулів +6,,Прах посланцев оракула +6,,
214007,Oracle Envoy Ashes +7,神託の使者たちの遺灰＋７,神谕众使者的骨灰＋７,Попіл посланців-оракулів +7,,Прах посланцев оракула +7,,
214008,Oracle Envoy Ashes +8,神託の使者たちの遺灰＋８,神谕众使者的骨灰＋８,Попіл посланців-оракулів +8,,Прах посланцев оракула +8,,
214009,Oracle Envoy Ashes +9,神託の使者たちの遺灰＋９,神谕众使者的骨灰＋９,Попіл посланців-оракулів +9,,Прах посланцев оракула +9,,
214010,Oracle Envoy Ashes +10,神託の使者たちの遺灰＋１０,神谕众使者的骨灰＋１０,Попіл посланців-оракулів +10,,Прах посланцев оракула +10,,
215000,Putrid Corpse Ashes,腐った亡者の遺灰,腐烂长生者的骨灰,Попіл гнильного трупа,,Прах зомби,,
215001,Putrid Corpse Ashes +1,腐った亡者の遺灰＋１,腐烂长生者的骨灰＋１,Попіл гнильного трупа +1,,Прах гниющих трупов +1,,
215002,Putrid Corpse Ashes +2,腐った亡者の遺灰＋２,腐烂长生者的骨灰＋２,Попіл гнильного трупа +2,,Прах зомби +2,,
215003,Putrid Corpse Ashes +3,腐った亡者の遺灰＋３,腐烂长生者的骨灰＋３,Попіл гнильного трупа +3,,Прах зомби +3,,
215004,Putrid Corpse Ashes +4,腐った亡者の遺灰＋４,腐烂长生者的骨灰＋４,Попіл гнильного трупа +4,,Прах гниющих трупов +4,,
215005,Putrid Corpse Ashes +5,腐った亡者の遺灰＋５,腐烂长生者的骨灰＋５,Попіл гнильного трупа +5,,Прах зомби +5,,
215006,Putrid Corpse Ashes +6,腐った亡者の遺灰＋６,腐烂长生者的骨灰＋６,Попіл гнильного трупа +6,,Прах зомби +6,,
215007,Putrid Corpse Ashes +7,腐った亡者の遺灰＋７,腐烂长生者的骨灰＋７,Попіл гнильного трупа +7,,Прах гниющих трупов +7,,
215008,Putrid Corpse Ashes +8,腐った亡者の遺灰＋８,腐烂长生者的骨灰＋８,Попіл гнильного трупа +8,,Прах зомби +8,,
215009,Putrid Corpse Ashes +9,腐った亡者の遺灰＋９,腐烂长生者的骨灰＋９,Попіл гнильного трупа +9,,Прах зомби +9,,
215010,Putrid Corpse Ashes +10,腐った亡者の遺灰＋１０,腐烂长生者的骨灰＋１０,Попіл гнильного трупа +10,,Прах гниющих трупов +10,,
216000,Depraved Perfumer Carmaan,堕落調香師、カルマーン,“堕落调香师”卡尔曼,"Кармаан, порочний парфумер",,"Прах Кармаана, падшего парфюмера",,
216001,Depraved Perfumer Carmaan +1,堕落調香師、カルマーン＋１,“堕落调香师”卡尔曼＋１,"Кармаан, порочний парфумер +1",,"Прах Кармаана, падшего парфюмера +1",,
216002,Depraved Perfumer Carmaan +2,堕落調香師、カルマーン＋２,“堕落调香师”卡尔曼＋２,"Кармаан, порочний парфумер +2",,"Прах Кармаана, подлого парфюмера +2",,
216003,Depraved Perfumer Carmaan +3,堕落調香師、カルマーン＋３,“堕落调香师”卡尔曼＋３,"Кармаан, порочний парфумер +3",,"Прах Кармаана, падшего парфюмера +3",,
216004,Depraved Perfumer Carmaan +4,堕落調香師、カルマーン＋４,“堕落调香师”卡尔曼＋４,"Кармаан, порочний парфумер +4",,"Прах Кармаана, падшего парфюмера +4",,
216005,Depraved Perfumer Carmaan +5,堕落調香師、カルマーン＋５,“堕落调香师”卡尔曼＋５,"Кармаан, порочний парфумер +5",,"Прах Кармаана, подлого парфюмера +5",,
216006,Depraved Perfumer Carmaan +6,堕落調香師、カルマーン＋６,“堕落调香师”卡尔曼＋６,"Кармаан, порочний парфумер +6",,"Прах Кармаана, падшего парфюмера +6",,
216007,Depraved Perfumer Carmaan +7,堕落調香師、カルマーン＋７,“堕落调香师”卡尔曼＋７,"Кармаан, порочний парфумер +7",,"Прах Кармаана, падшего парфюмера +7",,
216008,Depraved Perfumer Carmaan +8,堕落調香師、カルマーン＋８,“堕落调香师”卡尔曼＋８,"Кармаан, порочний парфумер +8",,"Прах Кармаана, подлого парфюмера +8",,
216009,Depraved Perfumer Carmaan +9,堕落調香師、カルマーン＋９,“堕落调香师”卡尔曼＋９,"Кармаан, порочний парфумер +9",,"Прах Кармаана, падшего парфюмера +9",,
216010,Depraved Perfumer Carmaan +10,堕落調香師、カルマーン＋１０,“堕落调香师”卡尔曼＋１０,"Кармаан, порочний парфумер +10",,"Прах Кармаана, падшего парфюмера +10",,
217000,Perfumer Tricia,調香師、トリシャ,调香师托莉夏,Парфумерка Тріша,,Прах парфюмерши Триши,,
217001,Perfumer Tricia +1,調香師、トリシャ＋１,调香师托莉夏＋１,Парфумерка Тріша +1,,Прах парфюмерши Триши +1,,
217002,Perfumer Tricia +2,調香師、トリシャ＋２,调香师托莉夏＋２,Парфумерка Тріша +2,,Прах парфюмерши Триши +2,,
217003,Perfumer Tricia +3,調香師、トリシャ＋３,调香师托莉夏＋３,Парфумерка Тріша +3,,Прах парфюмерши Триши +3,,
217004,Perfumer Tricia +4,調香師、トリシャ＋４,调香师托莉夏＋４,Парфумерка Тріша +4,,Прах парфюмерши Триши +4,,
217005,Perfumer Tricia +5,調香師、トリシャ＋５,调香师托莉夏＋５,Парфумерка Тріша +5,,Прах парфюмерши Триши +5,,
217006,Perfumer Tricia +6,調香師、トリシャ＋６,调香师托莉夏＋６,Парфумерка Тріша +6,,Прах парфюмерши Триши +6,,
217007,Perfumer Tricia +7,調香師、トリシャ＋７,调香师托莉夏＋７,Парфумерка Тріша +7,,Прах парфюмерши Триши +7,,
217008,Perfumer Tricia +8,調香師、トリシャ＋８,调香师托莉夏＋８,Парфумерка Тріша +8,,Прах парфюмерши Триши +8,,
217009,Perfumer Tricia +9,調香師、トリシャ＋９,调香师托莉夏＋９,Парфумерка Тріша +9,,Прах парфюмерши Триши +9,,
217010,Perfumer Tricia +10,調香師、トリシャ＋１０,调香师托莉夏＋１０,Парфумерка Тріша +10,,Прах парфюмерши Триши +10,,
218000,Glintstone Sorcerer Ashes,輝石魔術師の遺灰,辉石魔法师的骨灰,Попіл блискамінного чародія,,Прах мага блестящих камней,,
218001,Glintstone Sorcerer Ashes +1,輝石魔術師の遺灰＋１,辉石魔法师的骨灰＋１,Попіл блискамінного чародія +1,,Прах мага блестящих камней +1,,
218002,Glintstone Sorcerer Ashes +2,輝石魔術師の遺灰＋２,辉石魔法师的骨灰＋２,Попіл блискамінного чародія +2,,Прах мага блестящих камней +2,,
218003,Glintstone Sorcerer Ashes +3,輝石魔術師の遺灰＋３,辉石魔法师的骨灰＋３,Попіл блискамінного чародія +3,,Прах мага блестящих камней +3,,
218004,Glintstone Sorcerer Ashes +4,輝石魔術師の遺灰＋４,辉石魔法师的骨灰＋４,Попіл блискамінного чародія +4,,Прах мага блестящих камней +4,,
218005,Glintstone Sorcerer Ashes +5,輝石魔術師の遺灰＋５,辉石魔法师的骨灰＋５,Попіл блискамінного чародія +5,,Прах мага блестящих камней +5,,
218006,Glintstone Sorcerer Ashes +6,輝石魔術師の遺灰＋６,辉石魔法师的骨灰＋６,Попіл блискамінного чародія +6,,Прах мага блестящих камней +6,,
218007,Glintstone Sorcerer Ashes +7,輝石魔術師の遺灰＋７,辉石魔法师的骨灰＋７,Попіл блискамінного чародія +7,,Прах мага блестящих камней +7,,
218008,Glintstone Sorcerer Ashes +8,輝石魔術師の遺灰＋８,辉石魔法师的骨灰＋８,Попіл блискамінного чародія +8,,Прах мага блестящих камней +8,,
218009,Glintstone Sorcerer Ashes +9,輝石魔術師の遺灰＋９,辉石魔法师的骨灰＋９,Попіл блискамінного чародія +9,,Прах мага блестящих камней +9,,
218010,Glintstone Sorcerer Ashes +10,輝石魔術師の遺灰＋１０,辉石魔法师的骨灰＋１０,Попіл блискамінного чародія +10,,Прах мага блестящих камней +10,,
219000,Twinsage Sorcerer Ashes,双賢魔術師の遺灰,双贤魔法师的骨灰,Попіл чародія мудрих близнюків,,Прах мага Двойной мудрости,,
219001,Twinsage Sorcerer Ashes +1,双賢魔術師の遺灰＋１,双贤魔法师的骨灰＋１,Попіл чародія мудрих близнюків +1,,Прах мага Двойной мудрости +1,,
219002,Twinsage Sorcerer Ashes +2,双賢魔術師の遺灰＋２,双贤魔法师的骨灰＋２,Попіл чародія мудрих близнюків +2,,Прах мага Двойной мудрости +2,,
219003,Twinsage Sorcerer Ashes +3,双賢魔術師の遺灰＋３,双贤魔法师的骨灰＋３,Попіл чародія мудрих близнюків +3,,Прах мага Двойной мудрости +3,,
219004,Twinsage Sorcerer Ashes +4,双賢魔術師の遺灰＋４,双贤魔法师的骨灰＋４,Попіл чародія мудрих близнюків +4,,Прах мага Двойной мудрости +4,,
219005,Twinsage Sorcerer Ashes +5,双賢魔術師の遺灰＋５,双贤魔法师的骨灰＋５,Попіл чародія мудрих близнюків +5,,Прах мага Двойной мудрости +5,,
219006,Twinsage Sorcerer Ashes +6,双賢魔術師の遺灰＋６,双贤魔法师的骨灰＋６,Попіл чародія мудрих близнюків +6,,Прах мага Двойной мудрости +6,,
219007,Twinsage Sorcerer Ashes +7,双賢魔術師の遺灰＋７,双贤魔法师的骨灰＋７,Попіл чародія мудрих близнюків +7,,Прах мага Двойной мудрости +7,,
219008,Twinsage Sorcerer Ashes +8,双賢魔術師の遺灰＋８,双贤魔法师的骨灰＋８,Попіл чародія мудрих близнюків +8,,Прах мага Двойной мудрости +8,,
219009,Twinsage Sorcerer Ashes +9,双賢魔術師の遺灰＋９,双贤魔法师的骨灰＋９,Попіл чародія мудрих близнюків +9,,Прах мага Двойной мудрости +9,,
219010,Twinsage Sorcerer Ashes +10,双賢魔術師の遺灰＋１０,双贤魔法师的骨灰＋１０,Попіл чародія мудрих близнюків +10,,Прах мага Двойной мудрости +10,,
220000,Page Ashes,小姓の遺灰,随从的骨灰,Попіл зброєносця,,Прах пажа,,
220001,Page Ashes +1,小姓の遺灰＋１,随从的骨灰＋１,Попіл зброєносця +1,,Прах пажа +1,,
220002,Page Ashes +2,小姓の遺灰＋２,随从的骨灰＋２,Попіл зброєносця +2,,Прах пажа +2,,
220003,Page Ashes +3,小姓の遺灰＋３,随从的骨灰＋３,Попіл зброєносця +3,,Прах пажа +3,,
220004,Page Ashes +4,小姓の遺灰＋４,随从的骨灰＋４,Попіл зброєносця +4,,Прах пажа +4,,
220005,Page Ashes +5,小姓の遺灰＋５,随从的骨灰＋５,Попіл зброєносця +5,,Прах пажа +5,,
220006,Page Ashes +6,小姓の遺灰＋６,随从的骨灰＋６,Попіл зброєносця +6,,Прах пажа +6,,
220007,Page Ashes +7,小姓の遺灰＋７,随从的骨灰＋７,Попіл зброєносця +7,,Прах пажа +7,,
220008,Page Ashes +8,小姓の遺灰＋８,随从的骨灰＋８,Попіл зброєносця +8,,Прах пажа +8,,
220009,Page Ashes +9,小姓の遺灰＋９,随从的骨灰＋９,Попіл зброєносця +9,,Прах пажа +9,,
220010,Page Ashes +10,小姓の遺灰＋１０,随从的骨灰＋１０,Попіл зброєносця +10,,Прах пажа +10,,
221000,Battlemage Hugues,戦魔術師、ユーグ,战场魔法师犹格,Бойовий маг Г'ю,,"Гуго, боевой маг",,
221001,Battlemage Hugues +1,戦魔術師、ユーグ＋１,战场魔法师犹格＋１,Бойовий маг Г'ю +1,,Боевой маг Гуго +1,,
221002,Battlemage Hugues +2,戦魔術師、ユーグ＋２,战场魔法师犹格＋２,Бойовий маг Г'ю +2,,Боевой маг Гуго +2,,
221003,Battlemage Hugues +3,戦魔術師、ユーグ＋３,战场魔法师犹格＋３,Бойовий маг Г'ю +3,,Боевой маг Гуго +3,,
221004,Battlemage Hugues +4,戦魔術師、ユーグ＋４,战场魔法师犹格＋４,Бойовий маг Г'ю +4,,Боевой маг Гуго +4,,
221005,Battlemage Hugues +5,戦魔術師、ユーグ＋５,战场魔法师犹格＋５,Бойовий маг Г'ю +5,,Боевой маг Гуго +5,,
221006,Battlemage Hugues +6,戦魔術師、ユーグ＋６,战场魔法师犹格＋６,Бойовий маг Г'ю +6,,Боевой маг Гуго +6,,
221007,Battlemage Hugues +7,戦魔術師、ユーグ＋７,战场魔法师犹格＋７,Бойовий маг Г'ю +7,,Боевой маг Гуго +7,,
221008,Battlemage Hugues +8,戦魔術師、ユーグ＋８,战场魔法师犹格＋８,Бойовий маг Г'ю +8,,Боевой маг Гуго +8,,
221009,Battlemage Hugues +9,戦魔術師、ユーグ＋９,战场魔法师犹格＋９,Бойовий маг Г'ю +9,,Боевой маг Гуго +9,,
221010,Battlemage Hugues +10,戦魔術師、ユーグ＋１０,战场魔法师犹格＋１０,Бойовий маг Г'ю +10,,Боевой маг Гуго +10,,
222000,Clayman Ashes,泥人の遺灰,泥人的骨灰,Попіл глинолюда,,Прах глиняных людей,,
222001,Clayman Ashes +1,泥人の遺灰＋１,泥人的骨灰＋１,Попіл глинолюда +1,,Прах глиняных людей +1,,
222002,Clayman Ashes +2,泥人の遺灰＋２,泥人的骨灰＋２,Попіл глинолюда +2,,Прах глиняных людей +2,,
222003,Clayman Ashes +3,泥人の遺灰＋３,泥人的骨灰＋３,Попіл глинолюда +3,,Прах глиняных людей +3,,
222004,Clayman Ashes +4,泥人の遺灰＋４,泥人的骨灰＋４,Попіл глинолюда +4,,Прах глиняных людей +4,,
222005,Clayman Ashes +5,泥人の遺灰＋５,泥人的骨灰＋５,Попіл глинолюда +5,,Прах глиняных людей +5,,
222006,Clayman Ashes +6,泥人の遺灰＋６,泥人的骨灰＋６,Попіл глинолюда +6,,Прах глиняных людей +6,,
222007,Clayman Ashes +7,泥人の遺灰＋７,泥人的骨灰＋７,Попіл глинолюда +7,,Прах глиняных людей +7,,
222008,Clayman Ashes +8,泥人の遺灰＋８,泥人的骨灰＋８,Попіл глинолюда +8,,Прах глиняных людей +8,,
222009,Clayman Ashes +9,泥人の遺灰＋９,泥人的骨灰＋９,Попіл глинолюда +9,,Прах глиняных людей +9,,
222010,Clayman Ashes +10,泥人の遺灰＋１０,泥人的骨灰＋１０,Попіл глинолюда +10,,Прах глиняных людей +10,,
223000,Cleanrot Knight Finlay,貴腐の騎士、フィンレイ,“尊腐骑士”芬雷,"Фінлі, лицарка чистогнилі",,"Прах Финли, рыцаря чистой гнили",,
223001,Cleanrot Knight Finlay +1,貴腐の騎士、フィンレイ＋１,“尊腐骑士”芬雷＋１,"Фінлі, лицарка чистогнилі +1",,"Прах Финли, рыцаря чистой гнили +1",,
223002,Cleanrot Knight Finlay +2,貴腐の騎士、フィンレイ＋２,“尊腐骑士”芬雷＋２,"Фінлі, лицарка чистогнилі +2",,"Прах Финли, рыцаря чистой гнили +2",,
223003,Cleanrot Knight Finlay +3,貴腐の騎士、フィンレイ＋３,“尊腐骑士”芬雷＋３,"Фінлі, лицарка чистогнилі +3",,"Прах Финли, рыцаря чистой гнили +3",,
223004,Cleanrot Knight Finlay +4,貴腐の騎士、フィンレイ＋４,“尊腐骑士”芬雷＋４,"Фінлі, лицарка чистогнилі +4",,"Прах Финли, рыцаря чистой гнили +4",,
223005,Cleanrot Knight Finlay +5,貴腐の騎士、フィンレイ＋５,“尊腐骑士”芬雷＋５,"Фінлі, лицарка чистогнилі +5",,"Прах Финли, рыцаря чистой гнили +5",,
223006,Cleanrot Knight Finlay +6,貴腐の騎士、フィンレイ＋６,“尊腐骑士”芬雷＋６,"Фінлі, лицарка чистогнилі +6",,"Прах Финли, рыцаря чистой гнили +6",,
223007,Cleanrot Knight Finlay +7,貴腐の騎士、フィンレイ＋７,“尊腐骑士”芬雷＋７,"Фінлі, лицарка чистогнилі +7",,"Прах Финли, рыцаря чистой гнили +7",,
223008,Cleanrot Knight Finlay +8,貴腐の騎士、フィンレイ＋８,“尊腐骑士”芬雷＋８,"Фінлі, лицарка чистогнилі +8",,"Прах Финли, рыцаря чистой гнили +8",,
223009,Cleanrot Knight Finlay +9,貴腐の騎士、フィンレイ＋９,“尊腐骑士”芬雷＋９,"Фінлі, лицарка чистогнилі +9",,"Прах Финли, рыцаря чистой гнили +9",,
223010,Cleanrot Knight Finlay +10,貴腐の騎士、フィンレイ＋１０,“尊腐骑士”芬雷＋１０,"Фінлі, лицарка чистогнилі +10",,"Прах Финли, рыцаря чистой гнили +10",,
224000,Kindred of Rot Ashes,腐敗の眷属の遺灰,腐败眷属的骨灰,Попіл поріддя гнилі,,Прах родича гнили,,
224001,Kindred of Rot Ashes +1,腐敗の眷属の遺灰＋１,腐败眷属的骨灰＋１,Попіл поріддя гнилі +1,,Прах родича гнили +1,,
224002,Kindred of Rot Ashes +2,腐敗の眷属の遺灰＋２,腐败眷属的骨灰＋２,Попіл поріддя гнилі +2,,Прах родича гнили +2,,
224003,Kindred of Rot Ashes +3,腐敗の眷属の遺灰＋３,腐败眷属的骨灰＋３,Попіл поріддя гнилі +3,,Прах родича гнили +3,,
224004,Kindred of Rot Ashes +4,腐敗の眷属の遺灰＋４,腐败眷属的骨灰＋４,Попіл поріддя гнилі +4,,Прах родича гнили +4,,
224005,Kindred of Rot Ashes +5,腐敗の眷属の遺灰＋５,腐败眷属的骨灰＋５,Попіл поріддя гнилі +5,,Прах родича гнили +5,,
224006,Kindred of Rot Ashes +6,腐敗の眷属の遺灰＋６,腐败眷属的骨灰＋６,Попіл поріддя гнилі +6,,Прах родича гнили +6,,
224007,Kindred of Rot Ashes +7,腐敗の眷属の遺灰＋７,腐败眷属的骨灰＋７,Попіл поріддя гнилі +7,,Прах родича гнили +7,,
224008,Kindred of Rot Ashes +8,腐敗の眷属の遺灰＋８,腐败眷属的骨灰＋８,Попіл поріддя гнилі +8,,Прах родича гнили +8,,
224009,Kindred of Rot Ashes +9,腐敗の眷属の遺灰＋９,腐败眷属的骨灰＋９,Попіл поріддя гнилі +9,,Прах родича гнили +9,,
224010,Kindred of Rot Ashes +10,腐敗の眷属の遺灰＋１０,腐败眷属的骨灰＋１０,Попіл поріддя гнилі +10,,Прах родича гнили +10,,
225000,Marionette Soldier Ashes,人形兵の遺灰,人偶士兵的骨灰,Попіл солдата-маріонетки,,Прах солдат-марионеток,,
225001,Marionette Soldier Ashes +1,人形兵の遺灰＋１,人偶士兵的骨灰＋１,Попіл солдата-маріонетки +1,,Прах солдат-марионеток +1,,
225002,Marionette Soldier Ashes +2,人形兵の遺灰＋２,人偶士兵的骨灰＋２,Попіл солдата-маріонетки +2,,Прах солдат-марионеток +2,,
225003,Marionette Soldier Ashes +3,人形兵の遺灰＋３,人偶士兵的骨灰＋３,Попіл солдата-маріонетки +3,,Прах солдат-марионеток +3,,
225004,Marionette Soldier Ashes +4,人形兵の遺灰＋４,人偶士兵的骨灰＋４,Попіл солдата-маріонетки +4,,Прах солдат-марионеток +4,,
225005,Marionette Soldier Ashes +5,人形兵の遺灰＋５,人偶士兵的骨灰＋５,Попіл солдата-маріонетки +5,,Прах солдат-марионеток +5,,
225006,Marionette Soldier Ashes +6,人形兵の遺灰＋６,人偶士兵的骨灰＋６,Попіл солдата-маріонетки +6,,Прах солдат-марионеток +6,,
225007,Marionette Soldier Ashes +7,人形兵の遺灰＋７,人偶士兵的骨灰＋７,Попіл солдата-маріонетки +7,,Прах солдат-марионеток +7,,
225008,Marionette Soldier Ashes +8,人形兵の遺灰＋８,人偶士兵的骨灰＋８,Попіл солдата-маріонетки +8,,Прах солдат-марионеток +8,,
225009,Marionette Soldier Ashes +9,人形兵の遺灰＋９,人偶士兵的骨灰＋９,Попіл солдата-маріонетки +9,,Прах солдат-марионеток +9,,
225010,Marionette Soldier Ashes +10,人形兵の遺灰＋１０,人偶士兵的骨灰＋１０,Попіл солдата-маріонетки +10,,Прах солдат-марионеток +10,,
226000,Avionette Soldier Ashes,鳥人形兵の遺灰,鸟身人偶士兵的骨灰,Попіл птахоподібного солдата,,Прах летающих марионеток,,
226001,Avionette Soldier Ashes +1,鳥人形兵の遺灰＋１,鸟身人偶士兵的骨灰＋１,Попіл птахоподібного солдата +1,,Прах летающих марионеток +1,,
226002,Avionette Soldier Ashes +2,鳥人形兵の遺灰＋２,鸟身人偶士兵的骨灰＋２,Попіл птахоподібного солдата +2,,Прах летающих марионеток +2,,
226003,Avionette Soldier Ashes +3,鳥人形兵の遺灰＋３,鸟身人偶士兵的骨灰＋３,Попіл птахоподібного солдата +3,,Прах летающих марионеток +3,,
226004,Avionette Soldier Ashes +4,鳥人形兵の遺灰＋４,鸟身人偶士兵的骨灰＋４,Попіл птахоподібного солдата +4,,Прах летающих марионеток +4,,
226005,Avionette Soldier Ashes +5,鳥人形兵の遺灰＋５,鸟身人偶士兵的骨灰＋５,Попіл птахоподібного солдата +5,,Прах летающих марионеток +5,,
226006,Avionette Soldier Ashes +6,鳥人形兵の遺灰＋６,鸟身人偶士兵的骨灰＋６,Попіл птахоподібного солдата +6,,Прах летающих марионеток +6,,
226007,Avionette Soldier Ashes +7,鳥人形兵の遺灰＋７,鸟身人偶士兵的骨灰＋７,Попіл птахоподібного солдата +7,,Прах летающих марионеток +7,,
226008,Avionette Soldier Ashes +8,鳥人形兵の遺灰＋８,鸟身人偶士兵的骨灰＋８,Попіл птахоподібного солдата +8,,Прах летающих марионеток +8,,
226009,Avionette Soldier Ashes +9,鳥人形兵の遺灰＋９,鸟身人偶士兵的骨灰＋９,Попіл птахоподібного солдата +9,,Прах летающих марионеток +9,,
226010,Avionette Soldier Ashes +10,鳥人形兵の遺灰＋１０,鸟身人偶士兵的骨灰＋１０,Попіл птахоподібного солдата +10,,Прах летающих марионеток +10,,
227000,Fire Monk Ashes,火の僧兵の遺灰,火焰习武修士的骨灰,Попіл вогняного монаха,,Прах огненного монаха,,
227001,Fire Monk Ashes +1,火の僧兵の遺灰＋１,火焰习武修士的骨灰＋１,Попіл вогняного монаха +1,,Прах огненного монаха +1,,
227002,Fire Monk Ashes +2,火の僧兵の遺灰＋２,火焰习武修士的骨灰＋２,Попіл вогняного монаха +2,,Прах огненного монаха +2,,
227003,Fire Monk Ashes +3,火の僧兵の遺灰＋３,火焰习武修士的骨灰＋３,Попіл вогняного монаха +3,,Прах огненного монаха +3,,
227004,Fire Monk Ashes +4,火の僧兵の遺灰＋４,火焰习武修士的骨灰＋４,Попіл вогняного монаха +4,,Прах огненного монаха +4,,
227005,Fire Monk Ashes +5,火の僧兵の遺灰＋５,火焰习武修士的骨灰＋５,Попіл вогняного монаха +5,,Прах огненного монаха +5,,
227006,Fire Monk Ashes +6,火の僧兵の遺灰＋６,火焰习武修士的骨灰＋６,Попіл вогняного монаха +6,,Прах огненного монаха +6,,
227007,Fire Monk Ashes +7,火の僧兵の遺灰＋７,火焰习武修士的骨灰＋７,Попіл вогняного монаха +7,,Прах огненного монаха +7,,
227008,Fire Monk Ashes +8,火の僧兵の遺灰＋８,火焰习武修士的骨灰＋８,Попіл вогняного монаха +8,,Прах огненного монаха +8,,
227009,Fire Monk Ashes +9,火の僧兵の遺灰＋９,火焰习武修士的骨灰＋９,Попіл вогняного монаха +9,,Прах огненного монаха +9,,
227010,Fire Monk Ashes +10,火の僧兵の遺灰＋１０,火焰习武修士的骨灰＋１０,Попіл вогняного монаха +10,,Прах огненного монаха +10,,
228000,Blackflame Monk Amon,黒炎僧兵、アモン,黑焰习武修士亚蒙,Попіл монаха чорного полум'я,,"Прах Амона, монаха чёрного пламени",,
228001,Blackflame Monk Amon +1,黒炎僧兵、アモン＋１,黑焰习武修士亚蒙＋１,Попіл монаха чорного полум'я +1,,"Прах Амона, монаха чёрного пламени +1",,
228002,Blackflame Monk Amon +2,黒炎僧兵、アモン＋２,黑焰习武修士亚蒙＋２,Попіл монаха чорного полум'я +2,,"Прах Амона, монаха чёрного пламени +2",,
228003,Blackflame Monk Amon +3,黒炎僧兵、アモン＋３,黑焰习武修士亚蒙＋３,Попіл монаха чорного полум'я +3,,"Прах Амона, монаха чёрного пламени +3",,
228004,Blackflame Monk Amon +4,黒炎僧兵、アモン＋４,黑焰习武修士亚蒙＋４,Попіл монаха чорного полум'я +4,,"Прах Амона, монаха чёрного пламени +4",,
228005,Blackflame Monk Amon +5,黒炎僧兵、アモン＋５,黑焰习武修士亚蒙＋５,Попіл монаха чорного полум'я +5,,"Прах Амона, монаха чёрного пламени +5",,
228006,Blackflame Monk Amon +6,黒炎僧兵、アモン＋６,黑焰习武修士亚蒙＋６,Попіл монаха чорного полум'я +6,,"Прах Амона, монаха чёрного пламени +6",,
228007,Blackflame Monk Amon +7,黒炎僧兵、アモン＋７,黑焰习武修士亚蒙＋７,Попіл монаха чорного полум'я +7,,"Прах Амона, монаха чёрного пламени +7",,
228008,Blackflame Monk Amon +8,黒炎僧兵、アモン＋８,黑焰习武修士亚蒙＋８,Попіл монаха чорного полум'я +8,,"Прах Амона, монаха чёрного пламени +8",,
228009,Blackflame Monk Amon +9,黒炎僧兵、アモン＋９,黑焰习武修士亚蒙＋９,Попіл монаха чорного полум'я +9,,"Прах Амона, монаха чёрного пламени +9",,
228010,Blackflame Monk Amon +10,黒炎僧兵、アモン＋１０,黑焰习武修士亚蒙＋１０,Попіл монаха чорного полум'я +10,,"Прах Амона, монаха чёрного пламени +10",,
229000,Man-Serpent Ashes,蛇人の遺灰,蛇人的骨灰,Попіл змієлюда,,Прах змеелюда,,
229001,Man-Serpent Ashes +1,蛇人の遺灰＋１,蛇人的骨灰＋１,Попіл змієлюда +1,,Прах змеелюда +1,,
229002,Man-Serpent Ashes +2,蛇人の遺灰＋２,蛇人的骨灰＋２,Попіл змієлюда +2,,Прах змеелюда +2,,
229003,Man-Serpent Ashes +3,蛇人の遺灰＋３,蛇人的骨灰＋３,Попіл змієлюда +3,,Прах змеелюда +3,,
229004,Man-Serpent Ashes +4,蛇人の遺灰＋４,蛇人的骨灰＋４,Попіл змієлюда +4,,Прах змеелюда +4,,
229005,Man-Serpent Ashes +5,蛇人の遺灰＋５,蛇人的骨灰＋５,Попіл змієлюда +5,,Прах змеелюда +5,,
229006,Man-Serpent Ashes +6,蛇人の遺灰＋６,蛇人的骨灰＋６,Попіл змієлюда +6,,Прах змеелюда +6,,
229007,Man-Serpent Ashes +7,蛇人の遺灰＋７,蛇人的骨灰＋７,Попіл змієлюда +7,,Прах змеелюда +7,,
229008,Man-Serpent Ashes +8,蛇人の遺灰＋８,蛇人的骨灰＋８,Попіл змієлюда +8,,Прах змеелюда +8,,
229009,Man-Serpent Ashes +9,蛇人の遺灰＋９,蛇人的骨灰＋９,Попіл змієлюда +9,,Прах змеелюда +9,,
229010,Man-Serpent Ashes +10,蛇人の遺灰＋１０,蛇人的骨灰＋１０,Попіл змієлюда +10,,Прах змеелюда +10,,
230000,Azula Beastman Ashes,アズラの獣人の遺灰,亚兹拉的兽人的骨灰,Попіл звіролюда Азули,,Прах зверолюдей из Азулы,,
230001,Azula Beastman Ashes +1,アズラの獣人の遺灰＋１,亚兹拉的兽人的骨灰＋１,Попіл звіролюда Азули +1,,Прах зверолюдей из Азулы +1,,
230002,Azula Beastman Ashes +2,アズラの獣人の遺灰＋２,亚兹拉的兽人的骨灰＋２,Попіл звіролюда Азули +2,,Прах зверолюдей из Азулы +2,,
230003,Azula Beastman Ashes +3,アズラの獣人の遺灰＋３,亚兹拉的兽人的骨灰＋３,Попіл звіролюда Азули +3,,Прах зверолюдей из Азулы +3,,
230004,Azula Beastman Ashes +4,アズラの獣人の遺灰＋４,亚兹拉的兽人的骨灰＋４,Попіл звіролюда Азули +4,,Прах зверолюдей из Азулы +4,,
230005,Azula Beastman Ashes +5,アズラの獣人の遺灰＋５,亚兹拉的兽人的骨灰＋５,Попіл звіролюда Азули +5,,Прах зверолюдей из Азулы +5,,
230006,Azula Beastman Ashes +6,アズラの獣人の遺灰＋６,亚兹拉的兽人的骨灰＋６,Попіл звіролюда Азули +6,,Прах зверолюдей из Азулы +6,,
230007,Azula Beastman Ashes +7,アズラの獣人の遺灰＋７,亚兹拉的兽人的骨灰＋７,Попіл звіролюда Азули +7,,Прах зверолюдей из Азулы +7,,
230008,Azula Beastman Ashes +8,アズラの獣人の遺灰＋８,亚兹拉的兽人的骨灰＋８,Попіл звіролюда Азули +8,,Прах зверолюдей из Азулы +8,,
230009,Azula Beastman Ashes +9,アズラの獣人の遺灰＋９,亚兹拉的兽人的骨灰＋９,Попіл звіролюда Азули +9,,Прах зверолюдей из Азулы +9,,
230010,Azula Beastman Ashes +10,アズラの獣人の遺灰＋１０,亚兹拉的兽人的骨灰＋１０,Попіл звіролюда Азули +10,,Прах зверолюдей из Азулы +10,,
231000,Kaiden Sellsword Ashes,カイデンの傭兵の遺灰,凯丹佣兵的骨灰,Попіл кайденського найманця,,Прах наёмника из Кайдена,,
231001,Kaiden Sellsword Ashes +1,カイデンの傭兵の遺灰＋１,凯丹佣兵的骨灰＋１,Попіл кайденського найманця +1,,Прах наёмника из Кайдена +1,,
231002,Kaiden Sellsword Ashes +2,カイデンの傭兵の遺灰＋２,凯丹佣兵的骨灰＋２,Попіл кайденського найманця +2,,Прах наёмника из Кайдена +2,,
231003,Kaiden Sellsword Ashes +3,カイデンの傭兵の遺灰＋３,凯丹佣兵的骨灰＋３,Попіл кайденського найманця +3,,Прах наёмника из Кайдена +3,,
231004,Kaiden Sellsword Ashes +4,カイデンの傭兵の遺灰＋４,凯丹佣兵的骨灰＋４,Попіл кайденського найманця +4,,Прах наёмника из Кайдена +4,,
231005,Kaiden Sellsword Ashes +5,カイデンの傭兵の遺灰＋５,凯丹佣兵的骨灰＋５,Попіл кайденського найманця +5,,Прах наёмника из Кайдена +5,,
231006,Kaiden Sellsword Ashes +6,カイデンの傭兵の遺灰＋６,凯丹佣兵的骨灰＋６,Попіл кайденського найманця +6,,Прах наёмника из Кайдена +6,,
231007,Kaiden Sellsword Ashes +7,カイデンの傭兵の遺灰＋７,凯丹佣兵的骨灰＋７,Попіл кайденського найманця +7,,Прах наёмника из Кайдена +7,,
231008,Kaiden Sellsword Ashes +8,カイデンの傭兵の遺灰＋８,凯丹佣兵的骨灰＋８,Попіл кайденського найманця +8,,Прах наёмника из Кайдена +8,,
231009,Kaiden Sellsword Ashes +9,カイデンの傭兵の遺灰＋９,凯丹佣兵的骨灰＋９,Попіл кайденського найманця +9,,Прах наёмника из Кайдена +9,,
231010,Kaiden Sellsword Ashes +10,カイデンの傭兵の遺灰＋１０,凯丹佣兵的骨灰＋１０,Попіл кайденського найманця +10,,Прах наёмника из Кайдена +10,,
232000,Lone Wolf Ashes,はぐれ狼の遺灰,离群野狼的骨灰,Попіл заблукалого вовка,,Прах волков-одиночек,,
232001,Lone Wolf Ashes +1,はぐれ狼の遺灰＋１,离群野狼的骨灰＋１,Попіл заблукалого вовка +1,,Прах волков-одиночек +1,,
232002,Lone Wolf Ashes +2,はぐれ狼の遺灰＋２,离群野狼的骨灰＋２,Попіл заблукалого вовка +2,,Прах волков-одиночек +2,,
232003,Lone Wolf Ashes +3,はぐれ狼の遺灰＋３,离群野狼的骨灰＋３,Попіл заблукалого вовка +3,,Прах волков-одиночек +3,,
232004,Lone Wolf Ashes +4,はぐれ狼の遺灰＋４,离群野狼的骨灰＋４,Попіл заблукалого вовка +4,,Прах волков-одиночек +4,,
232005,Lone Wolf Ashes +5,はぐれ狼の遺灰＋５,离群野狼的骨灰＋５,Попіл заблукалого вовка +5,,Прах волков-одиночек +5,,
232006,Lone Wolf Ashes +6,はぐれ狼の遺灰＋６,离群野狼的骨灰＋６,Попіл заблукалого вовка +6,,Прах волков-одиночек +6,,
232007,Lone Wolf Ashes +7,はぐれ狼の遺灰＋７,离群野狼的骨灰＋７,Попіл заблукалого вовка +7,,Прах волков-одиночек +7,,
232008,Lone Wolf Ashes +8,はぐれ狼の遺灰＋８,离群野狼的骨灰＋８,Попіл заблукалого вовка +8,,Прах волков-одиночек +8,,
232009,Lone Wolf Ashes +9,はぐれ狼の遺灰＋９,离群野狼的骨灰＋９,Попіл заблукалого вовка +9,,Прах волков-одиночек +9,,
232010,Lone Wolf Ashes +10,はぐれ狼の遺灰＋１０,离群野狼的骨灰＋１０,Попіл заблукалого вовка +10,,Прах волков-одиночек +10,,
233000,Giant Rat Ashes,大ネズミの遺灰,大老鼠的骨灰,Попіл великого щура,,Прах гигантских крыс,,
233001,Giant Rat Ashes +1,大ネズミの遺灰＋１,大老鼠的骨灰＋１,Попіл великого щура +1,,Прах гигантских крыс +1,,
233002,Giant Rat Ashes +2,大ネズミの遺灰＋２,大老鼠的骨灰＋２,Попіл великого щура +2,,Прах гигантских крыс +2,,
233003,Giant Rat Ashes +3,大ネズミの遺灰＋３,大老鼠的骨灰＋３,Попіл великого щура +3,,Прах гигантских крыс +3,,
233004,Giant Rat Ashes +4,大ネズミの遺灰＋４,大老鼠的骨灰＋４,Попіл великого щура +4,,Прах гигантских крыс +4,,
233005,Giant Rat Ashes +5,大ネズミの遺灰＋５,大老鼠的骨灰＋５,Попіл великого щура +5,,Прах гигантских крыс +5,,
233006,Giant Rat Ashes +6,大ネズミの遺灰＋６,大老鼠的骨灰＋６,Попіл великого щура +6,,Прах гигантских крыс +6,,
233007,Giant Rat Ashes +7,大ネズミの遺灰＋７,大老鼠的骨灰＋７,Попіл великого щура +7,,Прах гигантских крыс +7,,
233008,Giant Rat Ashes +8,大ネズミの遺灰＋８,大老鼠的骨灰＋８,Попіл великого щура +8,,Прах гигантских крыс +8,,
233009,Giant Rat Ashes +9,大ネズミの遺灰＋９,大老鼠的骨灰＋９,Попіл великого щура +9,,Прах гигантских крыс +9,,
233010,Giant Rat Ashes +10,大ネズミの遺灰＋１０,大老鼠的骨灰＋１０,Попіл великого щура +10,,Прах гигантских крыс +10,,
234000,Demi-Human Ashes,亜人団の遺灰,亚人集团的骨灰,Попіл напівлюдини,,Прах полулюдей,,
234001,Demi-Human Ashes +1,亜人団の遺灰＋１,亚人集团的骨灰＋１,Попіл напівлюдини +1,,Прах полулюдей +1,,
234002,Demi-Human Ashes +2,亜人団の遺灰＋２,亚人集团的骨灰＋２,Попіл напівлюдини +2,,Прах полулюдей +2,,
234003,Demi-Human Ashes +3,亜人団の遺灰＋３,亚人集团的骨灰＋３,Попіл напівлюдини +3,,Прах полулюдей +3,,
234004,Demi-Human Ashes +4,亜人団の遺灰＋４,亚人集团的骨灰＋４,Попіл напівлюдини +4,,Прах полулюдей +4,,
234005,Demi-Human Ashes +5,亜人団の遺灰＋５,亚人集团的骨灰＋５,Попіл напівлюдини +5,,Прах полулюдей +5,,
234006,Demi-Human Ashes +6,亜人団の遺灰＋６,亚人集团的骨灰＋６,Попіл напівлюдини +6,,Прах полулюдей +6,,
234007,Demi-Human Ashes +7,亜人団の遺灰＋７,亚人集团的骨灰＋７,Попіл напівлюдини +7,,Прах полулюдей +7,,
234008,Demi-Human Ashes +8,亜人団の遺灰＋８,亚人集团的骨灰＋８,Попіл напівлюдини +8,,Прах полулюдей +8,,
234009,Demi-Human Ashes +9,亜人団の遺灰＋９,亚人集团的骨灰＋９,Попіл напівлюдини +9,,Прах полулюдей +9,,
234010,Demi-Human Ashes +10,亜人団の遺灰＋１０,亚人集团的骨灰＋１０,Попіл напівлюдини +10,,Прах полулюдей +10,,
235000,Rotten Stray Ashes,腐った野犬の遺灰,腐败野狗的骨灰,Попіл гнильного пса,,Прах гниющего бродячего пса,,
235001,Rotten Stray Ashes +1,腐った野犬の遺灰＋１,腐败野狗的骨灰＋１,Попіл гнильного пса +1,,Прах гниющего бродячего пса +1,,
235002,Rotten Stray Ashes +2,腐った野犬の遺灰＋２,腐败野狗的骨灰＋２,Попіл гнильного пса +2,,Прах гниющего бродячего пса +2,,
235003,Rotten Stray Ashes +3,腐った野犬の遺灰＋３,腐败野狗的骨灰＋３,Попіл гнильного пса +3,,Прах гниющего бродячего пса +3,,
235004,Rotten Stray Ashes +4,腐った野犬の遺灰＋４,腐败野狗的骨灰＋４,Попіл гнильного пса +4,,Прах гниющего бродячего пса +4,,
235005,Rotten Stray Ashes +5,腐った野犬の遺灰＋５,腐败野狗的骨灰＋５,Попіл гнильного пса +5,,Прах гниющего бродячего пса +5,,
235006,Rotten Stray Ashes +6,腐った野犬の遺灰＋６,腐败野狗的骨灰＋６,Попіл гнильного пса +6,,Прах гниющего бродячего пса +6,,
235007,Rotten Stray Ashes +7,腐った野犬の遺灰＋７,腐败野狗的骨灰＋７,Попіл гнильного пса +7,,Прах гниющего бродячего пса +7,,
235008,Rotten Stray Ashes +8,腐った野犬の遺灰＋８,腐败野狗的骨灰＋８,Попіл гнильного пса +8,,Прах гниющего бродячего пса +8,,
235009,Rotten Stray Ashes +9,腐った野犬の遺灰＋９,腐败野狗的骨灰＋９,Попіл гнильного пса +9,,Прах гниющего бродячего пса +9,,
235010,Rotten Stray Ashes +10,腐った野犬の遺灰＋１０,腐败野狗的骨灰＋１０,Попіл гнильного пса +10,,Прах гниющего бродячего пса +10,,
236000,Spirit Jellyfish Ashes,霊クラゲの遺灰,灵魂水母的骨灰,Попіл примарної медузи,,Прах призрачной медузы,,
236001,Spirit Jellyfish Ashes +1,霊クラゲの遺灰＋１,灵魂水母的骨灰＋１,Попіл примарної медузи +1,,Прах призрачной медузы +1,,
236002,Spirit Jellyfish Ashes +2,霊クラゲの遺灰＋２,灵魂水母的骨灰＋２,Попіл примарної медузи +2,,Прах призрачной медузы +2,,
236003,Spirit Jellyfish Ashes +3,霊クラゲの遺灰＋３,灵魂水母的骨灰＋３,Попіл примарної медузи +3,,Прах призрачной медузы +3,,
236004,Spirit Jellyfish Ashes +4,霊クラゲの遺灰＋４,灵魂水母的骨灰＋４,Попіл примарної медузи +4,,Прах призрачной медузы +4,,
236005,Spirit Jellyfish Ashes +5,霊クラゲの遺灰＋５,灵魂水母的骨灰＋５,Попіл примарної медузи +5,,Прах призрачной медузы +5,,
236006,Spirit Jellyfish Ashes +6,霊クラゲの遺灰＋６,灵魂水母的骨灰＋６,Попіл примарної медузи +6,,Прах призрачной медузы +6,,
236007,Spirit Jellyfish Ashes +7,霊クラゲの遺灰＋７,灵魂水母的骨灰＋７,Попіл примарної медузи +7,,Прах призрачной медузы +7,,
236008,Spirit Jellyfish Ashes +8,霊クラゲの遺灰＋８,灵魂水母的骨灰＋８,Попіл примарної медузи +8,,Прах призрачной медузы +8,,
236009,Spirit Jellyfish Ashes +9,霊クラゲの遺灰＋９,灵魂水母的骨灰＋９,Попіл примарної медузи +9,,Прах призрачной медузы +9,,
236010,Spirit Jellyfish Ashes +10,霊クラゲの遺灰＋１０,灵魂水母的骨灰＋１０,Попіл примарної медузи +10,,Прах призрачной медузы +10,,
237000,Warhawk Ashes,戦鷹の遺灰,战鹰的骨灰,Попіл бойового яструба,,Прах боевого ястреба,,
237001,Warhawk Ashes +1,戦鷹の遺灰＋１,战鹰的骨灰＋１,Попіл бойового яструба +1,,Прах боевого ястреба +1,,
237002,Warhawk Ashes +2,戦鷹の遺灰＋２,战鹰的骨灰＋２,Попіл бойового яструба +2,,Прах боевого ястреба +2,,
237003,Warhawk Ashes +3,戦鷹の遺灰＋３,战鹰的骨灰＋３,Попіл бойового яструба +3,,Прах боевого ястреба +3,,
237004,Warhawk Ashes +4,戦鷹の遺灰＋４,战鹰的骨灰＋４,Попіл бойового яструба +4,,Прах боевого ястреба +4,,
237005,Warhawk Ashes +5,戦鷹の遺灰＋５,战鹰的骨灰＋５,Попіл бойового яструба +5,,Прах боевого ястреба +5,,
237006,Warhawk Ashes +6,戦鷹の遺灰＋６,战鹰的骨灰＋６,Попіл бойового яструба +6,,Прах боевого ястреба +6,,
237007,Warhawk Ashes +7,戦鷹の遺灰＋７,战鹰的骨灰＋７,Попіл бойового яструба +7,,Прах боевого ястреба +7,,
237008,Warhawk Ashes +8,戦鷹の遺灰＋８,战鹰的骨灰＋８,Попіл бойового яструба +8,,Прах боевого ястреба +8,,
237009,Warhawk Ashes +9,戦鷹の遺灰＋９,战鹰的骨灰＋９,Попіл бойового яструба +9,,Прах боевого ястреба +9,,
237010,Warhawk Ashes +10,戦鷹の遺灰＋１０,战鹰的骨灰＋１０,Попіл бойового яструба +10,,Прах боевого ястреба +10,,
238000,Stormhawk Deenh,嵐の鷹、ディーネ,风暴鹰汀涅,"Дін, штормовий яструб",,Штормовой ястреб Дин,,
238001,Stormhawk Deenh +1,嵐の鷹、ディーネ＋１,风暴鹰汀涅＋１,"Дін, штормовий яструб +1",,Штормовой ястреб Дин +1,,
238002,Stormhawk Deenh +2,嵐の鷹、ディーネ＋２,风暴鹰汀涅＋２,"Дін, штормовий яструб +2",,Штормовой ястреб Дин +2,,
238003,Stormhawk Deenh +3,嵐の鷹、ディーネ＋３,风暴鹰汀涅＋３,"Дін, штормовий яструб +3",,Штормовой ястреб Дин +3,,
238004,Stormhawk Deenh +4,嵐の鷹、ディーネ＋４,风暴鹰汀涅＋４,"Дін, штормовий яструб +4",,Штормовой ястреб Дин +4,,
238005,Stormhawk Deenh +5,嵐の鷹、ディーネ＋５,风暴鹰汀涅＋５,"Дін, штормовий яструб +5",,Штормовой ястреб Дин +5,,
238006,Stormhawk Deenh +6,嵐の鷹、ディーネ＋６,风暴鹰汀涅＋６,"Дін, штормовий яструб +6",,Штормовой ястреб Дин +6,,
238007,Stormhawk Deenh +7,嵐の鷹、ディーネ＋７,风暴鹰汀涅＋７,"Дін, штормовий яструб +7",,Штормовой ястреб Дин +7,,
238008,Stormhawk Deenh +8,嵐の鷹、ディーネ＋８,风暴鹰汀涅＋８,"Дін, штормовий яструб +8",,Штормовой ястреб Дин +8,,
238009,Stormhawk Deenh +9,嵐の鷹、ディーネ＋９,风暴鹰汀涅＋９,"Дін, штормовий яструб +9",,Штормовой ястреб Дин +9,,
238010,Stormhawk Deenh +10,嵐の鷹、ディーネ＋１０,风暴鹰汀涅＋１０,"Дін, штормовий яструб +10",,Штормовой ястреб Дин +10,,
239000,Bloodhound Knight Floh,猟犬騎士、フロー,“猎犬骑士”弗罗,"Фло, лицар-гончак",,"Прах Флоу, рыцаря-ищейки",,
239001,Bloodhound Knight Floh +1,猟犬騎士、フロー＋１,“猎犬骑士”弗罗＋１,"Фло, лицар-гончак +1",,"Прах Флоу, рыцаря-ищейки +1",,
239002,Bloodhound Knight Floh +2,猟犬騎士、フロー＋２,“猎犬骑士”弗罗＋２,"Фло, лицар-гончак +2",,"Прах Флоу, рыцаря-ищейки +2",,
239003,Bloodhound Knight Floh +3,猟犬騎士、フロー＋３,“猎犬骑士”弗罗＋３,"Фло, лицар-гончак +3",,"Прах Флоу, рыцаря-ищейки +3",,
239004,Bloodhound Knight Floh +4,猟犬騎士、フロー＋４,“猎犬骑士”弗罗＋４,"Фло, лицар-гончак +4",,"Прах Флоу, рыцаря-ищейки +4",,
239005,Bloodhound Knight Floh +5,猟犬騎士、フロー＋５,“猎犬骑士”弗罗＋５,"Фло, лицар-гончак +5",,"Прах Флоу, рыцаря-ищейки +5",,
239006,Bloodhound Knight Floh +6,猟犬騎士、フロー＋６,“猎犬骑士”弗罗＋６,"Фло, лицар-гончак +6",,"Прах Флоу, рыцаря-ищейки +6",,
239007,Bloodhound Knight Floh +7,猟犬騎士、フロー＋７,“猎犬骑士”弗罗＋７,"Фло, лицар-гончак +7",,"Прах Флоу, рыцаря-ищейки +7",,
239008,Bloodhound Knight Floh +8,猟犬騎士、フロー＋８,“猎犬骑士”弗罗＋８,"Фло, лицар-гончак +8",,"Прах Флоу, рыцаря-ищейки +8",,
239009,Bloodhound Knight Floh +9,猟犬騎士、フロー＋９,“猎犬骑士”弗罗＋９,"Фло, лицар-гончак +9",,"Прах Флоу, рыцаря-ищейки +9",,
239010,Bloodhound Knight Floh +10,猟犬騎士、フロー＋１０,“猎犬骑士”弗罗＋１０,"Фло, лицар-гончак +10",,"Прах Флоу, рыцаря-ищейки +10",,
240000,Wandering Noble Ashes,さまよえる貴人の遺灰,徘徊权贵的骨灰,Попіл шляхтича-мандрівника,,Прах странствующих вельмож,,
240001,Wandering Noble Ashes +1,さまよえる貴人の遺灰＋１,徘徊权贵的骨灰＋１,Попіл шляхтича-мандрівника +1,,Прах странствующих вельмож +1,,
240002,Wandering Noble Ashes +2,さまよえる貴人の遺灰＋２,徘徊权贵的骨灰＋２,Попіл шляхтича-мандрівника +2,,Прах странствующих вельмож +2,,
240003,Wandering Noble Ashes +3,さまよえる貴人の遺灰＋３,徘徊权贵的骨灰＋３,Попіл шляхтича-мандрівника +3,,Прах странствующих вельмож +3,,
240004,Wandering Noble Ashes +4,さまよえる貴人の遺灰＋４,徘徊权贵的骨灰＋４,Попіл шляхтича-мандрівника +4,,Прах странствующих вельмож +4,,
240005,Wandering Noble Ashes +5,さまよえる貴人の遺灰＋５,徘徊权贵的骨灰＋５,Попіл шляхтича-мандрівника +5,,Прах странствующих вельмож +5,,
240006,Wandering Noble Ashes +6,さまよえる貴人の遺灰＋６,徘徊权贵的骨灰＋６,Попіл шляхтича-мандрівника +6,,Прах странствующих вельмож +6,,
240007,Wandering Noble Ashes +7,さまよえる貴人の遺灰＋７,徘徊权贵的骨灰＋７,Попіл шляхтича-мандрівника +7,,Прах странствующих вельмож +7,,
240008,Wandering Noble Ashes +8,さまよえる貴人の遺灰＋８,徘徊权贵的骨灰＋８,Попіл шляхтича-мандрівника +8,,Прах странствующих вельмож +8,,
240009,Wandering Noble Ashes +9,さまよえる貴人の遺灰＋９,徘徊权贵的骨灰＋９,Попіл шляхтича-мандрівника +9,,Прах странствующих вельмож +9,,
240010,Wandering Noble Ashes +10,さまよえる貴人の遺灰＋１０,徘徊权贵的骨灰＋１０,Попіл шляхтича-мандрівника +10,,Прах странствующих вельмож +10,,
241000,Noble Sorcerer Ashes,貴人の魔術師の遺灰,权贵魔法师的骨灰,Попіл шляхтича-чародія,,Прах высокородного чародея,,
241001,Noble Sorcerer Ashes +1,貴人の魔術師の遺灰＋１,权贵魔法师的骨灰＋１,Попіл шляхтича-чародія +1,,Прах высокородного чародея +1,,
241002,Noble Sorcerer Ashes +2,貴人の魔術師の遺灰＋２,权贵魔法师的骨灰＋２,Попіл шляхтича-чародія +2,,Прах высокородного чародея +2,,
241003,Noble Sorcerer Ashes +3,貴人の魔術師の遺灰＋３,权贵魔法师的骨灰＋３,Попіл шляхтича-чародія +3,,Прах высокородного чародея +3,,
241004,Noble Sorcerer Ashes +4,貴人の魔術師の遺灰＋４,权贵魔法师的骨灰＋４,Попіл шляхтича-чародія +4,,Прах высокородного чародея +4,,
241005,Noble Sorcerer Ashes +5,貴人の魔術師の遺灰＋５,权贵魔法师的骨灰＋５,Попіл шляхтича-чародія +5,,Прах высокородного чародея +5,,
241006,Noble Sorcerer Ashes +6,貴人の魔術師の遺灰＋６,权贵魔法师的骨灰＋６,Попіл шляхтича-чародія +6,,Прах высокородного чародея +6,,
241007,Noble Sorcerer Ashes +7,貴人の魔術師の遺灰＋７,权贵魔法师的骨灰＋７,Попіл шляхтича-чародія +7,,Прах высокородного чародея +7,,
241008,Noble Sorcerer Ashes +8,貴人の魔術師の遺灰＋８,权贵魔法师的骨灰＋８,Попіл шляхтича-чародія +8,,Прах высокородного чародея +8,,
241009,Noble Sorcerer Ashes +9,貴人の魔術師の遺灰＋９,权贵魔法师的骨灰＋９,Попіл шляхтича-чародія +9,,Прах высокородного чародея +9,,
241010,Noble Sorcerer Ashes +10,貴人の魔術師の遺灰＋１０,权贵魔法师的骨灰＋１０,Попіл шляхтича-чародія +10,,Прах высокородного чародея +10,,
242000,Vulgar Militia Ashes,卑兵の遺灰,恶兵的骨灰,Попіл ополченця,,Прах плебеев-ополченцев,,
242001,Vulgar Militia Ashes +1,卑兵の遺灰＋１,恶兵的骨灰＋１,Попіл ополченця +1,,Прах плебеев-ополченцев +1,,
242002,Vulgar Militia Ashes +2,卑兵の遺灰＋２,恶兵的骨灰＋２,Попіл ополченця +2,,Прах плебеев-ополченцев +2,,
242003,Vulgar Militia Ashes +3,卑兵の遺灰＋３,恶兵的骨灰＋３,Попіл ополченця +3,,Прах плебеев-ополченцев +3,,
242004,Vulgar Militia Ashes +4,卑兵の遺灰＋４,恶兵的骨灰＋４,Попіл ополченця +4,,Прах плебеев-ополченцев +4,,
242005,Vulgar Militia Ashes +5,卑兵の遺灰＋５,恶兵的骨灰＋５,Попіл ополченця +5,,Прах плебеев-ополченцев +5,,
242006,Vulgar Militia Ashes +6,卑兵の遺灰＋６,恶兵的骨灰＋６,Попіл ополченця +6,,Прах плебеев-ополченцев +6,,
242007,Vulgar Militia Ashes +7,卑兵の遺灰＋７,恶兵的骨灰＋７,Попіл ополченця +7,,Прах плебеев-ополченцев +7,,
242008,Vulgar Militia Ashes +8,卑兵の遺灰＋８,恶兵的骨灰＋８,Попіл ополченця +8,,Прах плебеев-ополченцев +8,,
242009,Vulgar Militia Ashes +9,卑兵の遺灰＋９,恶兵的骨灰＋９,Попіл ополченця +9,,Прах плебеев-ополченцев +9,,
242010,Vulgar Militia Ashes +10,卑兵の遺灰＋１０,恶兵的骨灰＋１０,Попіл ополченця +10,,Прах плебеев-ополченцев +10,,
243000,Mad Pumpkin Head Ashes,かぼちゃの狂兵の遺灰,发狂南瓜头士兵的骨灰,Попіл шаленого гарбузоголового,,Прах тыквоголового безумца,,
243001,Mad Pumpkin Head Ashes +1,かぼちゃの狂兵の遺灰＋１,发狂南瓜头士兵的骨灰＋１,Попіл шаленого гарбузоголового +1,,Прах тыквоголового безумца +1,,
243002,Mad Pumpkin Head Ashes +2,かぼちゃの狂兵の遺灰＋２,发狂南瓜头士兵的骨灰＋２,Попіл шаленого гарбузоголового +2,,Прах тыквоголового безумца +2,,
243003,Mad Pumpkin Head Ashes +3,かぼちゃの狂兵の遺灰＋３,发狂南瓜头士兵的骨灰＋３,Попіл шаленого гарбузоголового +3,,Прах тыквоголового безумца +3,,
243004,Mad Pumpkin Head Ashes +4,かぼちゃの狂兵の遺灰＋４,发狂南瓜头士兵的骨灰＋４,Попіл шаленого гарбузоголового +4,,Прах тыквоголового безумца +4,,
243005,Mad Pumpkin Head Ashes +5,かぼちゃの狂兵の遺灰＋５,发狂南瓜头士兵的骨灰＋５,Попіл шаленого гарбузоголового +5,,Прах тыквоголового безумца +5,,
243006,Mad Pumpkin Head Ashes +6,かぼちゃの狂兵の遺灰＋６,发狂南瓜头士兵的骨灰＋６,Попіл шаленого гарбузоголового +6,,Прах тыквоголового безумца +6,,
243007,Mad Pumpkin Head Ashes +7,かぼちゃの狂兵の遺灰＋７,发狂南瓜头士兵的骨灰＋７,Попіл шаленого гарбузоголового +7,,Прах тыквоголового безумца +7,,
243008,Mad Pumpkin Head Ashes +8,かぼちゃの狂兵の遺灰＋８,发狂南瓜头士兵的骨灰＋８,Попіл шаленого гарбузоголового +8,,Прах тыквоголового безумца +8,,
243009,Mad Pumpkin Head Ashes +9,かぼちゃの狂兵の遺灰＋９,发狂南瓜头士兵的骨灰＋９,Попіл шаленого гарбузоголового +9,,Прах тыквоголового безумца +9,,
243010,Mad Pumpkin Head Ashes +10,かぼちゃの狂兵の遺灰＋１０,发狂南瓜头士兵的骨灰＋１０,Попіл шаленого гарбузоголового +10,,Прах тыквоголового безумца +10,,
244000,Land Squirt Ashes,陸ほやの遺灰,陆生海鞘的骨灰,Попіл земляного бризкуна,,Прах земляных брызгунов,,
244001,Land Squirt Ashes +1,陸ほやの遺灰＋１,陆生海鞘的骨灰＋１,Попіл земляного бризкуна +1,,Прах земляных брызгунов +1,,
244002,Land Squirt Ashes +2,陸ほやの遺灰＋２,陆生海鞘的骨灰＋２,Попіл земляного бризкуна +2,,Прах земляных брызгунов +2,,
244003,Land Squirt Ashes +3,陸ほやの遺灰＋３,陆生海鞘的骨灰＋３,Попіл земляного бризкуна +3,,Прах земляных брызгунов +3,,
244004,Land Squirt Ashes +4,陸ほやの遺灰＋４,陆生海鞘的骨灰＋４,Попіл земляного бризкуна +4,,Прах земляных брызгунов +4,,
244005,Land Squirt Ashes +5,陸ほやの遺灰＋５,陆生海鞘的骨灰＋５,Попіл земляного бризкуна +5,,Прах земляных брызгунов +5,,
244006,Land Squirt Ashes +6,陸ほやの遺灰＋６,陆生海鞘的骨灰＋６,Попіл земляного бризкуна +6,,Прах земляных брызгунов +6,,
244007,Land Squirt Ashes +7,陸ほやの遺灰＋７,陆生海鞘的骨灰＋７,Попіл земляного бризкуна +7,,Прах земляных брызгунов +7,,
244008,Land Squirt Ashes +8,陸ほやの遺灰＋８,陆生海鞘的骨灰＋８,Попіл земляного бризкуна +8,,Прах земляных брызгунов +8,,
244009,Land Squirt Ashes +9,陸ほやの遺灰＋９,陆生海鞘的骨灰＋９,Попіл земляного бризкуна +9,,Прах земляных брызгунов +9,,
244010,Land Squirt Ashes +10,陸ほやの遺灰＋１０,陆生海鞘的骨灰＋１０,Попіл земляного бризкуна +10,,Прах земляных брызгунов +10,,
245000,Miranda Sprout Ashes,小ミランダの遺灰,小米兰达的骨灰,Попіл пагона Міранди,,Прах цветков миранды,,
245001,Miranda Sprout Ashes +1,小ミランダの遺灰＋１,小米兰达的骨灰＋１,Попіл пагона Міранди +1,,Прах цветков миранды +1,,
245002,Miranda Sprout Ashes +2,小ミランダの遺灰＋２,小米兰达的骨灰＋２,Попіл пагона Міранди +2,,Прах цветков миранды +2,,
245003,Miranda Sprout Ashes +3,小ミランダの遺灰＋３,小米兰达的骨灰＋３,Попіл пагона Міранди +3,,Прах цветков миранды +3,,
245004,Miranda Sprout Ashes +4,小ミランダの遺灰＋４,小米兰达的骨灰＋４,Попіл пагона Міранди +4,,Прах цветков миранды +4,,
245005,Miranda Sprout Ashes +5,小ミランダの遺灰＋５,小米兰达的骨灰＋５,Попіл пагона Міранди +5,,Прах цветков миранды +5,,
245006,Miranda Sprout Ashes +6,小ミランダの遺灰＋６,小米兰达的骨灰＋６,Попіл пагона Міранди +6,,Прах цветков миранды +6,,
245007,Miranda Sprout Ashes +7,小ミランダの遺灰＋７,小米兰达的骨灰＋７,Попіл пагона Міранди +7,,Прах цветков миранды +7,,
245008,Miranda Sprout Ashes +8,小ミランダの遺灰＋８,小米兰达的骨灰＋８,Попіл пагона Міранди +8,,Прах цветков миранды +8,,
245009,Miranda Sprout Ashes +9,小ミランダの遺灰＋９,小米兰达的骨灰＋９,Попіл пагона Міранди +9,,Прах цветков миранды +9,,
245010,Miranda Sprout Ashes +10,小ミランダの遺灰＋１０,小米兰达的骨灰＋１０,Попіл пагона Міранди +10,,Прах цветков миранды +10,,
246000,Soldjars of Fortune Ashes,特攻野郎たちの遺灰,特攻先锋群的骨灰,Попіл горщиків-камікадзе,,Прах солдат удачи,,
246001,Soldjars of Fortune Ashes +1,特攻野郎たちの遺灰＋１,特攻先锋群的骨灰＋１,Попіл горщиків-камікадзе +1,,Прах солдат удачи +1,,
246002,Soldjars of Fortune Ashes +2,特攻野郎たちの遺灰＋２,特攻先锋群的骨灰＋２,Попіл горщиків-камікадзе +2,,Прах солдат удачи +2,,
246003,Soldjars of Fortune Ashes +3,特攻野郎たちの遺灰＋３,特攻先锋群的骨灰＋３,Попіл горщиків-камікадзе +3,,Прах солдат удачи +3,,
246004,Soldjars of Fortune Ashes +4,特攻野郎たちの遺灰＋４,特攻先锋群的骨灰＋４,Попіл горщиків-камікадзе +4,,Прах солдат удачи +4,,
246005,Soldjars of Fortune Ashes +5,特攻野郎たちの遺灰＋５,特攻先锋群的骨灰＋５,Попіл горщиків-камікадзе +5,,Прах солдат удачи +5,,
246006,Soldjars of Fortune Ashes +6,特攻野郎たちの遺灰＋６,特攻先锋群的骨灰＋６,Попіл горщиків-камікадзе +6,,Прах солдат удачи +6,,
246007,Soldjars of Fortune Ashes +7,特攻野郎たちの遺灰＋７,特攻先锋群的骨灰＋７,Попіл горщиків-камікадзе +7,,Прах солдат удачи +7,,
246008,Soldjars of Fortune Ashes +8,特攻野郎たちの遺灰＋８,特攻先锋群的骨灰＋８,Попіл горщиків-камікадзе +8,,Прах солдат удачи +8,,
246009,Soldjars of Fortune Ashes +9,特攻野郎たちの遺灰＋９,特攻先锋群的骨灰＋９,Попіл горщиків-камікадзе +9,,Прах солдат удачи +9,,
246010,Soldjars of Fortune Ashes +10,特攻野郎たちの遺灰＋１０,特攻先锋群的骨灰＋１０,Попіл горщиків-камікадзе +10,,Прах солдат удачи +10,,
247000,Omenkiller Rollo,忌み潰しのロロ,恶兆猎人罗洛,"Ролло, вбивця передвісників",,Убийца знамений Ролло,,
247001,Omenkiller Rollo +1,忌み潰しのロロ＋１,恶兆猎人罗洛＋１,"Ролло, вбивця передвісників +1",,Убийца знамений Ролло +1,,
247002,Omenkiller Rollo +2,忌み潰しのロロ＋２,恶兆猎人罗洛＋２,"Ролло, вбивця передвісників +2",,Убийца знамений Ролло +2,,
247003,Omenkiller Rollo +3,忌み潰しのロロ＋３,恶兆猎人罗洛＋３,"Ролло, вбивця передвісників +3",,Убийца знамений Ролло +3,,
247004,Omenkiller Rollo +4,忌み潰しのロロ＋４,恶兆猎人罗洛＋４,"Ролло, вбивця передвісників +4",,Убийца знамений Ролло +4,,
247005,Omenkiller Rollo +5,忌み潰しのロロ＋５,恶兆猎人罗洛＋５,"Ролло, вбивця передвісників +5",,Убийца знамений Ролло +5,,
247006,Omenkiller Rollo +6,忌み潰しのロロ＋６,恶兆猎人罗洛＋６,"Ролло, вбивця передвісників +6",,Убийца знамений Ролло +6,,
247007,Omenkiller Rollo +7,忌み潰しのロロ＋７,恶兆猎人罗洛＋７,"Ролло, вбивця передвісників +7",,Убийца знамений Ролло +7,,
247008,Omenkiller Rollo +8,忌み潰しのロロ＋８,恶兆猎人罗洛＋８,"Ролло, вбивця передвісників +8",,Убийца знамений Ролло +8,,
247009,Omenkiller Rollo +9,忌み潰しのロロ＋９,恶兆猎人罗洛＋９,"Ролло, вбивця передвісників +9",,Убийца знамений Ролло +9,,
247010,Omenkiller Rollo +10,忌み潰しのロロ＋１０,恶兆猎人罗洛＋１０,"Ролло, вбивця передвісників +10",,Убийца знамений Ролло +10,,
248000,Greatshield Soldier Ashes,大盾兵の遺灰,大盾士兵的骨灰,Попіл солдата з великим щитом,,Прах солдат с большими щитами,,
248001,Greatshield Soldier Ashes +1,大盾兵の遺灰＋１,大盾士兵的骨灰＋１,Попіл солдата з великим щитом +1,,Прах солдат с большими щитами +1,,
248002,Greatshield Soldier Ashes +2,大盾兵の遺灰＋２,大盾士兵的骨灰＋２,Попіл солдата з великим щитом +2,,Прах солдат с большими щитами +2,,
248003,Greatshield Soldier Ashes +3,大盾兵の遺灰＋３,大盾士兵的骨灰＋３,Попіл солдата з великим щитом +3,,Прах солдат с большими щитами +3,,
248004,Greatshield Soldier Ashes +4,大盾兵の遺灰＋４,大盾士兵的骨灰＋４,Попіл солдата з великим щитом +4,,Прах солдат с большими щитами +4,,
248005,Greatshield Soldier Ashes +5,大盾兵の遺灰＋５,大盾士兵的骨灰＋５,Попіл солдата з великим щитом +5,,Прах солдат с большими щитами +5,,
248006,Greatshield Soldier Ashes +6,大盾兵の遺灰＋６,大盾士兵的骨灰＋６,Попіл солдата з великим щитом +6,,Прах солдат с большими щитами +6,,
248007,Greatshield Soldier Ashes +7,大盾兵の遺灰＋７,大盾士兵的骨灰＋７,Попіл солдата з великим щитом +7,,Прах солдат с большими щитами +7,,
248008,Greatshield Soldier Ashes +8,大盾兵の遺灰＋８,大盾士兵的骨灰＋８,Попіл солдата з великим щитом +8,,Прах солдат с большими щитами +8,,
248009,Greatshield Soldier Ashes +9,大盾兵の遺灰＋９,大盾士兵的骨灰＋９,Попіл солдата з великим щитом +9,,Прах солдат с большими щитами +9,,
248010,Greatshield Soldier Ashes +10,大盾兵の遺灰＋１０,大盾士兵的骨灰＋１０,Попіл солдата з великим щитом +10,,Прах солдат с большими щитами +10,,
249000,Archer Ashes,弓兵の遺灰,操弓士兵的骨灰,Попіл лучника,,Прах лучников,,
249001,Archer Ashes +1,弓兵の遺灰＋１,操弓士兵的骨灰＋１,Попіл лучника +1,,Прах лучников +1,,
249002,Archer Ashes +2,弓兵の遺灰＋２,操弓士兵的骨灰＋２,Попіл лучника +2,,Прах лучников +2,,
249003,Archer Ashes +3,弓兵の遺灰＋３,操弓士兵的骨灰＋３,Попіл лучника +3,,Прах лучников +3,,
249004,Archer Ashes +4,弓兵の遺灰＋４,操弓士兵的骨灰＋４,Попіл лучника +4,,Прах лучников +4,,
249005,Archer Ashes +5,弓兵の遺灰＋５,操弓士兵的骨灰＋５,Попіл лучника +5,,Прах лучников +5,,
249006,Archer Ashes +6,弓兵の遺灰＋６,操弓士兵的骨灰＋６,Попіл лучника +6,,Прах лучников +6,,
249007,Archer Ashes +7,弓兵の遺灰＋７,操弓士兵的骨灰＋７,Попіл лучника +7,,Прах лучников +7,,
249008,Archer Ashes +8,弓兵の遺灰＋８,操弓士兵的骨灰＋８,Попіл лучника +8,,Прах лучников +8,,
249009,Archer Ashes +9,弓兵の遺灰＋９,操弓士兵的骨灰＋９,Попіл лучника +9,,Прах лучников +9,,
249010,Archer Ashes +10,弓兵の遺灰＋１０,操弓士兵的骨灰＋１０,Попіл лучника +10,,Прах лучников +10,,
250000,Godrick Soldier Ashes,ゴドリック兵の遺灰,葛瑞克士兵的骨灰,Попіл солдата Ґодріка,,Прах солдат Годрика,,
250001,Godrick Soldier Ashes +1,ゴドリック兵の遺灰＋１,葛瑞克士兵的骨灰＋１,Попіл солдата Ґодріка +1,,Прах солдат Годрика +1,,
250002,Godrick Soldier Ashes +2,ゴドリック兵の遺灰＋２,葛瑞克士兵的骨灰＋２,Попіл солдата Ґодріка +2,,Прах солдат Годрика +2,,
250003,Godrick Soldier Ashes +3,ゴドリック兵の遺灰＋３,葛瑞克士兵的骨灰＋３,Попіл солдата Ґодріка +3,,Прах солдат Годрика +3,,
250004,Godrick Soldier Ashes +4,ゴドリック兵の遺灰＋４,葛瑞克士兵的骨灰＋４,Попіл солдата Ґодріка +4,,Прах солдат Годрика +4,,
250005,Godrick Soldier Ashes +5,ゴドリック兵の遺灰＋５,葛瑞克士兵的骨灰＋５,Попіл солдата Ґодріка +5,,Прах солдат Годрика +5,,
250006,Godrick Soldier Ashes +6,ゴドリック兵の遺灰＋６,葛瑞克士兵的骨灰＋６,Попіл солдата Ґодріка +6,,Прах солдат Годрика +6,,
250007,Godrick Soldier Ashes +7,ゴドリック兵の遺灰＋７,葛瑞克士兵的骨灰＋７,Попіл солдата Ґодріка +7,,Прах солдат Годрика +7,,
250008,Godrick Soldier Ashes +8,ゴドリック兵の遺灰＋８,葛瑞克士兵的骨灰＋８,Попіл солдата Ґодріка +8,,Прах солдат Годрика +8,,
250009,Godrick Soldier Ashes +9,ゴドリック兵の遺灰＋９,葛瑞克士兵的骨灰＋９,Попіл солдата Ґодріка +9,,Прах солдат Годрика +9,,
250010,Godrick Soldier Ashes +10,ゴドリック兵の遺灰＋１０,葛瑞克士兵的骨灰＋１０,Попіл солдата Ґодріка +10,,Прах солдат Годрика +10,,
251000,Raya Lucaria Soldier Ashes,レアルカリア兵の遺灰,雷亚卢卡利亚士兵的骨灰,Попіл солдата Рая-Лукарії,,Прах солдат Райи Лукарии,,
251001,Raya Lucaria Soldier Ashes +1,レアルカリア兵の遺灰＋１,雷亚卢卡利亚士兵的骨灰＋１,Попіл солдата Рая-Лукарії +1,,Прах солдат Райи Лукарии +1,,
251002,Raya Lucaria Soldier Ashes +2,レアルカリア兵の遺灰＋２,雷亚卢卡利亚士兵的骨灰＋２,Попіл солдата Рая-Лукарії +2,,Прах солдат Райи Лукарии +2,,
251003,Raya Lucaria Soldier Ashes +3,レアルカリア兵の遺灰＋３,雷亚卢卡利亚士兵的骨灰＋３,Попіл солдата Рая-Лукарії +3,,Прах солдат Райи Лукарии +3,,
251004,Raya Lucaria Soldier Ashes +4,レアルカリア兵の遺灰＋４,雷亚卢卡利亚士兵的骨灰＋４,Попіл солдата Рая-Лукарії +4,,Прах солдат Райи Лукарии +4,,
251005,Raya Lucaria Soldier Ashes +5,レアルカリア兵の遺灰＋５,雷亚卢卡利亚士兵的骨灰＋５,Попіл солдата Рая-Лукарії +5,,Прах солдат Райи Лукарии +5,,
251006,Raya Lucaria Soldier Ashes +6,レアルカリア兵の遺灰＋６,雷亚卢卡利亚士兵的骨灰＋６,Попіл солдата Рая-Лукарії +6,,Прах солдат Райи Лукарии +6,,
251007,Raya Lucaria Soldier Ashes +7,レアルカリア兵の遺灰＋７,雷亚卢卡利亚士兵的骨灰＋７,Попіл солдата Рая-Лукарії +7,,Прах солдат Райи Лукарии +7,,
251008,Raya Lucaria Soldier Ashes +8,レアルカリア兵の遺灰＋８,雷亚卢卡利亚士兵的骨灰＋８,Попіл солдата Рая-Лукарії +8,,Прах солдат Райи Лукарии +8,,
251009,Raya Lucaria Soldier Ashes +9,レアルカリア兵の遺灰＋９,雷亚卢卡利亚士兵的骨灰＋９,Попіл солдата Рая-Лукарії +9,,Прах солдат Райи Лукарии +9,,
251010,Raya Lucaria Soldier Ashes +10,レアルカリア兵の遺灰＋１０,雷亚卢卡利亚士兵的骨灰＋１０,Попіл солдата Рая-Лукарії +10,,Прах солдат Райи Лукарии +10,,
252000,Leyndell Soldier Ashes,ローデイル兵の遺灰,罗德尔士兵的骨灰,Попіл солдата Лейнделла,,Прах солдат Лейнделла,,
252001,Leyndell Soldier Ashes +1,ローデイル兵の遺灰＋１,罗德尔士兵的骨灰＋１,Попіл солдата Лейнделла +1,,Прах солдат Лейнделла +1,,
252002,Leyndell Soldier Ashes +2,ローデイル兵の遺灰＋２,罗德尔士兵的骨灰＋２,Попіл солдата Лейнделла +2,,Прах солдат Лейнделла +2,,
252003,Leyndell Soldier Ashes +3,ローデイル兵の遺灰＋３,罗德尔士兵的骨灰＋３,Попіл солдата Лейнделла +3,,Прах солдат Лейнделла +3,,
252004,Leyndell Soldier Ashes +4,ローデイル兵の遺灰＋４,罗德尔士兵的骨灰＋４,Попіл солдата Лейнделла +4,,Прах солдат Лейнделла +4,,
252005,Leyndell Soldier Ashes +5,ローデイル兵の遺灰＋５,罗德尔士兵的骨灰＋５,Попіл солдата Лейнделла +5,,Прах солдат Лейнделла +5,,
252006,Leyndell Soldier Ashes +6,ローデイル兵の遺灰＋６,罗德尔士兵的骨灰＋６,Попіл солдата Лейнделла +6,,Прах солдат Лейнделла +6,,
252007,Leyndell Soldier Ashes +7,ローデイル兵の遺灰＋７,罗德尔士兵的骨灰＋７,Попіл солдата Лейнделла +7,,Прах солдат Лейнделла +7,,
252008,Leyndell Soldier Ashes +8,ローデイル兵の遺灰＋８,罗德尔士兵的骨灰＋８,Попіл солдата Лейнделла +8,,Прах солдат Лейнделла +8,,
252009,Leyndell Soldier Ashes +9,ローデイル兵の遺灰＋９,罗德尔士兵的骨灰＋９,Попіл солдата Лейнделла +9,,Прах солдат Лейнделла +9,,
252010,Leyndell Soldier Ashes +10,ローデイル兵の遺灰＋１０,罗德尔士兵的骨灰＋１０,Попіл солдата Лейнделла +10,,Прах солдат Лейнделла +10,,
253000,Radahn Soldier Ashes,ラダーン兵の遺灰,拉塔恩士兵的骨灰,Попіл солдата Радана,,Прах солдат Радана,,
253001,Radahn Soldier Ashes +1,ラダーン兵の遺灰＋１,拉塔恩士兵的骨灰＋１,Попіл солдата Радана +1,,Прах солдат Радана +1,,
253002,Radahn Soldier Ashes +2,ラダーン兵の遺灰＋２,拉塔恩士兵的骨灰＋２,Попіл солдата Радана +2,,Прах солдат Радана +2,,
253003,Radahn Soldier Ashes +3,ラダーン兵の遺灰＋３,拉塔恩士兵的骨灰＋３,Попіл солдата Радана +3,,Прах солдат Радана +3,,
253004,Radahn Soldier Ashes +4,ラダーン兵の遺灰＋４,拉塔恩士兵的骨灰＋４,Попіл солдата Радана +4,,Прах солдат Радана +4,,
253005,Radahn Soldier Ashes +5,ラダーン兵の遺灰＋５,拉塔恩士兵的骨灰＋５,Попіл солдата Радана +5,,Прах солдат Радана +5,,
253006,Radahn Soldier Ashes +6,ラダーン兵の遺灰＋６,拉塔恩士兵的骨灰＋６,Попіл солдата Радана +6,,Прах солдат Радана +6,,
253007,Radahn Soldier Ashes +7,ラダーン兵の遺灰＋７,拉塔恩士兵的骨灰＋７,Попіл солдата Радана +7,,Прах солдат Радана +7,,
253008,Radahn Soldier Ashes +8,ラダーン兵の遺灰＋８,拉塔恩士兵的骨灰＋８,Попіл солдата Радана +8,,Прах солдат Радана +8,,
253009,Radahn Soldier Ashes +9,ラダーン兵の遺灰＋９,拉塔恩士兵的骨灰＋９,Попіл солдата Радана +9,,Прах солдат Радана +9,,
253010,Radahn Soldier Ashes +10,ラダーン兵の遺灰＋１０,拉塔恩士兵的骨灰＋１０,Попіл солдата Радана +10,,Прах солдат Радана +10,,
254000,Mausoleum Soldier Ashes,霊廟兵の遺灰,灵庙士兵的骨灰,Попіл солдата мавзолею,,Прах солдат мавзолея,,
254001,Mausoleum Soldier Ashes +1,霊廟兵の遺灰＋１,灵庙士兵的骨灰＋１,Попіл солдата мавзолею +1,,Прах солдат мавзолея +1,,
254002,Mausoleum Soldier Ashes +2,霊廟兵の遺灰＋２,灵庙士兵的骨灰＋２,Попіл солдата мавзолею +2,,Прах солдат мавзолея +2,,
254003,Mausoleum Soldier Ashes +3,霊廟兵の遺灰＋３,灵庙士兵的骨灰＋３,Попіл солдата мавзолею +3,,Прах солдат мавзолея +3,,
254004,Mausoleum Soldier Ashes +4,霊廟兵の遺灰＋４,灵庙士兵的骨灰＋４,Попіл солдата мавзолею +4,,Прах солдат мавзолея +4,,
254005,Mausoleum Soldier Ashes +5,霊廟兵の遺灰＋５,灵庙士兵的骨灰＋５,Попіл солдата мавзолею +5,,Прах солдат мавзолея +5,,
254006,Mausoleum Soldier Ashes +6,霊廟兵の遺灰＋６,灵庙士兵的骨灰＋６,Попіл солдата мавзолею +6,,Прах солдат мавзолея +6,,
254007,Mausoleum Soldier Ashes +7,霊廟兵の遺灰＋７,灵庙士兵的骨灰＋７,Попіл солдата мавзолею +7,,Прах солдат мавзолея +7,,
254008,Mausoleum Soldier Ashes +8,霊廟兵の遺灰＋８,灵庙士兵的骨灰＋８,Попіл солдата мавзолею +8,,Прах солдат мавзолея +8,,
254009,Mausoleum Soldier Ashes +9,霊廟兵の遺灰＋９,灵庙士兵的骨灰＋９,Попіл солдата мавзолею +9,,Прах солдат мавзолея +9,,
254010,Mausoleum Soldier Ashes +10,霊廟兵の遺灰＋１０,灵庙士兵的骨灰＋１０,Попіл солдата мавзолею +10,,Прах солдат мавзолея +10,,
255000,Haligtree Soldier Ashes,聖樹兵の遺灰,圣树士兵的骨灰,Попіл солдата Святого дерева,,Прах солдат Святого Древа,,
255001,Haligtree Soldier Ashes +1,聖樹兵の遺灰＋１,圣树士兵的骨灰＋１,Попіл солдата Святого дерева +1,,Прах солдат Святого Древа +1,,
255002,Haligtree Soldier Ashes +2,聖樹兵の遺灰＋２,圣树士兵的骨灰＋２,Попіл солдата Святого дерева +2,,Прах солдат Святого Древа +2,,
255003,Haligtree Soldier Ashes +3,聖樹兵の遺灰＋３,圣树士兵的骨灰＋３,Попіл солдата Святого дерева +3,,Прах солдат Святого Древа +3,,
255004,Haligtree Soldier Ashes +4,聖樹兵の遺灰＋４,圣树士兵的骨灰＋４,Попіл солдата Святого дерева +4,,Прах солдат Святого Древа +4,,
255005,Haligtree Soldier Ashes +5,聖樹兵の遺灰＋５,圣树士兵的骨灰＋５,Попіл солдата Святого дерева +5,,Прах солдат Святого Древа +5,,
255006,Haligtree Soldier Ashes +6,聖樹兵の遺灰＋６,圣树士兵的骨灰＋６,Попіл солдата Святого дерева +6,,Прах солдат Святого Древа +6,,
255007,Haligtree Soldier Ashes +7,聖樹兵の遺灰＋７,圣树士兵的骨灰＋７,Попіл солдата Святого дерева +7,,Прах солдат Святого Древа +7,,
255008,Haligtree Soldier Ashes +8,聖樹兵の遺灰＋８,圣树士兵的骨灰＋８,Попіл солдата Святого дерева +8,,Прах солдат Святого Древа +8,,
255009,Haligtree Soldier Ashes +9,聖樹兵の遺灰＋９,圣树士兵的骨灰＋９,Попіл солдата Святого дерева +9,,Прах солдат Святого Древа +9,,
255010,Haligtree Soldier Ashes +10,聖樹兵の遺灰＋１０,圣树士兵的骨灰＋１０,Попіл солдата Святого дерева +10,,Прах солдат Святого Древа +10,,
256000,Ancient Dragon Knight Kristoff,古竜の騎士、クリストフ,“古龙骑士”克里斯托福,"Крістофф, лицар прадавнього дракона",,"Прах Кристоффа, рыцаря древних драконов",,
256001,Ancient Dragon Knight Kristoff +1,古竜の騎士、クリストフ＋１,“古龙骑士”克里斯托福＋１,"Крістофф, лицар прадавнього дракона +1",,"Прах Кристоффа, рыцаря древних драконов +1",,
256002,Ancient Dragon Knight Kristoff +2,古竜の騎士、クリストフ＋２,“古龙骑士”克里斯托福＋２,"Крістофф, лицар прадавнього дракона +2",,"Прах Кристоффа, рыцаря древних драконов +2",,
256003,Ancient Dragon Knight Kristoff +3,古竜の騎士、クリストフ＋３,“古龙骑士”克里斯托福＋３,"Крістофф, лицар прадавнього дракона +3",,"Прах Кристоффа, рыцаря древних драконов +3",,
256004,Ancient Dragon Knight Kristoff +4,古竜の騎士、クリストフ＋４,“古龙骑士”克里斯托福＋４,"Крістофф, лицар прадавнього дракона +4",,"Прах Кристоффа, рыцаря древних драконов +4",,
256005,Ancient Dragon Knight Kristoff +5,古竜の騎士、クリストフ＋５,“古龙骑士”克里斯托福＋５,"Крістофф, лицар прадавнього дракона +5",,"Прах Кристоффа, рыцаря древних драконов +5",,
256006,Ancient Dragon Knight Kristoff +6,古竜の騎士、クリストフ＋６,“古龙骑士”克里斯托福＋６,"Крістофф, лицар прадавнього дракона +6",,"Прах Кристоффа, рыцаря древних драконов +6",,
256007,Ancient Dragon Knight Kristoff +7,古竜の騎士、クリストフ＋７,“古龙骑士”克里斯托福＋７,"Крістофф, лицар прадавнього дракона +7",,"Прах Кристоффа, рыцаря древних драконов +7",,
256008,Ancient Dragon Knight Kristoff +8,古竜の騎士、クリストフ＋８,“古龙骑士”克里斯托福＋８,"Крістофф, лицар прадавнього дракона +8",,"Прах Кристоффа, рыцаря древних драконов +8",,
256009,Ancient Dragon Knight Kristoff +9,古竜の騎士、クリストフ＋９,“古龙骑士”克里斯托福＋９,"Крістофф, лицар прадавнього дракона +9",,"Прах Кристоффа, рыцаря древних драконов +9",,
256010,Ancient Dragon Knight Kristoff +10,古竜の騎士、クリストフ＋１０,“古龙骑士”克里斯托福＋１０,"Крістофф, лицар прадавнього дракона +10",,"Прах Кристоффа, рыцаря древн. драконов +10",,
257000,Redmane Knight Ogha,赤獅子騎士、オウガ,“红狮子骑士”奥加,"Оґа, рудогривий лицар",,"Прах Оги, рыцаря Рыжей Гривы",,
257001,Redmane Knight Ogha +1,赤獅子騎士、オウガ＋１,“红狮子骑士”奥加＋１,"Оґа, рудогривий лицар +1",,"Прах Оги, рыцаря Рыжей Гривы +1",,
257002,Redmane Knight Ogha +2,赤獅子騎士、オウガ＋２,“红狮子骑士”奥加＋２,"Оґа, рудогривий лицар +2",,"Прах Оги, рыцаря Рыжей Гривы +2",,
257003,Redmane Knight Ogha +3,赤獅子騎士、オウガ＋３,“红狮子骑士”奥加＋３,"Оґа, рудогривий лицар +3",,"Прах Оги, рыцаря Рыжей Гривы +3",,
257004,Redmane Knight Ogha +4,赤獅子騎士、オウガ＋４,“红狮子骑士”奥加＋４,"Оґа, рудогривий лицар +4",,"Прах Оги, рыцаря Рыжей Гривы +4",,
257005,Redmane Knight Ogha +5,赤獅子騎士、オウガ＋５,“红狮子骑士”奥加＋５,"Оґа, рудогривий лицар +5",,"Прах Оги, рыцаря Рыжей Гривы +5",,
257006,Redmane Knight Ogha +6,赤獅子騎士、オウガ＋６,“红狮子骑士”奥加＋６,"Оґа, рудогривий лицар +6",,"Прах Оги, рыцаря Рыжей Гривы +6",,
257007,Redmane Knight Ogha +7,赤獅子騎士、オウガ＋７,“红狮子骑士”奥加＋７,"Оґа, рудогривий лицар +7",,"Прах Оги, рыцаря Рыжей Гривы +7",,
257008,Redmane Knight Ogha +8,赤獅子騎士、オウガ＋８,“红狮子骑士”奥加＋８,"Оґа, рудогривий лицар +8",,"Прах Оги, рыцаря Рыжей Гривы +8",,
257009,Redmane Knight Ogha +9,赤獅子騎士、オウガ＋９,“红狮子骑士”奥加＋９,"Оґа, рудогривий лицар +9",,"Прах Оги, рыцаря Рыжей Гривы +9",,
257010,Redmane Knight Ogha +10,赤獅子騎士、オウガ＋１０,“红狮子骑士”奥加＋１０,"Оґа, рудогривий лицар +10",,"Прах Оги, рыцаря Рыжей Гривы +10",,
258000,Lhutel the Headless,首なし騎士、ルーテル,“无头骑士”露缇尔,Безголова Лутель,,Прах Лутели Безголовой,,
258001,Lhutel the Headless +1,首なし騎士、ルーテル＋１,“无头骑士”露缇尔＋１,Безголова Лутель +1,,Прах Лутели Безголовой +1,,
258002,Lhutel the Headless +2,首なし騎士、ルーテル＋２,“无头骑士”露缇尔＋２,Безголова Лутель +2,,Прах Лутели Безголовой +2,,
258003,Lhutel the Headless +3,首なし騎士、ルーテル＋３,“无头骑士”露缇尔＋３,Безголова Лутель +3,,Прах Лутели Безголовой +3,,
258004,Lhutel the Headless +4,首なし騎士、ルーテル＋４,“无头骑士”露缇尔＋４,Безголова Лутель +4,,Прах Лутели Безголовой +4,,
258005,Lhutel the Headless +5,首なし騎士、ルーテル＋５,“无头骑士”露缇尔＋５,Безголова Лутель +5,,Прах Лутели Безголовой +5,,
258006,Lhutel the Headless +6,首なし騎士、ルーテル＋６,“无头骑士”露缇尔＋６,Безголова Лутель +6,,Прах Лутели Безголовой +6,,
258007,Lhutel the Headless +7,首なし騎士、ルーテル＋７,“无头骑士”露缇尔＋７,Безголова Лутель +7,,Прах Лутели Безголовой +7,,
258008,Lhutel the Headless +8,首なし騎士、ルーテル＋８,“无头骑士”露缇尔＋８,Безголова Лутель +8,,Прах Лутели Безголовой +8,,
258009,Lhutel the Headless +9,首なし騎士、ルーテル＋９,“无头骑士”露缇尔＋９,Безголова Лутель +9,,Прах Лутели Безголовой +9,,
258010,Lhutel the Headless +10,首なし騎士、ルーテル＋１０,“无头骑士”露缇尔＋１０,Безголова Лутель +10,,Прах Лутели Безголовой +10,,
259000,Nepheli Loux Puppet,ネフェリ・ルーの傀儡,涅斐丽·露的傀儡,Лялька Нефелі Лу,,Кукла Нефели Лукс,,
259001,Nepheli Loux Puppet +1,ネフェリ・ルーの傀儡＋１,涅斐丽·露的傀儡＋１,Лялька Нефелі Лу +1,,Кукла Нефели Лукс +1,,
259002,Nepheli Loux Puppet +2,ネフェリ・ルーの傀儡＋２,涅斐丽·露的傀儡＋２,Лялька Нефелі Лу +2,,Кукла Нефели Лукс +2,,
259003,Nepheli Loux Puppet +3,ネフェリ・ルーの傀儡＋３,涅斐丽·露的傀儡＋３,Лялька Нефелі Лу +3,,Кукла Нефели Лукс +3,,
259004,Nepheli Loux Puppet +4,ネフェリ・ルーの傀儡＋４,涅斐丽·露的傀儡＋４,Лялька Нефелі Лу +4,,Кукла Нефели Лукс +4,,
259005,Nepheli Loux Puppet +5,ネフェリ・ルーの傀儡＋５,涅斐丽·露的傀儡＋５,Лялька Нефелі Лу +5,,Кукла Нефели Лукс +5,,
259006,Nepheli Loux Puppet +6,ネフェリ・ルーの傀儡＋６,涅斐丽·露的傀儡＋６,Лялька Нефелі Лу +6,,Кукла Нефели Лукс +6,,
259007,Nepheli Loux Puppet +7,ネフェリ・ルーの傀儡＋７,涅斐丽·露的傀儡＋７,Лялька Нефелі Лу +7,,Кукла Нефели Лукс +7,,
259008,Nepheli Loux Puppet +8,ネフェリ・ルーの傀儡＋８,涅斐丽·露的傀儡＋８,Лялька Нефелі Лу +8,,Кукла Нефели Лукс +8,,
259009,Nepheli Loux Puppet +9,ネフェリ・ルーの傀儡＋９,涅斐丽·露的傀儡＋９,Лялька Нефелі Лу +9,,Кукла Нефели Лукс +9,,
259010,Nepheli Loux Puppet +10,ネフェリ・ルーの傀儡＋１０,涅斐丽·露的傀儡＋１０,Лялька Нефелі Лу +10,,Кукла Нефели Лукс +10,,
260000,Dung Eater Puppet,糞喰いの傀儡,食粪者的傀儡,Лялька Лайножера,,Кукла Поедателя Отбросов,,
260001,Dung Eater Puppet +1,糞喰いの傀儡＋１,食粪者的傀儡＋１,Лялька Лайножера +1,,Кукла Поедателя Отбросов +1,,
260002,Dung Eater Puppet +2,糞喰いの傀儡＋２,食粪者的傀儡＋２,Лялька Лайножера +2,,Кукла Поедателя Отбросов +2,,
260003,Dung Eater Puppet +3,糞喰いの傀儡＋３,食粪者的傀儡＋３,Лялька Лайножера +3,,Кукла Поедателя Отбросов +3,,
260004,Dung Eater Puppet +4,糞喰いの傀儡＋４,食粪者的傀儡＋４,Лялька Лайножера +4,,Кукла Поедателя Отбросов +4,,
260005,Dung Eater Puppet +5,糞喰いの傀儡＋５,食粪者的傀儡＋５,Лялька Лайножера +5,,Кукла Поедателя Отбросов +5,,
260006,Dung Eater Puppet +6,糞喰いの傀儡＋６,食粪者的傀儡＋６,Лялька Лайножера +6,,Кукла Поедателя Отбросов +6,,
260007,Dung Eater Puppet +7,糞喰いの傀儡＋７,食粪者的傀儡＋７,Лялька Лайножера +7,,Кукла Поедателя Отбросов +7,,
260008,Dung Eater Puppet +8,糞喰いの傀儡＋８,食粪者的傀儡＋８,Лялька Лайножера +8,,Кукла Поедателя Отбросов +8,,
260009,Dung Eater Puppet +9,糞喰いの傀儡＋９,食粪者的傀儡＋９,Лялька Лайножера +9,,Кукла Поедателя Отбросов +9,,
260010,Dung Eater Puppet +10,糞喰いの傀儡＋１０,食粪者的傀儡＋１０,Лялька Лайножера +10,,Кукла Поедателя Отбросов +10,,
261000,Finger Maiden Therolina Puppet,指巫女サロリナの傀儡,指头女巫瑟萝莉娜的傀儡,"Лялька Тероліни, служниці Перстів",,"Кукла Теролины, служанки Пальца",,
261001,Finger Maiden Therolina Puppet +1,指巫女サロリナの傀儡＋１,指头女巫瑟萝莉娜的傀儡＋１,"Лялька Тероліни, служниці Перстів +1",,"Кукла Теролины, служанки Пальца +1",,
261002,Finger Maiden Therolina Puppet +2,指巫女サロリナの傀儡＋２,指头女巫瑟萝莉娜的傀儡＋２,"Лялька Тероліни, служниці Перстів +2",,"Кукла Теролины, служанки Пальца +2",,
261003,Finger Maiden Therolina Puppet +3,指巫女サロリナの傀儡＋３,指头女巫瑟萝莉娜的傀儡＋３,"Лялька Тероліни, служниці Перстів +3",,"Кукла Теролины, служанки Пальца +3",,
261004,Finger Maiden Therolina Puppet +4,指巫女サロリナの傀儡＋４,指头女巫瑟萝莉娜的傀儡＋４,"Лялька Тероліни, служниці Перстів +4",,"Кукла Теролины, служанки Пальца +4",,
261005,Finger Maiden Therolina Puppet +5,指巫女サロリナの傀儡＋５,指头女巫瑟萝莉娜的傀儡＋５,"Лялька Тероліни, служниці Перстів +5",,"Кукла Теролины, служанки Пальца +5",,
261006,Finger Maiden Therolina Puppet +6,指巫女サロリナの傀儡＋６,指头女巫瑟萝莉娜的傀儡＋６,"Лялька Тероліни, служниці Перстів +6",,"Кукла Теролины, служанки Пальца +6",,
261007,Finger Maiden Therolina Puppet +7,指巫女サロリナの傀儡＋７,指头女巫瑟萝莉娜的傀儡＋７,"Лялька Тероліни, служниці Перстів +7",,"Кукла Теролины, служанки Пальца +7",,
261008,Finger Maiden Therolina Puppet +8,指巫女サロリナの傀儡＋８,指头女巫瑟萝莉娜的傀儡＋８,"Лялька Тероліни, служниці Перстів +8",,"Кукла Теролины, служанки Пальца +8",,
261009,Finger Maiden Therolina Puppet +9,指巫女サロリナの傀儡＋９,指头女巫瑟萝莉娜的傀儡＋９,"Лялька Тероліни, служниці Перстів +9",,"Кукла Теролины, служанки Пальца +9",,
261010,Finger Maiden Therolina Puppet +10,指巫女サロリナの傀儡＋１０,指头女巫瑟萝莉娜的傀儡＋１０,"Лялька Тероліни, служниці Перстів +10",,"Кукла Теролины, служанки Пальца +10",,
262000,Dolores the Sleeping Arrow Puppet,眠りのドローレスの傀儡,“深眠之箭”朵罗雷丝的傀儡,"Лялька Долорес, Сонливої стріли",,Кукла Долорес Спящая Стрела,,
262001,Dolores the Sleeping Arrow Puppet +1,眠りのドローレスの傀儡＋１,“深眠之箭”朵罗雷丝的傀儡＋１,"Лялька Долорес, Сонливої стріли +1",,Кукла Долорес Спящая Стрела +1,,
262002,Dolores the Sleeping Arrow Puppet +2,眠りのドローレスの傀儡＋２,“深眠之箭”朵罗雷丝的傀儡＋２,"Лялька Долорес, Сонливої стріли +2",,Кукла Долорес Спящая Стрела +2,,
262003,Dolores the Sleeping Arrow Puppet +3,眠りのドローレスの傀儡＋３,“深眠之箭”朵罗雷丝的傀儡＋３,"Лялька Долорес, Сонливої стріли +3",,Кукла Долорес Спящая Стрела +3,,
262004,Dolores the Sleeping Arrow Puppet +4,眠りのドローレスの傀儡＋４,“深眠之箭”朵罗雷丝的傀儡＋４,"Лялька Долорес, Сонливої стріли +4",,Кукла Долорес Спящая Стрела +4,,
262005,Dolores the Sleeping Arrow Puppet +5,眠りのドローレスの傀儡＋５,“深眠之箭”朵罗雷丝的傀儡＋５,"Лялька Долорес, Сонливої стріли +5",,Кукла Долорес Спящая Стрела +5,,
262006,Dolores the Sleeping Arrow Puppet +6,眠りのドローレスの傀儡＋６,“深眠之箭”朵罗雷丝的傀儡＋６,"Лялька Долорес, Сонливої стріли +6",,Кукла Долорес Спящая Стрела +6,,
262007,Dolores the Sleeping Arrow Puppet +7,眠りのドローレスの傀儡＋７,“深眠之箭”朵罗雷丝的傀儡＋７,"Лялька Долорес, Сонливої стріли +7",,Кукла Долорес Спящая Стрела +7,,
262008,Dolores the Sleeping Arrow Puppet +8,眠りのドローレスの傀儡＋８,“深眠之箭”朵罗雷丝的傀儡＋８,"Лялька Долорес, Сонливої стріли +8",,Кукла Долорес Спящая Стрела +8,,
262009,Dolores the Sleeping Arrow Puppet +9,眠りのドローレスの傀儡＋９,“深眠之箭”朵罗雷丝的傀儡＋９,"Лялька Долорес, Сонливої стріли +9",,Кукла Долорес Спящая Стрела +9,,
262010,Dolores the Sleeping Arrow Puppet +10,眠りのドローレスの傀儡＋１０,“深眠之箭”朵罗雷丝的傀儡＋１０,"Лялька Долорес, Сонливої стріли +10",,Кукла Долорес Спящая Стрела +10,,
263000,Jarwight Puppet,壺男の傀儡,壶男的傀儡,Лялька горщиколюда,,Кукла Метателя горшков,,
263001,Jarwight Puppet +1,壺男の傀儡＋１,壶男的傀儡＋１,Лялька горщиколюда +1,,Кукла метателя горшков +1,,
263002,Jarwight Puppet +2,壺男の傀儡＋２,壶男的傀儡＋２,Лялька горщиколюда +2,,Кукла метателя горшков +2,,
263003,Jarwight Puppet +3,壺男の傀儡＋３,壶男的傀儡＋３,Лялька горщиколюда +3,,Кукла метателя горшков +3,,
263004,Jarwight Puppet +4,壺男の傀儡＋４,壶男的傀儡＋４,Лялька горщиколюда +4,,Кукла метателя горшков +4,,
263005,Jarwight Puppet +5,壺男の傀儡＋５,壶男的傀儡＋５,Лялька горщиколюда +5,,Кукла метателя горшков +5,,
263006,Jarwight Puppet +6,壺男の傀儡＋６,壶男的傀儡＋６,Лялька горщиколюда +6,,Кукла метателя горшков +6,,
263007,Jarwight Puppet +7,壺男の傀儡＋７,壶男的傀儡＋７,Лялька горщиколюда +7,,Кукла метателя горшков +7,,
263008,Jarwight Puppet +8,壺男の傀儡＋８,壶男的傀儡＋８,Лялька горщиколюда +8,,Кукла метателя горшков +8,,
263009,Jarwight Puppet +9,壺男の傀儡＋９,壶男的傀儡＋９,Лялька горщиколюда +9,,Кукла метателя горшков +9,,
263010,Jarwight Puppet +10,壺男の傀儡＋１０,壶男的傀儡＋１０,Лялька горщиколюда +10,,Кукла метателя горшков +10,,