ID,Hex,NAME,説明 (日本語-japanese),描述 (中文-chinese),Опис (українська-ukrainian),Beschreibung (deutsch-german),Описание (русский-russian),La description (français-french),설명 (한국어-korean)
12000,2EE0,??,【グール王テスト用】遠距離槍,,[ERROR],,,,
13000,32C8,??,【アニメ確認用】中盾,,[ERROR],,,,
110000,1ADB0,Unarmed,素手,徒手,Без зброї,,Без оружия,,
1000000,F4240,Dagger,ダガー,匕首,Кинджал,,Кинжал,Dague,
1000100,F42A4,Heavy Dagger,重厚なダガー,厚重匕首,Важкий кинджал,,Тяжёлый кинжал,,
1000200,F4308,Keen Dagger,鋭利なダガー,锋利匕首,Стрімкий кинджал,,Острый кинжал,,
1000300,F436C,Quality Dagger,上質なダガー,优质匕首,Якісний кинджал,,Качественный кинжал,,
1000400,F43D0,Fire Dagger,炎のダガー,火焰匕首,Вогняний кинджал,,Огненный кинжал,,
1000500,F4434,Flame Art Dagger,炎術のダガー,焰术匕首,Полум'яний кинджал,,Пылающий кинжал,,
1000600,F4498,Lightning Dagger,雷のダガー,雷电匕首,Блискавковий кинджал,,Громовой кинжал,,
1000700,F44FC,Sacred Dagger,神聖なダガー,神圣匕首,Священний кинджал,,Священный кинжал,,
1000800,F4560,Magic Dagger,魔力のダガー,魔力匕首,Магічний кинджал,,Зачарованный кинжал,,
1000900,F45C4,Cold Dagger,冷たいダガー,寒冷匕首,Морозний кинджал,,Морозный кинжал,,
1001000,F4628,Poison Dagger,毒のダガー,毒匕首,Отруйний кинджал,,Отравленный кинжал,,
1001100,F468C,Blood Dagger,血のダガー,血匕首,Кривавий кинджал,,Кровавый кинжал,,
1001200,F46F0,Occult Dagger,神秘のダガー,神秘匕首,Окультний кинджал,,Оккультный кинжал,,
1010000,F6950,Black Knife,黒き刃,黑刀,Чорний ніж,,Чёрный нож,,
1020000,F9060,Parrying Dagger,パリングダガー,格挡匕首,Кинджал парирування,,Дага,,
1020100,F90C4,Heavy Parrying Dagger,重厚なパリングダガー,厚重格挡匕首,Важкий кинджал парирування,,Тяжёлая дага,,
1020200,F9128,Keen Parrying Dagger,鋭利なパリングダガー,锋利格挡匕首,Стрімкий кинджал парирування,,Острая дага,,
1020300,F918C,Quality Parrying Dagger,上質なパリングダガー,优质格挡匕首,Якісний кинджал парирування,,Качественная дага,,
1020400,F91F0,Fire Parrying Dagger,炎のパリングダガー,火焰格挡匕首,Вогняний кинджал парирування,,Огненная дага,,
1020500,F9254,Flame Art Parrying Dagger,炎術のパリングダガー,焰术格挡匕首,Полум'яний кинджал парирування,,Пылающая дага,,
1020600,F92B8,Lightning Parrying Dagger,雷のパリングダガー,雷电格挡匕首,Блискавковий кинджал парирування,,Громовая дага,,
1020700,F931C,Sacred Parrying Dagger,神聖なパリングダガー,神圣格挡匕首,Священний кинджал парирування,,Священная дага,,
1020800,F9380,Magic Parrying Dagger,魔力のパリングダガー,魔力格挡匕首,Магічний кинджал парирування,,Зачарованная дага,,
1020900,F93E4,Cold Parrying Dagger,冷たいパリングダガー,寒冷格挡匕首,Морозний кинджал парирування,,Морозная дага,,
1021000,F9448,Poison Parrying Dagger,毒のパリングダガー,毒格挡匕首,Отруйний кинджал парирування,,Отравленная дага,,
1021100,F94AC,Blood Parrying Dagger,血のパリングダガー,血格挡匕首,Кривавий кинджал парирування,,Кровавая дага,,
1021200,F9510,Occult Parrying Dagger,神秘のパリングダガー,神秘格挡匕首,Окультний кинджал парирування,,Оккультная дага,,
1030000,FB770,Miséricorde,慈悲の短剣,慈悲短剑,Мізерикордія,,Мизерикорд,,
1030100,FB7D4,Heavy Miséricorde,重厚な慈悲短剣,厚重慈悲短剑,Важка мізерикордія,,Тяжёлый мизерикорд,,
1030200,FB838,Keen Miséricorde,鋭利な慈悲短剣,锋利慈悲短剑,Стрімка мізерикордія,,Острый мизерикорд,,
1030300,FB89C,Quality Miséricorde,上質な慈悲短剣,优质慈悲短剑,Якісна мізерикордія,,Качественный мизерикорд,,
1030400,FB900,Fire Miséricorde,炎の慈悲短剣,火焰慈悲短剑,Вогняна мізерикордія,,Огненный мизерикорд,,
1030500,FB964,Flame Art Miséricorde,炎術の慈悲短剣,焰术慈悲短剑,Полум'яна мізерикордія,,Пылающий мизерикорд,,
1030600,FB9C8,Lightning Miséricorde,雷の慈悲短剣,雷电慈悲短剑,Блискавкова мізерикордія,,Громовой мизерикорд,,
1030700,FBA2C,Sacred Miséricorde,神聖な慈悲短剣,神圣慈悲短剑,Священна мізерикордія,,Священный мизерикорд,,
1030800,FBA90,Magic Miséricorde,魔力の慈悲短剣,魔力慈悲短剑,Магічна мізерикордія,,Зачарованный мизерикорд,,
1030900,FBAF4,Cold Miséricorde,冷たい慈悲短剣,寒冷慈悲短剑,Морозна мізерикордія,,Морозный мизерикорд,,
1031000,FBB58,Poison Miséricorde,毒の慈悲短剣,毒慈悲短剑,Отруйна мізерикордія,,Отравленный мизерикорд,,
1031100,FBBBC,Blood Miséricorde,血の慈悲短剣,血慈悲短剑,Кривава мізерикордія,,Кровавый мизерикорд,,
1031200,FBC20,Occult Miséricorde,神秘の慈悲短剣,神秘慈悲短剑,Окультна мізерикордія,,Оккультный мизерикорд,,
1040000,FDE80,Reduvia,レドゥビア,逆刺,Редувія,,Редувия,,
1050000,100590,Crystal Knife,結晶ナイフ,结晶小刀,Кристалічний ніж,,Кристальный нож,,
1060000,102CA0,Celebrant's Sickle,祝祭の手鎌,庆典小镰刀,Урочистий серп,,Праздничный серп,,
1060100,102D04,Celebrant's Heavy Sickle,重厚な祝祭手鎌,厚重庆典小镰刀,Важкий урочистий серп,,Тяжёлый праздничный серп,,
1060200,102D68,Celebrant's Keen Sickle,鋭利な祝祭手鎌,锋利庆典小镰刀,Стрімкий урочистий серп,,Острый праздничный серп,,
1060300,102DCC,Celebrant's Quality Sickle,上質な祝祭手鎌,优质庆典小镰刀,Якісний урочистий серп,,Качественный праздничный серп,,
1060400,102E30,Celebrant's Fire Sickle,炎の祝祭手鎌,火焰庆典小镰刀,Вогняний урочистий серп,,Огненный праздничный серп,,
1060500,102E94,Celebrant's Flame Art Sickle,炎術の祝祭手鎌,焰术庆典小镰刀,Полум'яний урочистий серп,,Пылающий праздничный серп,,
1060600,102EF8,Celebrant's Lightning Sickle,雷の祝祭手鎌,雷电庆典小镰刀,Блискавковий урочистий серп,,Громовой праздничный серп,,
1060700,102F5C,Celebrant's Sacred Sickle,神聖な祝祭手鎌,神圣庆典小镰刀,Священний урочистий серп,,Священный праздничный серп,,
1060800,102FC0,Celebrant's Magic Sickle,魔力の祝祭手鎌,魔力庆典小镰刀,Магічний урочистий серп,,Зачарованный праздничный серп,,
1060900,103024,Celebrant's Cold Sickle,冷たい祝祭手鎌,寒冷庆典小镰刀,Морозний урочистий серп,,Морозный праздничный серп,,
1061000,103088,Celebrant's Poison Sickle,毒の祝祭手鎌,毒庆典小镰刀,Отруйний урочистий серп,,Отравленный праздничный серп,,
1061100,1030EC,Celebrant's Blood Sickle,血の祝祭手鎌,血庆典小镰刀,Кривавий урочистий серп,,Кровавый праздничный серп,,
1061200,103150,Celebrant's Occult Sickle,神秘の祝祭手鎌,神秘庆典小镰刀,Окультний урочистий серп,,Оккультный праздничный серп,,
1070000,1053B0,Glintstone Kris,輝石のクリス,辉石克力士,Крис із блискаменів,,Крис из блестящих камней,,
1080000,107AC0,Scorpion's Stinger,蠍の針,蝎尾针,Жало скорпіона,,Жало скорпиона,,
1090000,10A1D0,Great Knife,大型ナイフ,单刃小刀,Великий ніж,,Большой нож,,
1090100,10A234,Heavy Great Knife,重厚な大型ナイフ,厚重单刃小刀,Важкий великий ніж,,Тяжёлый большой нож,,
1090200,10A298,Keen Great Knife,鋭利な大型ナイフ,锋利单刃小刀,Стрімкий великий ніж,,Острый большой нож,,
1090300,10A2FC,Quality Great Knife,上質な大型ナイフ,优质单刃小刀,Якісний великий ніж,,Качественный большой нож,,
1090400,10A360,Fire Great Knife,炎の大型ナイフ,火焰单刃小刀,Вогняний великий ніж,,Огненный большой нож,,
1090500,10A3C4,Flame Art Great Knife,炎術の大型ナイフ,焰术单刃小刀,Полум'яний великий ніж,,Пылающий большой нож,,
1090600,10A428,Lightning Great Knife,雷の大型ナイフ,雷电单刃小刀,Блискавковий великий ніж,,Громовой большой нож,,
1090700,10A48C,Sacred Great Knife,神聖な大型ナイフ,神圣单刃小刀,Священний великий ніж,,Священный большой нож,,
1090800,10A4F0,Magic Great Knife,魔力の大型ナイフ,魔力单刃小刀,Магічний великий ніж,,Зачарованный большой нож,,
1090900,10A554,Cold Great Knife,冷たい大型ナイフ,寒冷单刃小刀,Морозний великий ніж,,Морозный большой нож,,
1091000,10A5B8,Poison Great Knife,毒の大型ナイフ,毒单刃小刀,Отруйний великий ніж,,Отравленный большой нож,,
1091100,10A61C,Blood Great Knife,血の大型ナイフ,血单刃小刀,Кривавий великий ніж,,Кровавый большой нож,,
1091200,10A680,Occult Great Knife,神秘の大型ナイフ,神秘单刃小刀,Окультний великий ніж,,Оккультный большой нож,,
1100000,10C8E0,Wakizashi,脇差,胁差,Вакідзаші,,Вакидзаси,,
1100100,10C944,Heavy Wakizashi,重厚な脇差,厚重胁差,Важкий вакідзаші,,Тяжёлый вакидзаси,,
1100200,10C9A8,Keen Wakizashi,鋭利な脇差,锋利胁差,Стрімкий вакідзаші,,Острый вакидзаси,,
1100300,10CA0C,Quality Wakizashi,上質な脇差,优质胁差,Якісний вакідзаші,,Качественный вакидзаси,,
1100400,10CA70,Fire Wakizashi,炎の脇差,火焰胁差,Вогняний вакідзаші,,Огненный вакидзаси,,
1100500,10CAD4,Flame Art Wakizashi,炎術の脇差,焰术胁差,Полум'яний вакідзаші,,Пылающий вакидзаси,,
1100600,10CB38,Lightning Wakizashi,雷の脇差,雷电胁差,Блискавковий вакідзаші,,Громовой вакидзаси,,
1100700,10CB9C,Sacred Wakizashi,神聖な脇差,神圣胁差,Священний вакідзаші,,Священный вакидзаси,,
1100800,10CC00,Magic Wakizashi,魔力の脇差,魔力胁差,Магічний вакідзаші,,Зачарованный вакидзаси,,
1100900,10CC64,Cold Wakizashi,冷たい脇差,寒冷胁差,Морозний вакідзаші,,Морозный вакидзаси,,
1101000,10CCC8,Poison Wakizashi,毒の脇差,毒胁差,Отруйний вакідзаші,,Отравленный вакидзаси,,
1101100,10CD2C,Blood Wakizashi,血の脇差,血胁差,Кривавий вакідзаші,,Кровавый вакидзаси,,
1101200,10CD90,Occult Wakizashi,神秘の脇差,神秘胁差,Окультний вакідзаші,,Оккультный вакидзаси,,
1110000,10EFF0,Cinquedea,チンクエディア,五指剑,Чинкведея,,Чинкуэда,,
1130000,113E10,Ivory Sickle,象牙の手鎌,象牙小镰刀,Серп із бивня,,Серп из слоновой кости,,
1140000,116520,Bloodstained Dagger,血汚れた短刀,染血短刀,Закривавлений кинджал,,Кровавый кинжал,,
1140100,116584,Heavy Bloodstained Dagger,重厚な血汚れ短刀,厚重染血短刀,Важкий закривавлений кинджал,,Тяжёлый кровавый кинжал,,
1140200,1165E8,Keen Bloodstained Dagger,鋭利な血汚れ短刀,锋利染血短刀,Стрімкий закривавлений кинджал,,Острый кровавый кинжал,,
1140300,11664C,Quality Bloodstained Dagger,上質な血汚れ短刀,优质染血短刀,Якісний закривавлений кинджал,,Качественный кровавый кинжал,,
1140400,1166B0,Fire Bloodstained Dagger,炎の血汚れ短刀,火焰染血短刀,Вогняний закривавлений кинджал,,Огненный кровавый кинжал,,
1140500,116714,Flame Art Bloodstained Dagger,炎術の血汚れ短刀,焰术染血短刀,Полум'яний закривавлений кинджал,,Пылающий кровавый кинжал,,
1140600,116778,Lightning Bloodstained Dagger,雷の血汚れ短刀,雷电染血短刀,Блискавковий закривавлений кинджал,,Громовой кровавый кинжал,,
1140700,1167DC,Sacred Bloodstained Dagger,神聖な血汚れ短刀,神圣染血短刀,Священний закривавлений кинджал,,Священный кровавый кинжал,,
1140800,116840,Magic Bloodstained Dagger,魔力の血汚れ短刀,魔力染血短刀,Магічний закривавлений кинджал,,Зачарованный кровавый кинжал,,
1140900,1168A4,Cold Bloodstained Dagger,冷たい血汚れ短刀,寒冷染血短刀,Морозний закривавлений кинджал,,Морозный кровавый кинжал,,
1141000,116908,Poison Bloodstained Dagger,毒の血汚れ短刀,毒染血短刀,Отруйний закривавлений кинджал,,Отравленный кровавый кинжал,,
1141100,11696C,Blood Bloodstained Dagger,血の血汚れ短刀,血染血短刀,Кривавий закривавлений кинджал,,Разрывающий кровавый кинжал,,
1141200,1169D0,Occult Bloodstained Dagger,神秘の血汚れ短刀,神秘染血短刀,Окультний закривавлений кинджал,,Оккультный кровавый кинжал,,
1150000,118C30,Erdsteel Dagger,黄銅の短刀,黄铜短刀,Кинджал із золотої сталі,,Кинжал из эрдстали,,
1150100,118C94,Heavy Erdsteel Dagger,重厚な黄銅短刀,厚重黄铜短刀,Важкий кинджал із золотої сталі,,Тяжёлый кинжал из эрдстали,,
1150200,118CF8,Keen Erdsteel Dagger,鋭利な黄銅短刀,锋利黄铜短刀,Стрімкий кинджал із золотої сталі,,Острый кинжал из эрдстали,,
1150300,118D5C,Quality Erdsteel Dagger,上質な黄銅短刀,优质黄铜短刀,Якісний кинджал із золотої сталі,,Качественный кинжал из эрдстали,,
1150400,118DC0,Fire Erdsteel Dagger,炎の黄銅短刀,火焰黄铜短刀,Вогняний кинджал із золотої сталі,,Огненный кинжал из эрдстали,,
1150500,118E24,Flame Art Erdsteel Dagger,炎術の黄銅短刀,焰术黄铜短刀,Полум'яний кинджал із золотої сталі,,Пылающий кинжал из эрдстали,,
1150600,118E88,Lightning Erdsteel Dagger,雷の黄銅短刀,雷电黄铜短刀,Блискавковий кинджал із золотої сталі,,Громовой кинжал из эрдстали,,
1150700,118EEC,Sacred Erdsteel Dagger,神聖な黄銅短刀,神圣黄铜短刀,Священний кинджал із золотої сталі,,Священный кинжал из эрдстали,,
1150800,118F50,Magic Erdsteel Dagger,魔力の黄銅短刀,魔力黄铜短刀,Магічний кинджал із золотої сталі,,Зачарованный кинжал из эрдстали,,
1150900,118FB4,Cold Erdsteel Dagger,冷たい黄銅短刀,寒冷黄铜短刀,Морозний кинджал із золотої сталі,,Морозный кинжал из эрдстали,,
1151000,119018,Poison Erdsteel Dagger,毒の黄銅短刀,毒黄铜短刀,Отруйний кинджал із золотої сталі,,Отравленный кинжал из эрдстали,,
1151100,11907C,Blood Erdsteel Dagger,血の黄銅短刀,血黄铜短刀,Кривавий кинджал із золотої сталі,,Кровавый кинжал из эрдстали,,
1151200,1190E0,Occult Erdsteel Dagger,神秘の黄銅短刀,神秘黄铜短刀,Окультний кинджал із золотої сталі,,Оккультный кинжал из эрдстали,,
1160000,11B340,Blade of Calling,使命の刃,使命短刀,Клинок поклику,,Клинок зова,,
2000000,1E8480,Longsword,ロングソード,长剑,Довгий меч,,Длинный меч,,
2000100,1E84E4,Heavy Longsword,重厚なロングソード,厚重长剑,Важкий довгий меч,,Тяжелый длинный меч,,
2000200,1E8548,Keen Longsword,鋭利なロングソード,锋利长剑,Стрімкий довгий меч,,Острый длинный меч,,
2000300,1E85AC,Quality Longsword,上質なロングソード,优质长剑,Якісний довгий меч,,Качественный длинный меч,,
2000400,1E8610,Fire Longsword,炎のロングソード,火焰长剑,Вогняний довгий меч,,Огненный длинный меч,,
2000500,1E8674,Flame Art Longsword,炎術のロングソード,焰术长剑,Полум'яний довгий меч,,Пылающий длинный меч,,
2000600,1E86D8,Lightning Longsword,雷のロングソード,雷电长剑,Блискавковий довгий меч,,Громовой длинный меч,,
2000700,1E873C,Sacred Longsword,神聖なロングソード,神圣长剑,Священний довгий меч,,Священный длинный меч,,
2000800,1E87A0,Magic Longsword,魔力のロングソード,魔力长剑,Магічний довгий меч,,Зачарованный длинный меч,,
2000900,1E8804,Cold Longsword,冷たいロングソード,寒冷长剑,Морозний довгий меч,,Морозный длинный меч,,
2001000,1E8868,Poison Longsword,毒のロングソード,毒长剑,Отруйний довгий меч,,Отравленный длинный меч,,
2001100,1E88CC,Bloody Longsword,血のロングソード,血长剑,Кривавий довгий меч,,Окровавленный длинный меч,,
2001200,1E8930,Occult Longsword,神秘のロングソード,神秘长剑,Окультний довгий меч,,Оккультный длинный меч,,
2010000,1EAB90,Short Sword,ショートソード,短剑,Короткий меч,,Короткий меч,,
2010100,1EABF4,Heavy Short Sword,重厚なショートソード,厚重短剑,Важкий короткий меч,,Тяжёлый короткий меч,,
2010200,1EAC58,Keen Short Sword,鋭利なショートソード,锋利短剑,Стрімкий короткий меч,,Острый короткий меч,,
2010300,1EACBC,Quality Short Sword,上質なショートソード,优质短剑,Якісний короткий меч,,Качественный короткий меч,,
2010400,1EAD20,Fire Short Sword,炎のショートソード,火焰短剑,Вогняний короткий меч,,Огненный короткий меч,,
2010500,1EAD84,Flame Art Short Sword,炎術のショートソード,焰术短剑,Полум'яний короткий меч,,Пылающий короткий меч,,
2010600,1EADE8,Lightning Short Sword,雷のショートソード,雷电短剑,Блискавковий короткий меч,,Громовой короткий меч,,
2010700,1EAE4C,Sacred Short Sword,神聖なショートソード,神圣短剑,Священний короткий меч,,Священный короткий меч,,
2010800,1EAEB0,Magic Short Sword,魔力のショートソード,魔力短剑,Магічний короткий меч,,Зачарованный короткий меч,,
2010900,1EAF14,Cold Short Sword,冷たいショートソード,寒冷短剑,Морозний короткий меч,,Морозный короткий меч,,
2011000,1EAF78,Poison Short Sword,毒のショートソード,毒短剑,Отруйний короткий меч,,Отравленный короткий меч,,
2011100,1EAFDC,Blood Short Sword,血のショートソード,血短剑,Кривавий короткий меч,,Кровавый короткий меч,,
2011200,1EB040,Occult Short Sword,神秘のショートソード,神秘短剑,Окультний короткий меч,,Оккультный короткий меч,,
2020000,1ED2A0,Broadsword,ブロードソード,阔剑,Широкий меч,,Палаш,,
2020100,1ED304,Heavy Broadsword,重厚なブロードソード,厚重阔剑,Важкий широкий меч,,Тяжёлый палаш,,
2020200,1ED368,Keen Broadsword,鋭利なブロードソード,锋利阔剑,Стрімкий широкий меч,,Острый палаш,,
2020300,1ED3CC,Quality Broadsword,上質なブロードソード,优质阔剑,Якісний широкий меч,,Качественный палаш,,
2020400,1ED430,Fire Broadsword,炎のブロードソード,火焰阔剑,Вогняний широкий меч,,Огненный палаш,,
2020500,1ED494,Flame Art Broadsword,炎術のブロードソード,焰术阔剑,Полум'яний широкий меч,,Пылающий палаш,,
2020600,1ED4F8,Lightning Broadsword,雷のブロードソード,雷电阔剑,Блискавковий широкий меч,,Громовой палаш,,
2020700,1ED55C,Sacred Broadsword,神聖なブロードソード,神圣阔剑,Священний широкий меч,,Священный палаш,,
2020800,1ED5C0,Magic Broadsword,魔力のブロードソード,魔力阔剑,Магічний широкий меч,,Зачарованный палаш,,
2020900,1ED624,Cold Broadsword,冷たいブロードソード,寒冷阔剑,Морозний широкий меч,,Морозный палаш,,
2021000,1ED688,Poison Broadsword,毒のブロードソード,毒阔剑,Отруйний широкий меч,,Отравленный палаш,,
2021100,1ED6EC,Blood Broadsword,血のブロードソード,血阔剑,Кривавий широкий меч,,Кровавый палаш,,
2021200,1ED750,Occult Broadsword,神秘のブロードソード,神秘阔剑,Окультний широкий меч,,Оккультный палаш,,
2030000,1EF9B0,Royal Soldier Straight Sword,,,,,,,
2040000,1F20C0,Lordsworn's Straight Sword,君主軍の直剣,君王军直剑,Прямий меч присяги,,Армейский меч,,
2040100,1F2124,Lordsworn's Heavy Straight Sword,重厚な君主軍直剣,厚重君王军直剑,Важкий меч присяги,,Тяжёлый армейский меч,,
2040200,1F2188,Lordsworn's Keen Straight Sword,鋭利な君主軍直剣,锋利君王军直剑,Стрімкий меч присяги,,Острый армейский меч,,
2040300,1F21EC,Lordsworn's Quality Straight Sword,上質な君主軍直剣,优质君王军直剑,Якісний меч присяги,,Качественный армейский меч,,
2040400,1F2250,Lordsworn's Fire Straight Sword,炎の君主軍直剣,火焰君王军直剑,Вогняний меч присяги,,Огненный армейский меч,,
2040500,1F22B4,Lordsworn's Flame Art Straight Sword,炎術の君主軍直剣,焰术君王军直剑,Полум'яний меч присяги,,Пылающий армейский меч,,
2040600,1F2318,Lordsworn's Lightning Straight Sword,雷の君主軍直剣,雷电君王军直剑,Блискавковий меч присяги,,Громовой армейский меч,,
2040700,1F237C,Lordsworn's Sacred Straight Sword,神聖な君主軍直剣,神圣君王军直剑,Священний меч присяги,,Священный армейский меч,,
2040800,1F23E0,Lordsworn's Magic Straight Sword,魔力の君主軍直剣,魔力君王军直剑,Магічний меч присяги,,Зачарованный армейский меч,,
2040900,1F2444,Lordsworn's Cold Straight Sword,冷たい君主軍直剣,寒冷君王军直剑,Морозний меч присяги,,Морозный армейский меч,,
2041000,1F24A8,Lordsworn's Poison Straight Sword,毒の君主軍直剣,毒君王军直剑,Отруйний меч присяги,,Отравленный армейский меч,,
2041100,1F250C,Lordsworn's Blood Straight Sword,血の君主軍直剣,血君王军直剑,Кривавий меч присяги,,Кровавый армейский меч,,
2041200,1F2570,Lordsworn's Occult Straight Sword,神秘の君主軍直剣,神秘君王军直剑,Окультний меч присяги,,Оккультный армейский меч,,
2050000,1F47D0,Weathered Straight Sword,古びた直剣,老旧直剑,Давній прямий меч,,Старинный меч,,
2050100,1F4834,Weathered Heavy Straight Sword,重厚な古びた直剣,厚重老旧直剑,Важкий давній меч,,Тяжёлый старинный меч,,
2050200,1F4898,Weathered Keen Straight Sword,鋭利な古びた直剣,锋利老旧直剑,Стрімкий давній меч,,Острый старинный меч,,
2050300,1F48FC,Weathered Quality Straight Sword,上質な古びた直剣,优质老旧直剑,Якісний давній меч,,Качественный старинный меч,,
2050400,1F4960,Weathered Fire Straight Sword,炎の古びた直剣,火焰老旧直剑,Вогняний давній меч,,Огненный старинный меч,,
2050500,1F49C4,Weathered Flame Art Straight Sword,炎術の古びた直剣,焰术老旧直剑,Полум'яний давній меч,,Пылающий старинный меч,,
2050600,1F4A28,Weathered Lightning Straight Sword,雷の古びた直剣,雷电老旧直剑,Блискавковий давній меч,,Громовой старинный меч,,
2050700,1F4A8C,Weathered Sacred Straight Sword,神聖な古びた直剣,神圣老旧直剑,Священний давній меч,,Священный старинный меч,,
2050800,1F4AF0,Weathered Magic Straight Sword,魔力の古びた直剣,魔力老旧直剑,Магічний давній меч,,Зачарованный старинный меч,,
2050900,1F4B54,Weathered Cold Straight Sword,冷たい古びた直剣,寒冷老旧直剑,Морозний давній меч,,Морозный старинный меч,,
2051000,1F4BB8,Weathered Poison Straight Sword,毒の古びた直剣,毒老旧直剑,Отруйний давній меч,,Отравленный армейский меч,,
2051100,1F4C1C,Weathered Blood Straight Sword,血の古びた直剣,血老旧直剑,Кривавий давній меч,,Кровавый старинный меч,,
2051200,1F4C80,Weathered Occult Straight Sword,神秘の古びた直剣,神秘老旧直剑,Окультний давній меч,,Оккультный старинный меч,,
2060000,1F6EE0,Ornamental Straight Sword,儀仗の直剣,仪式直剑,Оздоблений прямий меч,,Узорчатый меч,,
2070000,1F95F0,Golden Epitaph,黄金の墓標,黄金墓碑,Золота епітафія,,Золотая эпитафия,,
2080000,1FBD00,Nox Flowing Sword,ノクスの流体剣,诺克斯流体剑,Плинний меч нокса,,Текучий меч Нокса,,
2090000,1FE410,Inseparable Sword,分かたれぬ双児の剣,紧密孪生剑,Неподільний меч,,Неделимый меч,,
2090100,1FE474,Heavy Inseparable Sword,,,,,,,
2090200,1FE4D8,Keen Inseparable Sword,,,,,,,
2090300,1FE53C,Quality Inseparable Sword,,,,,,,
2090400,1FE5A0,Fire Inseparable Sword,,,,,,,
2090500,1FE604,Flame Art Inseparable Sword,,,,,,,
2090600,1FE668,Lightning Inseparable Sword,,,,,,,
2090700,1FE6CC,Sacred Inseparable Sword,,,,,,,
2090800,1FE730,Magic Inseparable Sword,,,,,,,
2090900,1FE794,Cold Inseparable Sword,,,,,,,
2091000,1FE7F8,Poison Inseparable Sword,,,,,,,
2091100,1FE85C,Blood Inseparable Sword,,,,,,,
2091200,1FE8C0,Occult Inseparable Sword,,,,,,,
2110000,203230,Coded Sword,秘文字の剣,秘文剑,Тайнописний меч,,Тайный меч,,
2140000,20A760,Sword of Night and Flame,夜と炎の剣,夜与火之剑,Меч ночі та полум'я,,Меч ночи и пламени,,
2150000,20CE70,Crystal Sword,結晶剣,结晶剑,Кристалічний меч,,Кристальный меч,,
2180000,2143A0,Carian Knight's Sword,カーリアの騎士剣,卡利亚骑士剑,Меч карійського лицаря,,Меч карианского рыцаря,,
2190000,216AB0,Sword of St. Trina,トリーナの剣,托莉娜剑,Меч св. Тріни,,Меч святой Трины,,
2200000,2191C0,Miquellan Knight's Sword,ミケラの騎士剣,米凯拉骑士剑,Меч лицаря Мікелли,,Меч рыцаря Микеллы,,
2210000,21B8D0,Cane Sword,杖剣,手杖剑,Меч-ціпок,,Меч-трость,,
2210100,21B934,Heavy Cane Sword,重厚な杖剣,厚重手杖剑,Важкий меч-ціпок,,Тяжёлый меч-трость,,
2210200,21B998,Keen Cane Sword,鋭利な杖剣,锋利手杖剑,Стрімкий меч-ціпок,,Острый меч-трость,,
2210300,21B9FC,Quality Cane Sword,上質な杖剣,优质手杖剑,Якісний меч-ціпок,,Качественный меч-трость,,
2210400,21BA60,Fire Cane Sword,炎の杖剣,火焰手杖剑,Вогняний меч-ціпок,,Огненный меч-трость,,
2210500,21BAC4,Flame Art Cane Sword,炎術の杖剣,焰术手杖剑,Полум'яний меч-ціпок,,Пылающий меч-трость,,
2210600,21BB28,Lightning Cane Sword,雷の杖剣,雷电手杖剑,Блискавковий меч-ціпок,,Громовой меч-трость,,
2210700,21BB8C,Sacred Cane Sword,神聖な杖剣,神圣手杖剑,Священний меч-ціпок,,Священный меч-трость,,
2210800,21BBF0,Magic Cane Sword,魔力の杖剣,魔力手杖剑,Магічний меч-ціпок,,Зачарованный меч-трость,,
2210900,21BC54,Cold Cane Sword,冷たい杖剣,寒冷手杖剑,Морозний меч-ціпок,,Морозный меч-трость,,
2211000,21BCB8,Poison Cane Sword,毒の杖剣,毒手杖剑,Отруйний меч-ціпок,,Отравленный меч-трость,,
2211100,21BD1C,Blood Cane Sword,血の杖剣,血手杖剑,Кривавий меч-ціпок,,Кровавый меч-трость,,
2211200,21BD80,Occult Cane Sword,神秘の杖剣,神秘手杖剑,Окультний меч-ціпок,,Оккультный меч-трость,,
2220000,21DFE0,Regalia of Eochaid,エオヒドの宝剣,欧赫宝剑,Регалія Йокайда,,Регалии Эокайда,,
2230000,2206F0,Noble's Slender Sword,貴人の細剣,权贵细身剑,Тонкий меч шляхтича,,Тонкий клинок вельможи,,
2230100,220754,Noble's Heavy Slender Sword,重厚な貴人細剣,厚重权贵细身剑,Важкий меч шляхтича,,Тяжёлый тонкий клинок вельможи,,
2230200,2207B8,Noble's Keen Slender Sword,鋭利な貴人細剣,锋利权贵细身剑,Стрімкий меч шляхтича,,Острый тонкий клинок вельможи,,
2230300,22081C,Noble's Quality Slender Sword,上質な貴人細剣,优质权贵细身剑,Якісний меч шляхтича,,Качественный тонкий клинок вельможи,,
2230400,220880,Noble's Fire Slender Sword,炎の貴人細剣,火焰权贵细身剑,Вогняний меч шляхтича,,Огненный тонкий клинок вельможи,,
2230500,2208E4,Noble's Flame Art Slender Sword,炎術の貴人細剣,焰术权贵细身剑,Полум'яний меч шляхтича,,Пылающий тонкий клинок вельможи,,
2230600,220948,Noble's Lightning Slender Sword,雷の貴人細剣,雷电权贵细身剑,Блискавковий меч шляхтича,,Громовой тонкий клинок вельможи,,
2230700,2209AC,Noble's Sacred Slender Sword,神聖な貴人細剣,神圣权贵细身剑,Священний меч шляхтича,,Священный тонкий клинок вельможи,,
2230800,220A10,Noble's Magic Slender Sword,魔力の貴人細剣,魔力权贵细身剑,Магічний меч шляхтича,,Зачарованный тонкий клинок вельможи,,
2230900,220A74,Noble's Cold Slender Sword,冷たい貴人細剣,寒冷权贵细身剑,Морозний меч шляхтича,,Морозный тонкий клинок вельможи,,
2231000,220AD8,Noble's Poison Slender Sword,毒の貴人細剣,毒权贵细身剑,Отруйний меч шляхтича,,Отравленный тонкий клинок вельможи,,
2231100,220B3C,Noble's Blood Slender Sword,血の貴人細剣,血权贵细身剑,Кривавий меч шляхтича,,Кровавый тонкий клинок вельможи,,
2231200,220BA0,Noble's Occult Slender Sword,神秘の貴人細剣,神秘权贵细身剑,Окультний меч шляхтича,,Оккультный тонкий клинок вельможи,,
2240000,222E00,Warhawk's Talon,戦鷹の爪剣,战鹰爪形剑,Пазур бойового яструба,,Коготь боевого ястреба,,
2240100,222E64,Warhawk's Heavy Talon,重厚な戦鷹爪剣,厚重战鹰爪形剑,Важкий пазур бойового яструба,,Тяжёлый коготь боевого ястреба,,
2240200,222EC8,Warhawk's Keen Talon,鋭利な戦鷹爪剣,锋利战鹰爪形剑,Стрімкий пазур бойового яструба,,Острый коготь боевого ястреба,,
2240300,222F2C,Warhawk's Quality Talon,上質な戦鷹爪剣,优质战鹰爪形剑,Якісний пазур бойового яструба,,Качественный коготь боевого ястреба,,
2240400,222F90,Warhawk's Fire Talon,炎の戦鷹爪剣,火焰战鹰爪形剑,Вогняний пазур бойового яструба,,Огненный коготь боевого ястреба,,
2240500,222FF4,Warhawk's Flame Art Talon,炎術の戦鷹爪剣,焰术战鹰爪形剑,Полум'яний пазур бойового яструба,,Пылающий коготь боевого ястреба,,
2240600,223058,Warhawk's Lightning Talon,雷の戦鷹爪剣,雷电战鹰爪形剑,Блискавковий пазур бойового яструба,,Громовой коготь боевого ястреба,,
2240700,2230BC,Warhawk's Sacred Talon,神聖な戦鷹爪剣,神圣战鹰爪形剑,Священний пазур бойового яструба,,Священный коготь боевого ястреба,,
2240800,223120,Warhawk's Magic Talon,魔力の戦鷹爪剣,魔力战鹰爪形剑,Магічний пазур бойового яструба,,Зачарованный коготь боевого ястреба,,
2240900,223184,Warhawk's Cold Talon,冷たい戦鷹爪剣,寒冷战鹰爪形剑,Морозний пазур бойового яструба,,Морозный коготь боевого ястреба,,
2241000,2231E8,Warhawk's Poison Talon,毒の戦鷹爪剣,毒战鹰爪形剑,Отруйний пазур бойового яструба,,Отравленный коготь боевого ястреба,,
2241100,22324C,Warhawk's Blood Talon,血の戦鷹爪剣,血战鹰爪形剑,Кривавий пазур бойового яструба,,Кровавый коготь боевого ястреба,,
2241200,2232B0,Warhawk's Occult Talon,神秘の戦鷹爪剣,神秘战鹰爪形剑,Окультний пазур бойового яструба,,Оккультный коготь боевого ястреба,,
2250000,225510,Lazuli Glintstone Sword,ラズリの輝石剣,拉兹利辉石剑,Лазуровий меч з блискаменем,,Лазурный блестящий меч,,
2260000,227C20,Rotten Crystal Sword,腐敗した結晶剣,腐败结晶剑,Гнилий кристалічний меч,,Гнилой кристальный меч,,
3000000,2DC6C0,Bastard Sword,バスタードソード,混种大剑,Меч-бастард,,Полуторный меч,,
3000100,2DC724,Heavy Bastard Sword,重厚なバスタードソード,厚重混种大剑,Важкий меч-бастард,,Тяжелый полуторный меч,,
3000200,2DC788,Keen Bastard Sword,鋭利なバスタードソード,锋利混种大剑,Стрімкий меч-бастард,,Острый полуторный меч,,
3000300,2DC7EC,Quality Bastard Sword,上質なバスタードソード,优质混种大剑,Якісний меч-бастард,,Качественный полуторный меч,,
3000400,2DC850,Fire Bastard Sword,炎のバスタードソード,火焰混种大剑,Вогняний меч-бастард,,Огненный полуторный меч,,
3000500,2DC8B4,Flame Art Bastard Sword,炎術のバスタードソード,焰术混种大剑,Полум'яний меч-бастард,,Пылающий полуторный меч,,
3000600,2DC918,Lightning Bastard Sword,雷のバスタードソード,雷电混种大剑,Блискавковий меч-бастард,,Громовой полуторный меч,,
3000700,2DC97C,Sacred Bastard Sword,神聖なバスタードソード,神圣混种大剑,Священний меч-бастард,,Священный полуторный меч,,
3000800,2DC9E0,Magic Bastard Sword,魔力のバスタードソード,魔力混种大剑,Магічний меч-бастард,,Зачарованный полуторный меч,,
3000900,2DCA44,Cold Bastard Sword,冷たいバスタードソード,寒冷混种大剑,Морозний меч-бастард,,Морозный полуторный меч,,
3001000,2DCAA8,Poison Bastard Sword,毒のバスタードソード,毒混种大剑,Отруйний меч-бастард,,Отравленный полуторный меч,,
3001100,2DCB0C,Bloody Bastard Sword,血のバスタードソード,血混种大剑,Кривавий меч-бастард,,Окровавленный полуторный меч,,
3001200,2DCB70,Occult Bastard Sword,神秘のバスタードソード,神秘混种大剑,Окультний меч-бастард,,Оккультный полуторный меч,,
3010000,2DEDD0,Forked Greatsword,二又の大剣,分岔大剑,Роздвоєний великий меч,,Раздвоенный двуручник,,
3010100,2DEE34,Heavy Forked Greatsword,重厚な二又大剣,厚重分岔大剑,Важкий роздвоєний великий меч,,Тяжёлый раздвоенный двуручник,,
3010200,2DEE98,Keen Forked Greatsword,鋭利な二又大剣,锋利分岔大剑,Стрімкий роздвоєний великий меч,,Острый раздвоенный двуручник,,
3010300,2DEEFC,Quality Forked Greatsword,上質な二又大剣,优质分岔大剑,Якісний роздвоєний великий меч,,Качественный раздвоенный двуручник,,
3010400,2DEF60,Fire Forked Greatsword,炎の二又大剣,火焰分岔大剑,Вогняний роздвоєний великий меч,,Огненный раздвоенный двуручник,,
3010500,2DEFC4,Flame Art Forked Greatsword,炎術の二又大剣,焰术分岔大剑,Полум'яний роздвоєний великий меч,,Пылающий раздвоенный двуручник,,
3010600,2DF028,Lightning Forked Greatsword,雷の二又大剣,雷电分岔大剑,Блискавковий роздвоєний великий меч,,Громовой раздвоенный двуручник,,
3010700,2DF08C,Sacred Forked Greatsword,神聖な二又大剣,神圣分岔大剑,Священний роздвоєний великий меч,,Священный раздвоенный двуручник,,
3010800,2DF0F0,Magic Forked Greatsword,魔力の二又大剣,魔力分岔大剑,Магічний роздвоєний великий меч,,Зачарованный раздвоенный двуручник,,
3010900,2DF154,Cold Forked Greatsword,冷たい二又大剣,寒冷分岔大剑,Морозний роздвоєний великий меч,,Морозный раздвоенный двуручник,,
3011000,2DF1B8,Poison Forked Greatsword,毒の二又大剣,毒分岔大剑,Отруйний роздвоєний великий меч,,Отравленный раздвоенный двуручник,,
3011100,2DF21C,Blood Forked Greatsword,血の二又大剣,血分岔大剑,Кривавий роздвоєний великий меч,,Окровавленный раздвоенный двуручник,,
3011200,2DF280,Occult Forked Greatsword,神秘の二又大剣,神秘分岔大剑,Окультний роздвоєний великий меч,,Оккультный раздвоенный двуручник,,
3020000,2E14E0,Iron Greatsword,鉄の大剣,铁制大剑,Залізний великий меч,,Железный двуручник,,
3020100,2E1544,Heavy Iron Greatsword,重厚な鉄大剣,厚重铁制大剑,Важкий залізний великий меч,,Тяжёлый железный двуручник,,
3020200,2E15A8,Keen Iron Greatsword,鋭利な鉄大剣,锋利铁制大剑,Стрімкий залізний великий меч,,Острый железный двуручник,,
3020300,2E160C,Quality Iron Greatsword,上質な鉄大剣,优质铁制大剑,Якісний залізний великий меч,,Качественный железный двуручник,,
3020400,2E1670,Fire Iron Greatsword,炎の鉄大剣,火焰铁制大剑,Вогняний залізний великий меч,,Огненный железный двуручник,,
3020500,2E16D4,Flame Art Iron Greatsword,炎術の鉄大剣,焰术铁制大剑,Полум'яний залізний великий меч,,Пылающий железный двуручник,,
3020600,2E1738,Lightning Iron Greatsword,雷の鉄大剣,雷电铁制大剑,Блискавковий залізний великий меч,,Громовой железный двуручник,,
3020700,2E179C,Sacred Iron Greatsword,神聖な鉄大剣,神圣铁制大剑,Священний залізний великий меч,,Священный железный двуручник,,
3020800,2E1800,Magic Iron Greatsword,魔力の鉄大剣,魔力铁制大剑,Магічний залізний великий меч,,Зачарованный железный двуручник,,
3020900,2E1864,Cold Iron Greatsword,冷たい鉄大剣,寒冷铁制大剑,Морозний залізний великий меч,,Морозный железный двуручник,,
3021000,2E18C8,Poison Iron Greatsword,毒の鉄大剣,毒铁制大剑,Отруйний залізний великий меч,,Отравленный железный двуручник,,
3021100,2E192C,Blood Iron Greatsword,血の鉄大剣,血铁制大剑,Кривавий залізний великий меч,,Кровавый железный двуручник,,
3021200,2E1990,Occult Iron Greatsword,神秘の鉄大剣,神秘铁制大剑,Окультний залізний великий меч,,Оккультный железный двуручник,,
3030000,2E3BF0,Lordsworn's Greatsword,君主軍の大剣,君王军大剑,Великий меч присяги,,Армейский двуручник,,
3030100,2E3C54,Lordsworn's Heavy Greatsword,重厚な君主軍大剣,厚重君王军大剑,Важкий великий меч присяги,,Тяжёлый армейский двуручник,,
3030200,2E3CB8,Lordsworn's Keen Greatsword,鋭利な君主軍大剣,锋利君王军大剑,Стрімкий великий меч присяги,,Острый армейский двуручник,,
3030300,2E3D1C,Lordsworn's Quality Greatsword,上質な君主軍大剣,优质君王军大剑,Якісний великий меч присяги,,Качественный армейский двуручник,,
3030400,2E3D80,Lordsworn's Fire Greatsword,炎の君主軍大剣,火焰君王军大剑,Вогняний великий меч присяги,,Огненный армейский двуручник,,
3030500,2E3DE4,Lordsworn's Flame Art Greatsword,炎術の君主軍大剣,焰术君王军大剑,Полум'яний великий меч присяги,,Пылающий армейский двуручник,,
3030600,2E3E48,Lordsworn's Lightning Greatsword,雷の君主軍大剣,雷电君王军大剑,Блискавковий великий меч присяги,,Громовой армейский двуручник,,
3030700,2E3EAC,Lordsworn's Sacred Greatsword,神聖な君主軍大剣,神圣君王军大剑,Священний великий меч присяги,,Священный армейский двуручник,,
3030800,2E3F10,Lordsworn's Magic Greatsword,魔力の君主軍大剣,魔力君王军大剑,Магічний великий меч присяги,,Зачарованный армейский двуручник,,
3030900,2E3F74,Lordsworn's Cold Greatsword,冷たい君主軍大剣,寒冷君王军大剑,Морозний великий меч присяги,,Морозный армейский двуручник,,
3031000,2E3FD8,Lordsworn's Poison Greatsword,毒の君主軍大剣,毒君王军大剑,Отруйний великий меч присяги,,Отравленный армейский двуручник,,
3031100,2E403C,Lordsworn's Blood Greatsword,血の君主軍大剣,血君王军大剑,Кривавий великий меч присяги,,Кровавый армейский двуручник,,
3031200,2E40A0,Lordsworn's Occult Greatsword,神秘の君主軍大剣,神秘君王军大剑,Окультний великий меч присяги,,Оккультный армейский двуручник,,
3040000,2E6300,Knight's Greatsword,騎士大剣,骑士大剑,Великий меч лицаря,,Двуручник рыцаря,,
3040100,2E6364,Knight's Heavy Greatsword,重厚な騎士大剣,厚重骑士大剑,Важкий великий меч лицаря,,Тяжёлый двуручник рыцаря,,
3040200,2E63C8,Knight's Keen Greatsword,鋭利な騎士大剣,锋利骑士大剑,Стрімкий великий меч лицаря,,Острый двуручник рыцаря,,
3040300,2E642C,Knight's Quality Greatsword,上質な騎士大剣,优质骑士大剑,Якісний великий меч лицаря,,Качественный двуручник рыцаря,,
3040400,2E6490,Knight's Fire Greatsword,炎の騎士大剣,火焰骑士大剑,Вогняний великий меч лицаря,,Огненный двуручник рыцаря,,
3040500,2E64F4,Knight's Flame Art Greatsword,炎術の騎士大剣,焰术骑士大剑,Полум'яний великий меч лицаря,,Пылающий двуручник рыцаря,,
3040600,2E6558,Knight's Lightning Greatsword,雷の騎士大剣,雷电骑士大剑,Блискавковий великий меч лицаря,,Громовой двуручник рыцаря,,
3040700,2E65BC,Knight's Sacred Greatsword,神聖な騎士大剣,神圣骑士大剑,Священний великий меч лицаря,,Священный двуручник рыцаря,,
3040800,2E6620,Knight's Magic Greatsword,魔力の騎士大剣,魔力骑士大剑,Магічний великий меч лицаря,,Зачарованный двуручник рыцаря,,
3040900,2E6684,Knight's Cold Greatsword,冷たい騎士大剣,寒冷骑士大剑,Морозний великий меч лицаря,,Морозный двуручник рыцаря,,
3041000,2E66E8,Knight's Poison Greatsword,毒の騎士大剣,毒骑士大剑,Отруйний великий меч лицаря,,Отравленный двуручник рыцаря,,
3041100,2E674C,Knight's Blood Greatsword,血の騎士大剣,血骑士大剑,Кривавий великий меч лицаря,,Кровавый двуручник рыцаря,,
3041200,2E67B0,Knight's Occult Greatsword,神秘の騎士大剣,神秘骑士大剑,Окультний великий меч лицаря,,Оккультный двуручник рыцаря,,
3050000,2E8A10,Flamberge,フランベルジュ,焰形大剑,Фламберг,,Фламберг,,
3050100,2E8A74,Heavy Flamberge,重厚なフランベルジュ,厚重焰形大剑,Важкий фламберг,,Тяжёлый фламберг,,
3050200,2E8AD8,Keen Flamberge,鋭利なフランベルジュ,锋利焰形大剑,Стрімкий фламберг,,Острый фламберг,,
3050300,2E8B3C,Quality Flamberge,上質なフランベルジュ,优质焰形大剑,Якісний фламберг,,Качественный фламберг,,
3050400,2E8BA0,Fire Flamberge,炎のフランベルジュ,火焰焰形大剑,Вогняний фламберг,,Огненный фламберг,,
3050500,2E8C04,Flame Art Flamberge,炎術のフランベルジュ,焰术焰形大剑,Полум'яний фламберг,,Пылающий фламберг,,
3050600,2E8C68,Lightning Flamberge,雷のフランベルジュ,雷电焰形大剑,Блискавковий фламберг,,Громовой фламберг,,
3050700,2E8CCC,Sacred Flamberge,神聖なフランベルジュ,神圣焰形大剑,Священний фламберг,,Священный фламберг,,
3050800,2E8D30,Magic Flamberge,魔力のフランベルジュ,魔力焰形大剑,Магічний фламберг,,Зачарованный фламберг,,
3050900,2E8D94,Cold Flamberge,冷たいフランベルジュ,寒冷焰形大剑,Морозний фламберг,,Морозный фламберг,,
3051000,2E8DF8,Poison Flamberge,毒のフランベルジュ,毒焰形大剑,Отруйний фламберг,,Ядовитый фламберг,,
3051100,2E8E5C,Blood Flamberge,血のフランベルジュ,血焰形大剑,Кривавий фламберг,,Кровавый фламберг,,
3051200,2E8EC0,Occult Flamberge,神秘のフランベルジュ,神秘焰形大剑,Окультний фламберг,,Оккультный фламберг,,
3060000,2EB120,Ordovis's Greatsword,オルドビスの大剣,奥陶琵斯大剑,Великий меч Ордовіса,,Двуручный меч Ордовиса,,
3070000,2ED830,Alabaster Lord's Sword,白王の剣,白王剑,Меч алабастрового володаря,,Меч алебастрового повелителя,,
3080000,2EFF40,Banished Knight's Greatsword,失地騎士の大剣,失乡骑士大剑,Великий меч лицаря-вигнанця,,Двуручник рыцаря-изгнанника,,
3080100,2EFFA4,Banished Knight's Heavy Greatsword,重厚な失地騎士大剣,厚重失乡骑士大剑,Важкий великий меч лицаря-вигнанця,,Тяжёлый двуручник рыцаря-изгнанника,,
3080200,2F0008,Banished Knight's Keen Greatsword,鋭利な失地騎士大剣,锋利失乡骑士大剑,Стрімкий великий меч лицаря-вигнанця,,Острый двуручник рыцаря-изгнанника,,
3080300,2F006C,Banished Knight's Quality Greatsword,上質な失地騎士大剣,优质失乡骑士大剑,Якісний великий меч лицаря-вигнанця,,Качественный двуручник рыцаря-изгнанника,,
3080400,2F00D0,Banished Knight's Fire Greatsword,炎の失地騎士大剣,火焰失乡骑士大剑,Вогняний великий меч лицаря-вигнанця,,Огненный двуручник рыцаря-изгнанника,,
3080500,2F0134,Banished Knight's Flame Art Greatsword,炎術の失地騎士大剣,焰术失乡骑士大剑,Полум'яний великий меч лицаря-вигнанця,,Пылающий двуручник рыцаря-изгнанника,,
3080600,2F0198,Banished Knight's Lightning Greatsword,雷の失地騎士大剣,雷电失乡骑士大剑,Блискавковий великий меч лицаря-вигнанця,,Громовой двуручник рыцаря-изгнанника,,
3080700,2F01FC,Banished Knight's Sacred Greatsword,神聖な失地騎士大剣,神圣失乡骑士大剑,Священний великий меч лицаря-вигнанця,,Священный двуручник рыцаря-изгнанника,,
3080800,2F0260,Banished Knight's Magic Greatsword,魔力の失地騎士大剣,魔力失乡骑士大剑,Магічний великий меч лицаря-вигнанця,,Зачарованный двуручник рыцаря-изгнанника,,
3080900,2F02C4,Banished Knight's Cold Greatsword,冷たい失地騎士大剣,寒冷失乡骑士大剑,Морозний великий меч лицаря-вигнанця,,Морозный двуручник рыцаря-изгнанника,,
3081000,2F0328,Banished Knight's Poison Greatsword,毒の失地騎士大剣,毒失乡骑士大剑,Отруйний великий меч лицаря-вигнанця,,Отравленный двуручник рыцаря-изгнанника,,
3081100,2F038C,Banished Knight's Blood Greatsword,血の失地騎士大剣,血失乡骑士大剑,Кривавий великий меч лицаря-вигнанця,,Кровавый двуручник рыцаря-изгнанника,,
3081200,2F03F0,Banished Knight's Occult Greatsword,神秘の失地騎士大剣,神秘失乡骑士大剑,Окультний великий меч лицаря-вигнанця,,Оккультный двуручник рыцаря-изгнанника,,
3090000,2F2650,Dark Moon Greatsword,暗月の大剣,暗月大剑,Великий меч темного місяця,,Двуручник тёмной луны,,
3100000,2F4D60,Sacred Relic Sword,神の遺剣,神躯化剑,Священний меч-реліквія,,Меч священной реликвии,,
3130000,2FC290,Helphen's Steeple,ヘルフェンの尖塔,赫芬尖塔剑,Шпиль Гелфена,,Шпиль Хелфена,,
3140000,2FE9A0,Blasphemous Blade,冒涜の聖剣,亵渎圣剑,Меч блюзнірства,,Богохульный клинок,,
3150000,3010B0,Marais Executioner's Sword,マレー家の執行剣,玛雷家行刑剑,Меч ката Маре,,Меч палача Марэ,,
3160000,3037C0,Sword of Milos,ミエロスの剣,灭洛斯剑,Меч Мілоса,,Меч Милоса,,
3160100,303824,Heavy Sword of Milos,,,,,,,
3160200,303888,Keen Sword of Milos,,,,,,,
3160300,3038EC,Quality Sword of Milos,,,,,,,
3160400,303950,Fire Sword of Milos,,,,,,,
3160500,3039B4,Flame Art Sword of Milos,,,,,,,
3160600,303A18,Lightning Sword of Milos,,,,,,,
3160700,303A7C,Sacred Sword of Milos,,,,,,,
3160800,303AE0,Magic Sword of Milos,,,,,,,
3160900,303B44,Cold Sword of Milos,,,,,,,
3161000,303BA8,Poison Sword of Milos,,,,,,,
3161100,303C0C,Blood Sword of Milos,,,,,,,
3161200,303C70,Occult Sword of Milos,,,,,,,
3170000,305ED0,Golden Order Greatsword,黄金律の大剣,黄金律法大剑,Великий меч Золотого устрою,,Двуручник Золотого порядка,,
3180000,3085E0,Claymore,クレイモア,大剑,Клеймор,,Клеймор,,
3180100,308644,Heavy Claymore,重厚なクレイモア,厚重大剑,Важкий клеймор,,Тяжёлый клеймор,,
3180200,3086A8,Keen Claymore,鋭利なクレイモア,锋利大剑,Стрімкий клеймор,,Острый клеймор,,
3180300,30870C,Quality Claymore,上質なクレイモア,优质大剑,Якісний клеймор,,Качественной клеймор,,
3180400,308770,Fire Claymore,炎のクレイモア,火焰大剑,Вогняний клеймор,,Огненный клеймор,,
3180500,3087D4,Flame Art Claymore,炎術のクレイモア,焰术大剑,Полум'яний клеймор,,Пылающий клеймор,,
3180600,308838,Lightning Claymore,雷のクレイモア,雷电大剑,Блискавковий клеймор,,Громовой клеймор,,
3180700,30889C,Sacred Claymore,神聖なクレイモア,神圣大剑,Священний клеймор,,Священный клеймор,,
3180800,308900,Magic Claymore,魔力のクレイモア,魔力大剑,Магічний клеймор,,Зачарованный клеймор,,
3180900,308964,Cold Claymore,冷たいクレイモア,寒冷大剑,Морозний клеймор,,Морозный клеймор,,
3181000,3089C8,Poison Claymore,毒のクレイモア,毒大剑,Отруйний клеймор,,Отравленный клеймор,,
3181100,308A2C,Blood Claymore,血のクレイモア,血大剑,Кривавий клеймор,,Кровавый клеймор,,
3181200,308A90,Occult Claymore,神秘のクレイモア,神秘大剑,Окультний клеймор,,Оккультный клеймор,,
3190000,30ACF0,Gargoyle's Greatsword,ガーゴイルの大剣,石像鬼大剑,Великий меч гаргульї,,Двуручник горгульи,,
3190100,30AD54,Gargoyle's Heavy Greatsword,重厚なガーゴイル大剣,厚重石像鬼大剑,Важкий великий меч гаргульї,,Тяжёлый двуручник горгульи,,
3190200,30ADB8,Gargoyle's Keen Greatsword,鋭利なガーゴイル大剣,锋利石像鬼大剑,Стрімкий великий меч гаргульї,,Острый двуручник горгульи,,
3190300,30AE1C,Gargoyle's Quality Greatsword,上質なガーゴイル大剣,优质石像鬼大剑,Якісний великий меч гаргульї,,Качественный двуручник горгульи,,
3190400,30AE80,Gargoyle's Fire Greatsword,炎のガーゴイル大剣,火焰石像鬼大剑,Вогняний великий меч гаргульї,,Огненный двуручник горгульи,,
3190500,30AEE4,Gargoyle's Flame Art Greatsword,炎術のガーゴイル大剣,焰术石像鬼大剑,Полум'яний великий меч гаргульї,,Пылающий двуручник горгульи,,
3190600,30AF48,Gargoyle's Lightning Greatsword,雷のガーゴイル大剣,雷电石像鬼大剑,Блискавковий великий меч гаргульї,,Громовой двуручник горгульи,,
3190700,30AFAC,Gargoyle's Sacred Greatsword,神聖なガーゴイル大剣,神圣石像鬼大剑,Священний великий меч гаргульї,,Священный двуручник горгульи,,
3190800,30B010,Gargoyle's Magic Greatsword,魔力のガーゴイル大剣,魔力石像鬼大剑,Магічний великий меч гаргульї,,Зачарованный двуручник горгульи,,
3190900,30B074,Gargoyle's Cold Greatsword,冷たいガーゴイル大剣,寒冷石像鬼大剑,Морозний великий меч гаргульї,,Морозный двуручник горгульи,,
3191000,30B0D8,Gargoyle's Poison Greatsword,毒のガーゴイル大剣,毒石像鬼大剑,Отруйний великий меч гаргульї,,Отравленный двуручник горгульи,,
3191100,30B13C,Gargoyle's Blood Greatsword,血のガーゴイル大剣,血石像鬼大剑,Кривавий великий меч гаргульї,,Кровавый двуручник горгульи,,
3191200,30B1A0,Gargoyle's Occult Greatsword,神秘のガーゴイル大剣,神秘石像鬼大剑,Окультний великий меч гаргульї,,Оккультный двуручник горгульи,,
3200000,30D400,Death's Poker,死かき棒,死亡钩棒,Коцюба смерті,,Жезл смерти,,
3210000,30FB10,Gargoyle's Blackblade,ガーゴイルの黒剣,石像鬼黑剑,Чорник клинок гаргульї,,Чёрный клинок горгульи,,
3210100,30FB74,Heavy Gargoyle's Blackblade,,,,,,,
3210200,30FBD8,Keen Gargoyle's Blackblade,,,,,,,
3210300,30FC3C,Quality Gargoyle's Blackblade,,,,,,,
3210400,30FCA0,Fire Gargoyle's Blackblade,,,,,,,
3210500,30FD04,Flame Art Gargoyle's Blackblade,,,,,,,
3210600,30FD68,Lightning Gargoyle's Blackblade,,,,,,,
3210700,30FDCC,Sacred Gargoyle's Blackblade,,,,,,,
3210800,30FE30,Magic Gargoyle's Blackblade,,,,,,,
3210900,30FE94,Cold Gargoyle's Blackblade,,,,,,,
3211000,30FEF8,Poison Gargoyle's Blackblade,,,,,,,
3211100,30FF5C,Blood Gargoyle's Blackblade,,,,,,,
3211200,30FFC0,Occult Gargoyle's Blackblade,,,,,,,
4000000,3D0900,Greatsword,グレートソード,巨剑,Великий меч,,Двуручный меч,,
4000100,3D0964,Heavy Greatsword,重厚なグレートソード,厚重巨剑,Важкий великий меч,,Тяжёлый двуручник,,
4000200,3D09C8,Keen Greatsword,鋭利なグレートソード,锋利巨剑,Стрімкий великий меч,,Острый двуручник,,
4000300,3D0A2C,Quality Greatsword,上質なグレートソード,优质巨剑,Якісний великий меч,,Качественный двуручник,,
4000400,3D0A90,Fire Greatsword,炎のグレートソード,火焰巨剑,Вогняний великий меч,,Огненный двуручник,,
4000500,3D0AF4,Flame Art Greatsword,炎術のグレートソード,焰术巨剑,Полум'яний великий меч,,Пылающий двуручник,,
4000600,3D0B58,Lightning Greatsword,雷のグレートソード,雷电巨剑,Блискавковий великий меч,,Громовой двуручник,,
4000700,3D0BBC,Sacred Greatsword,神聖なグレートソード,神圣巨剑,Священний великий меч,,Священный двуручник,,
4000800,3D0C20,Magic Greatsword,魔力のグレートソード,魔力巨剑,Магічний великий меч,,Зачарованный двуручник,,
4000900,3D0C84,Cold Greatsword,冷たいグレートソード,寒冷巨剑,Морозний великий меч,,Морозный двуручник,,
4001000,3D0CE8,Poison Greatsword,毒のグレートソード,毒巨剑,Отруйний великий меч,,Отравленный двуручник,,
4001100,3D0D4C,Blood Greatsword,血のグレートソード,血巨剑,Кривавий великий меч,,Кровавый двуручник,,
4001200,3D0DB0,Occult Greatsword,神秘のグレートソード,神秘巨剑,Окультний великий меч,,Оккультный двуручник,,
4010000,3D3010,Watchdog's Greatsword,番犬の大剣,看门犬大剑,Великий меч вартового пса,,Двуручник цербера,,
4010100,3D3074,Watchdog's Heavy Greatsword,重厚な番犬大剣,厚重看门犬大剑,Важкий великий меч вартового пса,,Тяжёлый двуручник цербера,,
4010200,3D30D8,Watchdog's Keen Greatsword,鋭利な番犬大剣,锋利看门犬大剑,Стрімкий великий меч вартового пса,,Острый двуручник цербера,,
4010300,3D313C,Watchdog's Quality Greatsword,上質な番犬大剣,优质看门犬大剑,Якісний великий меч вартового пса,,Качественный двуручник цербера,,
4010400,3D31A0,Watchdog's Fire Greatsword,炎の番犬大剣,火焰看门犬大剑,Вогняний великий меч вартового пса,,Огненный двуручник цербера,,
4010500,3D3204,Watchdog's Flame Art Greatsword,炎術の番犬大剣,焰术看门犬大剑,Полум'яний великий меч вартового пса,,Пылающий двуручник цербера,,
4010600,3D3268,Watchdog's Lightning Greatsword,雷の番犬大剣,雷电看门犬大剑,Блискавковий великий меч вартового пса,,Громовой двуручник цербера,,
4010700,3D32CC,Watchdog's Sacred Greatsword,神聖な番犬大剣,神圣看门犬大剑,Священний великий меч вартового пса,,Священный двуручник цербера,,
4010800,3D3330,Watchdog's Magic Greatsword,魔力の番犬大剣,魔力看门犬大剑,Магічний великий меч вартового пса,,Зачарованный двуручник цербера,,
4010900,3D3394,Watchdog's Cold Greatsword,冷たい番犬大剣,寒冷看门犬大剑,Морозний великий меч вартового пса,,Морозный двуручник цербера,,
4011000,3D33F8,Watchdog's Poison Greatsword,毒の番犬大剣,毒看门犬大剑,Отруйний великий меч вартового пса,,Отравленный двуручник цербера,,
4011100,3D345C,Watchdog's Blood Greatsword,血の番犬大剣,血看门犬大剑,Кривавий великий меч вартового пса,,Кровавый двуручник цербера,,
4011200,3D34C0,Watchdog's Occult Greatsword,神秘の番犬大剣,神秘看门犬大剑,Окультний великий меч вартового пса,,Оккультный двуручник цербера,,
4020000,3D5720,Maliketh's Black Blade,マリケスの黒き剣,玛利喀斯的黑剑,Чорний клинок Малікета,,Чёрный клинок Маликета,,
4030000,3D7E30,Troll's Golden Sword,トロルの黄金剣,山妖黄金剑,Золотий меч троля,,Золотой меч тролля,,
4030100,3D7E94,Troll's Golden Heavy Sword,重厚なトロル黄金剣,厚重山妖黄金剑,Важкий золотий меч троля,,Тяжёлый золотой меч тролля,,
4030200,3D7EF8,Troll's Golden Keen Sword,鋭利なトロル黄金剣,锋利山妖黄金剑,Стрімкий золотий меч троля,,Острый золотой меч тролля,,
4030300,3D7F5C,Troll's Golden Quality Sword,上質なトロル黄金剣,优质山妖黄金剑,Якісний золотий меч троля,,Качественный золотой меч тролля,,
4030400,3D7FC0,Troll's Golden Fire Sword,炎のトロル黄金剣,火焰山妖黄金剑,Вогняний золотий меч троля,,Огненный золотой меч тролля,,
4030500,3D8024,Troll's Golden Flame Art Sword,炎術のトロル黄金剣,焰术山妖黄金剑,Полум'яний золотий меч троля,,Пылающий золотой меч тролля,,
4030600,3D8088,Troll's Golden Lightning Sword,雷のトロル黄金剣,雷电山妖黄金剑,Блискавковий золотий меч троля,,Громовой золотой меч тролля,,
4030700,3D80EC,Troll's Golden Sacred Sword,神聖なトロル黄金剣,神圣山妖黄金剑,Священний золотий меч троля,,Священный золотой меч тролля,,
4030800,3D8150,Troll's Golden Magic Sword,魔力のトロル黄金剣,魔力山妖黄金剑,Магічний золотий меч троля,,Зачарованный золотой меч тролля,,
4030900,3D81B4,Troll's Golden Cold Sword,冷たいトロル黄金剣,寒冷山妖黄金剑,Морозний золотий меч троля,,Морозный золотой меч тролля,,
4031000,3D8218,Troll's Golden Poison Sword,毒のトロル黄金剣,毒山妖黄金剑,Отруйний золотий меч троля,,Отравленный золотой меч тролля,,
4031100,3D827C,Troll's Golden Blood Sword,血のトロル黄金剣,血山妖黄金剑,Кривавий золотий меч троля,,Кровавый золотой меч тролля,,
4031200,3D82E0,Troll's Golden Occult Sword,神秘のトロル黄金剣,神秘山妖黄金剑,Окультний золотий меч троля,,Оккультный золотой меч тролля,,
4040000,3DA540,Zweihander,ツヴァイヘンダー,双手巨剑,Цвайгендер,,Цвайхендер,,
4040100,3DA5A4,Heavy Zweihander,重厚なツヴァイヘンダー,厚重双手巨剑,Важкий цвайгендер,,Тяжёлый цвайхендер,,
4040200,3DA608,Keen Zweihander,鋭利なツヴァイヘンダー,锋利双手巨剑,Стрімкий цвайгендер,,Острый цвайхендер,,
4040300,3DA66C,Quality Zweihander,上質なツヴァイヘンダー,优质双手巨剑,Якісний цвайгендер,,Качественный цвайхендер,,
4040400,3DA6D0,Fire Zweihander,炎のツヴァイヘンダー,火焰双手巨剑,Вогняний цвайгендер,,Огненный цвайхендер,,
4040500,3DA734,Flame Art Zweihander,炎術のツヴァイヘンダー,焰术双手巨剑,Полум'яний цвайгендер,,Пылающий цвайхендер,,
4040600,3DA798,Lightning Zweihander,雷のツヴァイヘンダー,雷电双手巨剑,Блискавковий цвайгендер,,Громовой цвайхендер,,
4040700,3DA7FC,Sacred Zweihander,神聖なツヴァイヘンダー,神圣双手巨剑,Священний цвайгендер,,Священный цвайхендер,,
4040800,3DA860,Magic Zweihander,魔力のツヴァイヘンダー,魔力双手巨剑,Магічний цвайгендер,,Зачарованный цвайхендер,,
4040900,3DA8C4,Cold Zweihander,冷たいツヴァイヘンダー,寒冷双手巨剑,Морозний цвайгендер,,Морозный цвайхендер,,
4041000,3DA928,Poison Zweihander,毒のツヴァイヘンダー,毒双手巨剑,Отруйний цвайгендер,,Отравленный цвайхендер,,
4041100,3DA98C,Blood Zweihander,血のツヴァイヘンダー,血双手巨剑,Кривавий цвайгендер,,Окровавленный цвайхендер,,
4050000,3DCC50,Starscourge Greatsword,星砕きの大剣,碎星大剑,Великий меч Бича зірок,,Двуручник Бича Звёзд,,
4060000,3DF360,Royal Greatsword,王家のグレートソード,王室巨剑,Королівський великий меч,,Королевский двуручник,,
4070000,3E1A70,Godslayer's Greatsword,神狩りの剣,狩猎神祇大剑,Великий меч боговбивці,,Двуручник богоубийцы,,
4080000,3E4180,Ruins Greatsword,遺跡の大剣,遗迹大剑,Великий меч руїн,,Двуручник руин,,
4100000,3E8FA0,Grafted Blade Greatsword,剣接ぎの大剣,剑骸大剑,Великий меч сполучених клинків,,Двуручник с гибридным клинком,,
4110000,3EB6B0,Troll Knight's Sword,トロルの騎士剣,山妖骑士剑,Меч лицаря-троля,,Заколдованный меч великана,,
5000000,4C4B40,Estoc,エストック,刺剑,Есток,,Эсток,,
5000100,4C4BA4,Heavy Estoc,重厚なエストック,厚重刺剑,Важкий есток,,Тяжёлый эсток,,
5000200,4C4C08,Keen Estoc,鋭利なエストック,锋利刺剑,Стрімкий есток,,Острый эсток,,
5000300,4C4C6C,Quality Estoc,上質なエストック,优质刺剑,Якісний есток,,Качественный эсток,,
5000400,4C4CD0,Fire Estoc,炎のエストック,火焰刺剑,Вогняний есток,,Огненный эсток,,
5000500,4C4D34,Flame Art Estoc,炎術のエストック,焰术刺剑,Полум'яний есток,,Пылающий эсток,,
5000600,4C4D98,Lightning Estoc,雷のエストック,雷电刺剑,Блискавковий есток,,Громовой эсток,,
5000700,4C4DFC,Sacred Estoc,神聖なエストック,神圣刺剑,Священний есток,,Священный эсток,,
5000800,4C4E60,Magic Estoc,魔力のエストック,魔力刺剑,Магічний есток,,Зачарованный эсток,,
5000900,4C4EC4,Cold Estoc,冷たいエストック,寒冷刺剑,Морозний есток,,Морозный эсток,,
5001000,4C4F28,Poison Estoc,毒のエストック,毒刺剑,Отруйний есток,,Отравленный эсток,,
5001100,4C4F8C,Blood Estoc,血のエストック,血刺剑,Кривавий есток,,Кровавый эсток,,
5001200,4C4FF0,Occult Estoc,神秘のエストック,神秘刺剑,Окультний есток,,Оккультный эсток,,
5010000,4C7250,Cleanrot Knight's Sword,貴腐騎士の剣,尊腐骑士剑,Меч лицаря чистогнилі,,Меч рыцаря чистой гнили,,
5010100,4C72B4,Cleanrot Knight's Heavy Sword,重厚な貴腐騎士剣,厚重尊腐骑士剑,Важкий меч лицаря чистогнилі,,Тяжёлый меч рыцаря чистой гнили,,
5010200,4C7318,Cleanrot Knight's Keen Sword,鋭利な貴腐騎士剣,锋利尊腐骑士剑,Стрімкий меч лицаря чистогнилі,,Острый меч рыцаря чистой гнили,,
5010300,4C737C,Cleanrot Knight's Quality Sword,上質な貴腐騎士剣,优质尊腐骑士剑,Якісний меч лицаря чистогнилі,,Качественный меч рыцаря чистой гнили,,
5010400,4C73E0,Cleanrot Knight's Fire Sword,炎の貴腐騎士剣,火焰尊腐骑士剑,Вогняний меч лицаря чистогнилі,,Огненный меч рыцаря чистой гнили,,
5010500,4C7444,Cleanrot Knight's Flame Art Sword,炎術の貴腐騎士剣,焰术尊腐骑士剑,Полум'яний меч лицаря чистогнилі,,Пылающий меч рыцаря чистой гнили,,
5010600,4C74A8,Cleanrot Knight's Lightning Sword,雷の貴腐騎士剣,雷电尊腐骑士剑,Блискавковий меч лицаря чистогнилі,,Громовой меч рыцаря чистой гнили,,
5010700,4C750C,Cleanrot Knight's Sacred Sword,神聖な貴腐騎士剣,神圣尊腐骑士剑,Священний меч лицаря чистогнилі,,Священный меч рыцаря чистой гнили,,
5010800,4C7570,Cleanrot Knight's Magic Sword,魔力の貴腐騎士剣,魔力尊腐骑士剑,Магічний меч лицаря чистогнилі,,Зачарованный меч рыцаря чистой гнили,,
5010900,4C75D4,Cleanrot Knight's Cold Sword,冷たい貴腐騎士剣,寒冷尊腐骑士剑,Морозний меч лицаря чистогнилі,,Морозный меч рыцаря чистой гнили,,
5011000,4C7638,Cleanrot Knight's Poison Sword,毒の貴腐騎士剣,毒尊腐骑士剑,Отруйний меч лицаря чистогнилі,,Отравленный меч рыцаря чистой гнили,,
5011100,4C769C,Cleanrot Knight's Blood Sword,血の貴腐騎士剣,血尊腐骑士剑,Кривавий меч лицаря чистогнилі,,Кровавый меч рыцаря чистой гнили,,
5011200,4C7700,Cleanrot Knight's Occult Sword,神秘の貴腐騎士剣,神秘尊腐骑士剑,Окультний меч лицаря чистогнилі,,Оккультный меч рыцаря чистой гнили,,
5020000,4C9960,Rapier,レイピア,细剑,Рапіра,,Рапира,,
5020100,4C99C4,Heavy Rapier,重厚なレイピア,厚重细剑,Важка рапіра,,Тяжёлая рапира,,
5020200,4C9A28,Keen Rapier,鋭利なレイピア,锋利细剑,Стрімка рапіра,,Острая рапира,,
5020300,4C9A8C,Quality Rapier,上質なレイピア,优质细剑,Якісна рапіра,,Качественная  рапира,,
5020400,4C9AF0,Fire Rapier,炎のレイピア,火焰细剑,Вогняна рапіра,,Огненная рапира,,
5020500,4C9B54,Flame Art Rapier,炎術のレイピア,焰术细剑,Полум'яна рапіра,,Пылающая рапира,,
5020600,4C9BB8,Lightning Rapier,雷のレイピア,雷电细剑,Блискавкова рапіра,,Громовая рапира,,
5020700,4C9C1C,Sacred Rapier,神聖なレイピア,神圣细剑,Священна рапіра,,Священная рапира,,
5020800,4C9C80,Magic Rapier,魔力のレイピア,魔力细剑,Магічна рапіра,,Зачарованная рапира,,
5020900,4C9CE4,Cold Rapier,冷たいレイピア,寒冷细剑,Морозна рапіра,,Морозная рапира,,
5021000,4C9D48,Poison Rapier,毒のレイピア,毒细剑,Отруйна рапіра,,Отравленная рапира,,
5021100,4C9DAC,Blood Rapier,血のレイピア,血细剑,Кривава рапіра,,Кровавая рапира,,
5021200,4C9E10,Occult Rapier,神秘のレイピア,神秘细剑,Окультна рапіра,,Оккультная рапира,,
5030000,4CC070,Rogier's Rapier,ロジェールの刺剣,罗杰尔刺剑,Рапіра Роджера,,Рапира Рожера,,
5030100,4CC0D4,Rogier's Heavy Rapier,重厚なロジェール刺剣,厚重罗杰尔刺剑,Важка рапіра Роджера,,Тяжёлая рапира Рожера,,
5030200,4CC138,Rogier's Keen Rapier,鋭利なロジェール刺剣,锋利罗杰尔刺剑,Стрімка рапіра Роджера,,Острая рапира Рожера,,
5030300,4CC19C,Rogier's Quality Rapier,上質なロジェール刺剣,优质罗杰尔刺剑,Якісна рапіра Роджера,,Качественная рапира Рожера,,
5030400,4CC200,Rogier's Fire Rapier,炎のロジェール刺剣,火焰罗杰尔刺剑,Вогняна рапіра Роджера,,Огненная рапира Рожера,,
5030500,4CC264,Rogier's Flame Art Rapier,炎術のロジェール刺剣,焰术罗杰尔刺剑,Полум'яна рапіра Роджера,,Пылающая рапира Рожера,,
5030600,4CC2C8,Rogier's Lightning Rapier,雷のロジェール刺剣,雷电罗杰尔刺剑,Блискавкова рапіра Роджера,,Громовая рапира Рожера,,
5030700,4CC32C,Rogier's Sacred Rapier,神聖なロジェール刺剣,神圣罗杰尔刺剑,Священна рапіра Роджера,,Священная рапира Рожера,,
5030800,4CC390,Rogier's Magic Rapier,魔力のロジェール刺剣,魔力罗杰尔刺剑,Магічна рапіра Роджера,,Зачарованная рапира Рожера,,
5030900,4CC3F4,Rogier's Cold Rapier,冷たいロジェール刺剣,寒冷罗杰尔刺剑,Морозна рапіра Роджера,,Морозная рапира Рожера,,
5031000,4CC458,Rogier's Poison Rapier,毒のロジェール刺剣,毒罗杰尔刺剑,Отруйна рапіра Роджера,,Отравленная рапира Рожера,,
5031100,4CC4BC,Rogier's Blood Rapier,血のロジェール刺剣,血罗杰尔刺剑,Кривава рапіра Роджера,,Кровавая рапира Рожера,,
5031200,4CC520,Rogier's Occult Rapier,神秘のロジェール刺剣,神秘罗杰尔刺剑,Окультна рапіра Роджера,,Оккультная рапира Рожера,,
5040000,4CE780,Antspur Rapier,蟻棘のレイピア,蚁刺细剑,Рапіра з мурашиної шпори,,Рапира с муравьиными шипами,,
5040100,4CE7E4,Heavy Antspur Rapier,重厚な蟻棘レイピア,厚重蚁刺细剑,Важка рапіра з мурашиної шпори,,Тяжёлая рапира с муравьиными шипами,,
5040200,4CE848,Keen Antspur Rapier,鋭利な蟻棘レイピア,锋利蚁刺细剑,Стрімка рапіра з мурашиної шпори,,Острая рапира с муравьиными шипами,,
5040300,4CE8AC,Quality Antspur Rapier,上質な蟻棘レイピア,优质蚁刺细剑,Якісна рапіра з мурашиної шпори,,Качеств. рапира с муравьиными шипами,,
5040400,4CE910,Fire Antspur Rapier,炎の蟻棘レイピア,火焰蚁刺细剑,Вогняна рапіра з мурашиної шпори,,Огненная рапира с муравьиными шипами,,
5040500,4CE974,Flame Art Antspur Rapier,炎術の蟻棘レイピア,焰术蚁刺细剑,Полум'яна рапіра з мурашиної шпори,,Пылающая рапира с муравьиными шипами,,
5040600,4CE9D8,Lightning Antspur Rapier,雷の蟻棘レイピア,雷电蚁刺细剑,Блискавкова рапіра з мурашиної шпори,,Громовая рапира с муравьиными шипами,,
5040700,4CEA3C,Sacred Antspur Rapier,神聖な蟻棘レイピア,神圣蚁刺细剑,Священна рапіра з мурашиної шпори,,Священная рапира с муравьиными шипами,,
5040800,4CEAA0,Magic Antspur Rapier,魔力の蟻棘レイピア,魔力蚁刺细剑,Магічна рапіра з мурашиної шпори,,Зачаров. рапира с муравьиными шипами,,
5040900,4CEB04,Cold Antspur Rapier,冷たい蟻棘レイピア,寒冷蚁刺细剑,Морозна рапіра з мурашиної шпори,,Морозная рапира с муравьиными шипами,,
5041000,4CEB68,Poison Antspur Rapier,毒の蟻棘レイピア,毒蚁刺细剑,Отруйна рапіра з мурашиної шпори,,Отравлен. рапира с муравьиными шипами,,
5041100,4CEBCC,Blood Antspur Rapier,血の蟻棘レイピア,血蚁刺细剑,Кривава рапіра з мурашиної шпори,,Кровавая рапира с муравьиными шипами,,
5041200,4CEC30,Occult Antspur Rapier,神秘の蟻棘レイピア,神秘蚁刺细剑,Окультна рапіра з мурашиної шпори,,Оккультная рапира с муравьиными шипами,,
5050000,4D0E90,Frozen Needle,氷結の針,结冰针,Морозна голка,,Ледяная игла,,
5060000,4D35A0,Noble's Estoc,貴人のエストック,权贵刺剑,Есток шляхтича,,Рапира вельможи,,
5060100,4D3604,Noble's Heavy Estoc,重厚な貴人エストック,厚重权贵刺剑,Важкий есток шляхтича,,Тяжёлый эсток вельможи,,
5060200,4D3668,Noble's Keen Estoc,鋭利な貴人エストック,锋利权贵刺剑,Стрімкий есток шляхтича,,Острый эсток вельможи,,
5060300,4D36CC,Noble's Quality Estoc,上質な貴人エストック,优质权贵刺剑,Якісний есток шляхтича,,Качественный эсток вельможи,,
5060400,4D3730,Noble's Fire Estoc,炎の貴人エストック,火焰权贵刺剑,Вогняний есток шляхтича,,Огненный эсток вельможи,,
5060500,4D3794,Noble's Flame Art Estoc,炎術の貴人エストック,焰术权贵刺剑,Полум'яний есток шляхтича,,Пылающий эсток вельможи,,
5060600,4D37F8,Noble's Lightning Estoc,雷の貴人エストック,雷电权贵刺剑,Блискавковий есток шляхтича,,Громовой эсток вельможи,,
5060700,4D385C,Noble's Sacred Estoc,神聖な貴人エストック,神圣权贵刺剑,Священний есток шляхтича,,Священный эсток вельможи,,
5060800,4D38C0,Noble's Magic Estoc,魔力の貴人エストック,魔力权贵刺剑,Магічний есток шляхтича,,Зачарованный эсток вельможи,,
5060900,4D3924,Noble's Cold Estoc,冷たい貴人エストック,寒冷权贵刺剑,Морозний есток шляхтича,,Морозный эсток вельможи,,
5061000,4D3988,Noble's Poison Estoc,毒の貴人エストック,毒权贵刺剑,Отруйний есток шляхтича,,Отравленный эсток вельможи,,
5061100,4D39EC,Noble's Blood Estoc,血の貴人エストック,血权贵刺剑,Кривавий есток шляхтича,,Кровавая рапира вельможи,,
5061200,4D3A50,Noble's Occult Estoc,神秘の貴人エストック,神秘权贵刺剑,Окультний есток шляхтича,,Оккультный эсток вельможи,,
6000000,5B8D80,Bloody Helice,血のヘリケー,鲜血旋流,Кривавий гвинт,,Окровавленный винт,,
6010000,5BB490,Godskin Stitcher,神肌縫い,神皮缝针,Богошкірний зшивач,,Сшиватель божественной кожи,,
6010100,5BB4F4,Heavy Godskin Stitcher,重厚な神肌縫い,厚重神皮缝针,Важкий богошкірний зшивач,,Тяжёлый сшиватель божественной кожи,,
6010200,5BB558,Keen Godskin Stitcher,鋭利な神肌縫い,锋利神皮缝针,Стрімкий богошкірний зшивач,,Острый сшиватель божественной кожи,,
6010300,5BB5BC,Quality Godskin Stitcher,上質な神肌縫い,优质神皮缝针,Якісний богошкірний зшивач,,Качеств. сшиватель божественной кожи,,
6010400,5BB620,Fire Godskin Stitcher,炎の神肌縫い,火焰神皮缝针,Вогняний богошкірний зшивач,,Огненный сшиватель божественной кожи,,
6010500,5BB684,Flame Art Godskin Stitcher,炎術の神肌縫い,焰术神皮缝针,Полум'яний богошкірний зшивач,,Пылающий сшиватель божественной кожи,,
6010600,5BB6E8,Lightning Godskin Stitcher,雷の神肌縫い,雷电神皮缝针,Блискавковий богошкірний зшивач,,Громовой сшиватель божественной кожи,,
6010700,5BB74C,Sacred Godskin Stitcher,神聖な神肌縫い,神圣神皮缝针,Священний богошкірний зшивач,,Священный сшиватель божественной кожи,,
6010800,5BB7B0,Magic Godskin Stitcher,魔力の神肌縫い,魔力神皮缝针,Магічний богошкірний зшивач,,Зачаров. сшиватель божественной кожи,,
6010900,5BB814,Cold Godskin Stitcher,冷たい神肌縫い,寒冷神皮缝针,Морозний богошкірний зшивач,,Морозный сшиватель божественной кожи,,
6011000,5BB878,Poison Godskin Stitcher,毒の神肌縫い,毒神皮缝针,Отруйний богошкірний зшивач,,Отравл. сшиватель божественной кожи,,
6011100,5BB8DC,Blood Godskin Stitcher,血の神肌縫い,血神皮缝针,Кривавий богошкірний зшивач,,Кровавый сшиватель божественной кожи,,
6011200,5BB940,Occult Godskin Stitcher,神秘の神肌縫い,神秘神皮缝针,Окультний богошкірний зшивач,,Оккультный сшиватель божественной кожи,,
6020000,5BDBA0,Great Épée,グレート・エペ,大重剑,Велика шпага,,Большая шпага,,
6020100,5BDC04,Heavy Great Épée,重厚なグレート・エペ,厚重大重剑,Важка велика шпага,,Тяжёлая большая шпага,,
6020200,5BDC68,Keen Great Épée,鋭利なグレート・エペ,锋利大重剑,Стрімка велика шпага,,Острая большая шпага,,
6020300,5BDCCC,Quality Great Épée,上質なグレート・エペ,优质大重剑,Якісна велика шпага,,Качественная большая шпага,,
6020400,5BDD30,Fire Great Épée,炎のグレート・エペ,火焰大重剑,Вогняна велика шпага,,Огненная большая шпага,,
6020500,5BDD94,Flame Art Great Épée,炎術のグレート・エペ,焰术大重剑,Полум'яна велика шпага,,Пылающая большая шпага,,
6020600,5BDDF8,Lightning Great Épée,雷のグレート・エペ,雷电大重剑,Блискавкова велика шпага,,Громовая большая шпага,,
6020700,5BDE5C,Sacred Great Épée,神聖なグレート・エペ,神圣大重剑,Священна велика шпага,,Священная большая шпага,,
6020800,5BDEC0,Magic Great Épée,魔力のグレート・エペ,魔力大重剑,Магічна велика шпага,,Зачарованная большая шпага,,
6020900,5BDF24,Cold Great Épée,冷たいグレート・エペ,寒冷大重剑,Морозна велика шпага,,Морозная большая шпага,,
6021000,5BDF88,Poison Great Épée,毒のグレート・エペ,毒大重剑,Отруйна велика шпага,,Отравленная большая шпага,,
6021100,5BDFEC,Blood Great Épée,血のグレート・エペ,血大重剑,Кривава велика шпага,,Кровавая большая шпага,,
6021200,5BE050,Occult Great Épée,神秘のグレート・エペ,神秘大重剑,Окультна велика шпага,,Оккультная большая шпага,,
6040000,5C29C0,Dragon King's Cragblade,竜王の岩剣,龙王岩剑,Кам'яний клинко короля драконів,,Каменный меч короля драконов,,
7000000,6ACFC0,Falchion,ファルシオン,弯刃大刀,Фальшіон,,Фальшион,,
7000100,6AD024,Heavy Falchion,重厚なファルシオン,厚重弯刃大刀,Важкий фальшіон,,Тяжёлый фальшион,,
7000200,6AD088,Keen Falchion,鋭利なファルシオン,锋利弯刃大刀,Стрімкий фальшіон,,Острый фальшион,,
7000300,6AD0EC,Quality Falchion,上質なファルシオン,优质弯刃大刀,Якісний фальшіон,,Качественный фальшион,,
7000400,6AD150,Fire Falchion,炎のファルシオン,火焰弯刃大刀,Вогняний фальшіон,,Огненный фальшион,,
7000500,6AD1B4,Flame Art Falchion,炎術のファルシオン,焰术弯刃大刀,Полум'яний фальшіон,,Пылающий фальшион,,
7000600,6AD218,Lightning Falchion,雷のファルシオン,雷电弯刃大刀,Блискавковий фальшіон,,Громовой фальшион,,
7000700,6AD27C,Sacred Falchion,神聖なファルシオン,神圣弯刃大刀,Священний фальшіон,,Священный фальшион,,
7000800,6AD2E0,Magic Falchion,魔力のファルシオン,魔力弯刃大刀,Магічний фальшіон,,Зачарованный фальшион,,
7000900,6AD344,Cold Falchion,冷たいファルシオン,寒冷弯刃大刀,Морозний фальшіон,,Морозный фальшион,,
7001000,6AD3A8,Poison Falchion,毒のファルシオン,毒弯刃大刀,Отруйний фальшіон,,Отравленный фальшион,,
7001100,6AD40C,Blood Falchion,血のファルシオン,血弯刃大刀,Кривавий фальшіон,,Кровавый фальшион,,
7001200,6AD470,Occult Falchion,神秘のファルシオン,神秘弯刃大刀,Окультний фальшіон,,Оккультный фальшион,,
7010000,6AF6D0,Beastman's Curved Sword,獣人の曲刀,兽人弯刀,Вигнутий меч звіролюда,,Изогнутый меч зверочеловека,,
7010100,6AF734,Beastman's Heavy Curved Sword,重厚な獣人曲刀,厚重兽人弯刀,Важкий вигнутий меч звіролюда,,Тяжёлый изогнутый меч зверочеловека,,
7010200,6AF798,Beastman's Keen Curved Sword,鋭利な獣人曲刀,锋利兽人弯刀,Стрімкий вигнутий меч звіролюда,,Острый изогнутый меч зверочеловека,,
7010300,6AF7FC,Beastman's Quality Curved Sword,上質な獣人曲刀,优质兽人弯刀,Якісний вигнутий меч звіролюда,,Качественный изогнутый меч зверочеловека,,
7010400,6AF860,Beastman's Fire Curved Sword,炎の獣人曲刀,火焰兽人弯刀,Вогняний вигнутий меч звіролюда,,Огненный изогнутый меч зверочеловека,,
7010500,6AF8C4,Beastman's Flame Art Curved Sword,炎術の獣人曲刀,焰术兽人弯刀,Полум'яний вигнутий меч звіролюда,,Пылающий изогнутый меч зверочеловека,,
7010600,6AF928,Beastman's Lightning Curved Sword,雷の獣人曲刀,雷电兽人弯刀,Блискавковий вигнутий меч звіролюда,,Громовой изогнутый меч зверочеловека,,
7010700,6AF98C,Beastman's Sacred Curved Sword,神聖な獣人曲刀,神圣兽人弯刀,Священний вигнутий меч звіролюда,,Священный изогнутый меч зверочеловека,,
7010800,6AF9F0,Beastman's Magic Curved Sword,魔力の獣人曲刀,魔力兽人弯刀,Магічний вигнутий меч звіролюда,,Зачарованный изогнутый меч зверочеловека,,
7010900,6AFA54,Beastman's Cold Curved Sword,冷たい獣人曲刀,寒冷兽人弯刀,Морозний вигнутий меч звіролюда,,Морозный изогнутый меч зверочеловека,,
7011000,6AFAB8,Beastman's Poison Curved Sword,毒の獣人曲刀,毒兽人弯刀,Отруйний вигнутий меч звіролюда,,Отравленный изогнутый меч зверочеловека,,
7011100,6AFB1C,Beastman's Blood Curved Sword,血の獣人曲刀,血兽人弯刀,Кривавий вигнутий меч звіролюда,,Кровавый изогнутый меч зверочеловека,,
7011200,6AFB80,Beastman's Occult Curved Sword,神秘の獣人曲刀,神秘兽人弯刀,Окультний вигнутий меч звіролюда,,Оккультный изогнутый меч зверочеловека,,
7020000,6B1DE0,Shotel,ショーテル,钩剑,Шотел,,Шотель,,
7020100,6B1E44,Heavy Shotel,重厚なショーテル,厚重钩剑,Важкий шотел,,Тяжёлый шотель,,
7020200,6B1EA8,Keen Shotel,鋭利なショーテル,锋利钩剑,Стрімкий шотел,,Острый шотель,,
7020300,6B1F0C,Quality Shotel,上質なショーテル,优质钩剑,Якісний шотел,,Качественный шотель,,
7020400,6B1F70,Fire Shotel,炎のショーテル,火焰钩剑,Вогняний шотел,,Огненный шотель,,
7020500,6B1FD4,Flame Art Shotel,炎術のショーテル,焰术钩剑,Полум'яний шотел,,Пылающий шотель,,
7020600,6B2038,Lightning Shotel,雷のショーテル,雷电钩剑,Блискавковий шотел,,Громовой шотель,,
7020700,6B209C,Sacred Shotel,神聖なショーテル,神圣钩剑,Священний шотел,,Священный шотель,,
7020800,6B2100,Magic Shotel,魔力のショーテル,魔力钩剑,Магічний шотел,,Зачарованный шотель,,
7020900,6B2164,Cold Shotel,冷たいショーテル,寒冷钩剑,Морозний шотел,,Морозный шотель,,
7021000,6B21C8,Poison Shotel,毒のショーテル,毒钩剑,Отруйний шотел,,Отравленный шотель,,
7021100,6B222C,Blood Shotel,血のショーテル,血钩剑,Кривавий шотел,,Кровавый шотель,,
7021200,6B2290,Occult Shotel,神秘のショーテル,神秘钩剑,Окультний шотел,,Оккультный шотель,,
7030000,6B44F0,Shamshir,シャムシール,赛施尔长刀,Шамшир,,Шамшир,,
7030100,6B4554,Heavy Shamshir,重厚なシャムシール,厚重赛施尔长刀,Важкий шамшир,,Тяжёлый шамшир,,
7030200,6B45B8,Keen Shamshir,鋭利なシャムシール,锋利赛施尔长刀,Стрімкий шамшир,,Острый шамшир,,
7030300,6B461C,Quality Shamshir,上質なシャムシール,优质赛施尔长刀,Якісний шамшир,,Качественный шамшир,,
7030400,6B4680,Fire Shamshir,炎のシャムシール,火焰赛施尔长刀,Вогняний шамшир,,Огненный шамшир,,
7030500,6B46E4,Flame Art Shamshir,炎術のシャムシール,焰术赛施尔长刀,Полум'яний шамшир,,Пылающий шамшир,,
7030600,6B4748,Lightning Shamshir,雷のシャムシール,雷电赛施尔长刀,Блискавковий шамшир,,Громовой шамшир,,
7030700,6B47AC,Sacred Shamshir,神聖なシャムシール,神圣赛施尔长刀,Священний шамшир,,Священный шамшир,,
7030800,6B4810,Magic Shamshir,魔力のシャムシール,魔力赛施尔长刀,Магічний шамшир,,Зачарованный шамшир,,
7030900,6B4874,Cold Shamshir,冷たいシャムシール,寒冷赛施尔长刀,Морозний шамшир,,Морозный шамшир,,
7031000,6B48D8,Poison Shamshir,毒のシャムシール,毒赛施尔长刀,Отруйний шамшир,,Отравленный шамшир,,
7031100,6B493C,Blood Shamshir,血のシャムシール,血赛施尔长刀,Кривавий шамшир,,Кровавый шамшир,,
7031200,6B49A0,Occult Shamshir,神秘のシャムシール,神秘赛施尔长刀,Окультний шамшир,,Оккультный шамшир,,
7040000,6B6C00,Bandit's Curved Sword,山賊の湾刀,山贼弯刀,Вигнутий меч бандита,,Изогнутый меч бандита,,
7040100,6B6C64,Bandit's Heavy Curved Sword,重厚な山賊湾刀,厚重山贼弯刀,Важкий вигнутий меч бандита,,Тяжёлый изогнутый меч бандита,,
7040200,6B6CC8,Bandit's Keen Curved Sword,鋭利な山賊湾刀,锋利山贼弯刀,Стрімкий вигнутий меч бандита,,Острый изогнутый меч бандита,,
7040300,6B6D2C,Bandit's Quality Curved Sword,上質な山賊湾刀,优质山贼弯刀,Якісний вигнутий меч бандита,,Качественный изогнутый меч бандита,,
7040400,6B6D90,Bandit's Fire Curved Sword,炎の山賊湾刀,火焰山贼弯刀,Вогняний вигнутий меч бандита,,Огненный изогнутый меч бандита,,
7040500,6B6DF4,Bandit's Flame Art Curved Sword,炎術の山賊湾刀,焰术山贼弯刀,Полум'яний вигнутий меч бандита,,Пылающий изогнутый меч бандита,,
7040600,6B6E58,Bandit's Lightning Curved Sword,雷の山賊湾刀,雷电山贼弯刀,Блискавковий вигнутий меч бандита,,Громовой изогнутый меч бандита,,
7040700,6B6EBC,Bandit's Sacred Curved Sword,神聖な山賊湾刀,神圣山贼弯刀,Священний вигнутий меч бандита,,Священный изогнутый меч бандита,,
7040800,6B6F20,Bandit's Magic Curved Sword,魔力の山賊湾刀,魔力山贼弯刀,Магічний вигнутий меч бандита,,Зачарованный изогнутый меч бандита,,
7040900,6B6F84,Bandit's Cold Curved Sword,冷たい山賊湾刀,寒冷山贼弯刀,Морозний вигнутий меч бандита,,Морозный изогнутый меч бандита,,
7041000,6B6FE8,Bandit's Poison Curved Sword,毒の山賊湾刀,毒山贼弯刀,Отруйний вигнутий меч бандита,,Отравленный изогнутый меч бандита,,
7041100,6B704C,Bandit's Blood Curved Sword,血の山賊湾刀,血山贼弯刀,Кривавий вигнутий меч бандита,,Кровавый изогнутый меч бандита,,
7041200,6B70B0,Bandit's Occult Curved Sword,神秘の山賊湾刀,神秘山贼弯刀,Окультний вигнутий меч бандита,,Оккультный изогнутый меч бандита,,
7050000,6B9310,Magma Blade,溶岩刀,熔岩刀,Магмовий клинок,,Лавовый клинок,,
7060000,6BBA20,Flowing Curved Sword,流水の曲剣,流水曲剑,Плинний вигнутий меч,,Текучий изогнутый меч,,
7060100,6BBA84,Flowing Heavy Curved Sword,重厚な流水曲剣,厚重流水曲剑,Важкий плинний вигнутий меч,,Тяжёлый текучий изогнутый меч,,
7060200,6BBAE8,Flowing Keen Curved Sword,鋭利な流水曲剣,锋利流水曲剑,Стрімкий плинний вигнутий меч,,Острый текучий изогнутый меч,,
7060300,6BBB4C,Flowing Quality Curved Sword,上質な流水曲剣,优质流水曲剑,Якісний плинний вигнутий меч,,Качественный текучий изогнутый меч,,
7060400,6BBBB0,Flowing Fire Curved Sword,炎の流水曲剣,火焰流水曲剑,Вогняний плинний вигнутий меч,,Огненный текучий изогнутый меч,,
7060500,6BBC14,Flowing Flame Art Curved Sword,炎術の流水曲剣,焰术流水曲剑,Полум'яний плинний вигнутий меч,,Пылающий текучий изогнутый меч,,
7060600,6BBC78,Flowing Lightning Curved Sword,雷の流水曲剣,雷电流水曲剑,Блискавковий плинний вигнутий меч,,Громовой текучий изогнутый меч,,
7060700,6BBCDC,Flowing Sacred Curved Sword,神聖な流水曲剣,神圣流水曲剑,Священний плинний вигнутий меч,,Священный текучий изогнутый меч,,
7060800,6BBD40,Flowing Magic Curved Sword,魔力の流水曲剣,魔力流水曲剑,Магічний плинний вигнутий меч,,Зачарованный текучий изогнутый меч,,
7060900,6BBDA4,Flowing Cold Curved Sword,冷たい流水曲剣,寒冷流水曲剑,Морозний плинний вигнутий меч,,Морозный текучий изогнутый меч,,
7061000,6BBE08,Flowing Poison Curved Sword,毒の流水曲剣,毒流水曲剑,Отруйний плинний вигнутий меч,,Отравленный текучий изогнутый меч,,
7061100,6BBE6C,Flowing Blood Curved Sword,血の流水曲剣,血流水曲剑,Кривавий плинний вигнутий меч,,Кровавый текучий изогнутый меч,,
7061200,6BBED0,Flowing Occult Curved Sword,神秘の流水曲剣,神秘流水曲剑,Окультний плинний вигнутий меч,,Оккультный текучий изогнутый меч,,
7070000,6BE130,Wing of Astel,アステールの薄羽,艾丝缇薄翼,Крило Астеля,,Крыло Астеля,,
7080000,6C0840,Scavenger's Curved Sword,死体漁りの曲剣,剥尸曲剑,Вигнутий меч мародера,,Изогнутый меч гробокопателя,,
7080100,6C08A4,Scavenger's Heavy Curved Sword,重厚な死体漁り曲剣,厚重剥尸曲剑,Важкий вигнутий меч мародера,,Тяжёлый изогнутый меч гробокопателя,,
7080200,6C0908,Scavenger's Keen Curved Sword,鋭利な死体漁り曲剣,锋利剥尸曲剑,Стрімкий вигнутий меч мародера,,Острый изогнутый меч гробокопателя,,
7080300,6C096C,Scavenger's Quality Curved Sword,上質な死体漁り曲剣,优质剥尸曲剑,Якісний вигнутий меч мародера,,Качественный изогнутый меч гробокопателя,,
7080400,6C09D0,Scavenger's Fire Curved Sword,炎の死体漁り曲剣,火焰剥尸曲剑,Вогняний вигнутий меч мародера,,Огненный изогнутый меч гробокопателя,,
7080500,6C0A34,Scavenger's Flame Art Curved Sword,炎術の死体漁り曲剣,焰术剥尸曲剑,Полум'яний вигнутий меч мародера,,Пылающий изогнутый меч гробокопателя,,
7080600,6C0A98,Scavenger's Lightning Curved Sword,雷の死体漁り曲剣,雷电剥尸曲剑,Блискавковий вигнутий меч мародера,,Громовой изогнутый меч гробокопателя,,
7080700,6C0AFC,Scavenger's Sacred Curved Sword,神聖な死体漁り曲剣,神圣剥尸曲剑,Священний вигнутий меч мародера,,Священный изогнутый меч гробокопателя,,
7080800,6C0B60,Scavenger's Magic Curved Sword,魔力の死体漁り曲剣,魔力剥尸曲剑,Магічний вигнутий меч мародера,,Зачарованный изогнутый меч гробокопателя,,
7080900,6C0BC4,Scavenger's Cold Curved Sword,冷たい死体漁り曲剣,寒冷剥尸曲剑,Морозний вигнутий меч мародера,,Морозный изогнутый меч гробокопателя,,
7081000,6C0C28,Scavenger's Poison Curved Sword,毒の死体漁り曲剣,毒剥尸曲剑,Отруйний вигнутий меч мародера,,Отравленный изогнутый меч гробокопателя,,
7081100,6C0C8C,Scavenger's Blood Curved Sword,血の死体漁り曲剣,血剥尸曲剑,Кривавий вигнутий меч мародера,,Кровавый изогнутый меч гробокопателя,,
7081200,6C0CF0,Scavenger's Occult Curved Sword,神秘の死体漁り曲剣,神秘剥尸曲剑,Окультний вигнутий меч мародера,,Оккультный изогнутый меч гробокопателя,,
7090000,6C2F50,Sharktooth Curved Sword,,,,,,,
7090100,6C2FB4,Heavy Sharktooth Curved Sword,,,,,,,
7090200,6C3018,Sharp Sharktooth Curved Sword,,,,,,,
7090300,6C307C,Quality Sharktooth Curved Sword,,,,,,,
7090400,6C30E0,Flame Sharktooth Curved Sword,,,,,,,
7090500,6C3144,Pyromancy Sharktooth Curved Sword,,,,,,,
7090600,6C31A8,Lightning Sharktooth Curved Sword,,,,,,,
7090700,6C320C,Blessed Sharktooth Curved Sword,,,,,,,
7090800,6C3270,Magic Sharktooth Curved Sword,,,,,,,
7090900,6C32D4,Frost Sharktooth Curved Sword,,,,,,,
7091000,6C3338,Poison Sharktooth Curved Sword,,,,,,,
7091100,6C339C,Blood Sharktooth Curved Sword,,,,,,,
7091200,6C3400,Arcane Sharktooth Curved Sword,,,,,,,
7100000,6C5660,Eclipse Shotel,蝕のショーテル,日蚀钩剑,Шотел затемнення,,Шотель затмения,,
7110000,6C7D70,Serpent-God's Curved Sword,蛇神の曲刀,蛇神弯刀,Вигнутий меч змієбога,,Изогнутый меч бога-змея,,
7110100,6C7DD4,Serpent-God's Heavy Curved Sword,重厚な蛇神曲刀,厚重蛇神弯刀,Важкий вигнутий меч змієбога,,Тяжёлый изогнутый меч бога-змея,,
7110200,6C7E38,Serpent-God's Keen Curved Sword,鋭利な蛇神曲刀,锋利蛇神弯刀,Стрімкий вигнутий меч змієбога,,Острый изогнутый меч бога-змея,,
7110300,6C7E9C,Serpent-God's Quality Curved Sword,上質な蛇神曲刀,优质蛇神弯刀,Якісний вигнутий меч змієбога,,Качественный изогнутый меч бога-змея,,
7110400,6C7F00,Serpent-God's Fire Curved Sword,炎の蛇神曲刀,火焰蛇神弯刀,Вогняний вигнутий меч змієбога,,Огненный изогнутый меч бога-змея,,
7110500,6C7F64,Serpent-God's Flame Art Curved Sword,炎術の蛇神曲刀,焰术蛇神弯刀,Полум'яний вигнутий меч змієбога,,Пылающий изогнутый меч бога-змея,,
7110600,6C7FC8,Serpent-God's Lightning Curved Sword,雷の蛇神曲刀,雷电蛇神弯刀,Блискавковий вигнутий меч змієбога,,Громовой изогнутый меч бога-змея,,
7110700,6C802C,Serpent-God's Sacred Curved Sword,神聖な蛇神曲刀,神圣蛇神弯刀,Священний вигнутий меч змієбога,,Священный изогнутый меч бога-змея,,
7110800,6C8090,Serpent-God's Magic Curved Sword,魔力の蛇神曲刀,魔力蛇神弯刀,Магічний вигнутий меч змієбога,,Зачарованный изогнутый меч бога-змея,,
7110900,6C80F4,Serpent-God's Cold Curved Sword,冷たい蛇神曲刀,寒冷蛇神弯刀,Морозний вигнутий меч змієбога,,Морозный изогнутый меч бога-змея,,
7111000,6C8158,Serpent-God's Poison Curved Sword,毒の蛇神曲刀,毒蛇神弯刀,Отруйний вигнутий меч змієбога,,Отравленный изогнутый меч бога-змея,,
7111100,6C81BC,Serpent-God's Blood Curved Sword,血の蛇神曲刀,血蛇神弯刀,Кривавий вигнутий меч змієбога,,Кровавый изогнутый меч бога-змея,,
7111200,6C8220,Serpent-God's Occult Curved Sword,神秘の蛇神曲刀,神秘蛇神弯刀,Окультний вигнутий меч змієбога,,Оккультный изогнутый меч бога-змея,,
7120000,6CA480,Mantis Blade,蟷螂刀,螳臂刀,Клинок богомола,,Клинок богомола,,
7120100,6CA4E4,Heavy Mantis Blade,重厚な蟷螂刀,厚重螳臂刀,Важкий клинок богомола,,Тяжёлый клинок богомола,,
7120200,6CA548,Keen Mantis Blade,鋭利な蟷螂刀,锋利螳臂刀,Стрімкий клинок богомола,,Острый клинок богомола,,
7120300,6CA5AC,Quality Mantis Blade,上質な蟷螂刀,优质螳臂刀,Якісний клинок богомола,,Качественный клинок богомола,,
7120400,6CA610,Fire Mantis Blade,炎の蟷螂刀,火焰螳臂刀,Вогняний клинок богомола,,Огненный клинок богомола,,
7120500,6CA674,Flame Art Mantis Blade,炎術の蟷螂刀,焰术螳臂刀,Полум'яний клинок богомола,,Пылающий клинок богомола,,
7120600,6CA6D8,Lightning Mantis Blade,雷の蟷螂刀,雷电螳臂刀,Блискавковий клинок богомола,,Громовой клинок богомола,,
7120700,6CA73C,Sacred Mantis Blade,神聖な蟷螂刀,神圣螳臂刀,Священний клинок богомола,,Священный клинок богомола,,
7120800,6CA7A0,Magic Mantis Blade,魔力の蟷螂刀,魔力螳臂刀,Магічний клинок богомола,,Зачарованный клинок богомола,,
7120900,6CA804,Cold Mantis Blade,冷たい蟷螂刀,寒冷螳臂刀,Морозний клинок богомола,,Морозный клинок богомола,,
7121000,6CA868,Poison Mantis Blade,毒の蟷螂刀,毒螳臂刀,Отруйний клинок богомола,,Отравленный клинок богомола,,
7121100,6CA8CC,Blood Mantis Blade,血の蟷螂刀,血螳臂刀,Кривавий клинок богомола,,Кровавый клинок богомола,,
7121200,6CA930,Occult Mantis Blade,神秘の蟷螂刀,神秘螳臂刀,Окультний клинок богомола,,Оккультный клинок богомола,,
7140000,6CF2A0,Scimitar,シミター,短弯刀,Скимітар,,Скимитар,,
7140100,6CF304,Heavy Scimitar,重厚なシミター,厚重短弯刀,Важкий скимітар,,Тяжелый скимитар,,
7140200,6CF368,Keen Scimitar,鋭利なシミター,锋利短弯刀,Стрімкий скимітар,,Острый скимитар,,
7140300,6CF3CC,Quality Scimitar,上質なシミター,优质短弯刀,Якісний скимітар,,Качественный скимитар,,
7140400,6CF430,Fire Scimitar,炎のシミター,火焰短弯刀,Вогняний скимітар,,Огненный скимитар,,
7140500,6CF494,Flame Art Scimitar,炎術のシミター,焰术短弯刀,Полум'яний скимітар,,Пылающий скимитар,,
7140600,6CF4F8,Lightning Scimitar,雷のシミター,雷电短弯刀,Блискавковий скимітар,,Громовой скимитар,,
7140700,6CF55C,Sacred Scimitar,神聖なシミター,神圣短弯刀,Священний скимітар,,Священный скимитар,,
7140800,6CF5C0,Magic Scimitar,魔力のシミター,魔力短弯刀,Магічний скимітар,,Зачарованный скимитар,,
7140900,6CF624,Cold Scimitar,冷たいシミター,寒冷短弯刀,Морозний скимітар,,Морозный скимитар,,
7141000,6CF688,Poison Scimitar,毒のシミター,毒短弯刀,Отруйний скимітар,,Отравленный скимитар,,
7141100,6CF6EC,Bloody Scimitar,血のシミター,血短弯刀,Кривавий скимітар,,Окровавленный скимитар,,
7141200,6CF750,Occult Scimitar,神秘のシミター,神秘短弯刀,Окультний скимітар,,Оккультный скимитар,,
7150000,6D19B0,Grossmesser,グロスメッサ―,巨型刀,Грос-месер,,Гросс-мессер,,
7150100,6D1A14,Heavy Grossmesser,重厚なグロスメッサ―,厚重巨型刀,Важкий грос-месер,,Тяжёлый гросс-мессер,,
7150200,6D1A78,Keen Grossmesser,鋭利なグロスメッサ―,锋利巨型刀,Стрімкий грос-месер,,Острый гросс-мессер,,
7150300,6D1ADC,Quality Grossmesser,上質なグロスメッサ―,优质巨型刀,Якісний грос-месер,,Качественный гросс-мессер,,
7150400,6D1B40,Fire Grossmesser,炎のグロスメッサ―,火焰巨型刀,Вогняний грос-месер,,Огненный гросс-мессер,,
7150500,6D1BA4,Flame Art Grossmesser,炎術のグロスメッサ―,焰术巨型刀,Полум'яний грос-месер,,Пылающий гросс-мессер,,
7150600,6D1C08,Lightning Grossmesser,雷のグロスメッサ―,雷电巨型刀,Блискавковий грос-месер,,Громовой гросс-мессер,,
7150700,6D1C6C,Sacred Grossmesser,神聖なグロスメッサ―,神圣巨型刀,Священний грос-месер,,Священный гросс-мессер,,
7150800,6D1CD0,Magic Grossmesser,魔力のグロスメッサ―,魔力巨型刀,Магічний грос-месер,,Зачарованный гросс-мессер,,
7150900,6D1D34,Cold Grossmesser,冷たいグロスメッサ―,寒冷巨型刀,Морозний грос-месер,,Морозный гросс-мессер,,
7151000,6D1D98,Poison Grossmesser,毒のグロスメッサ―,毒巨型刀,Отруйний грос-месер,,Отравленный гросс-мессер,,
7151100,6D1DFC,Blood Grossmesser,血のグロスメッサ―,血巨型刀,Кривавий грос-месер,,Кровавый гросс-мессер,,
7151200,6D1E60,Occult Grossmesser,神秘のグロスメッサ―,神秘巨型刀,Окультний грос-месер,,Оккультный гросс-мессер,,
8010000,7A3910,Onyx Lord's Greatsword,黒王の大剣,黑王大剑,Великий меч оніксового володаря,,Двуручник ониксового повелителя,,
8020000,7A6020,Dismounter,斬馬刀,骑兵马刀,Спішувач,,Сбиватель,,
8020100,7A6084,Heavy Dismounter,重厚な斬馬刀,厚重骑兵马刀,Важкий спішувач,,Тяжёлый сбиватель,,
8020200,7A60E8,Keen Dismounter,鋭利な斬馬刀,锋利骑兵马刀,Стрімкий спішувач,,Острый сбиватель,,
8020300,7A614C,Quality Dismounter,上質な斬馬刀,优质骑兵马刀,Якісний спішувач,,Качественный сбиватель,,
8020400,7A61B0,Fire Dismounter,炎の斬馬刀,火焰骑兵马刀,Вогняний спішувач,,Огненный сбиватель,,
8020500,7A6214,Flame Art Dismounter,炎術の斬馬刀,焰术骑兵马刀,Полум'яний спішувач,,Пылающий сбиватель,,
8020600,7A6278,Lightning Dismounter,雷の斬馬刀,雷电骑兵马刀,Блискавковий спішувач,,Громовой сбиватель,,
8020700,7A62DC,Sacred Dismounter,神聖な斬馬刀,神圣骑兵马刀,Священний спішувач,,Священный сбиватель,,
8020800,7A6340,Magic Dismounter,魔力の斬馬刀,魔力骑兵马刀,Магічний спішувач,,Зачарованный сбиватель,,
8020900,7A63A4,Cold Dismounter,冷たい斬馬刀,寒冷骑兵马刀,Морозний спішувач,,Морозный сбиватель,,
8021000,7A6408,Poison Dismounter,毒の斬馬刀,毒骑兵马刀,Отруйний спішувач,,Отравленный сбиватель,,
8021100,7A646C,Blood Dismounter,血の斬馬刀,血骑兵马刀,Кривавий спішувач,,Кровавый сбиватель,,
8021200,7A64D0,Occult Dismounter,神秘の斬馬刀,神秘骑兵马刀,Окультний спішувач,,Оккультный сбиватель,,
8030000,7A8730,Bloodhound's Fang,猟犬の長牙,猎犬长牙,Ікло гончака,,Клык ищейки,,
8030100,7A8794,Bloodhound's Heavy Fang,,,,,,,
8030200,7A87F8,Bloodhound's Keen Fang,,,,,,,
8030300,7A885C,Bloodhound's Quality Fang,,,,,,,
8030400,7A88C0,Bloodhound's Fire Fang,,,,,,,
8030500,7A8924,Bloodhound's Flame Art Fang,,,,,,,
8030600,7A8988,Bloodhound's Lightning Fang,,,,,,,
8030700,7A89EC,Bloodhound's Sacred Fang,,,,,,,
8030800,7A8A50,Bloodhound's Magic Fang,,,,,,,
8030900,7A8AB4,Bloodhound's Cold Fang,,,,,,,
8031000,7A8B18,Bloodhound's Poison Fang,,,,,,,
8031100,7A8B7C,Bloodhound's Blood Fang,,,,,,,
8031200,7A8BE0,Bloodhound's Occult Fang,,,,,,,
8040000,7AAE40,Magma Wyrm's Scalesword,土竜の鱗剣,土龙鳞剑,Лускатий меч магмового змія,,Чешуйчатый меч магмового змея,,
8050000,7AD550,Zamor Curved Sword,ザミェルの湾刀,萨米尔弯刀,Вигнутий меч із Замора,,Изогнутый меч Замора,,
8060000,7AFC60,Omen Cleaver,忌み子の大刀,恶兆之子大刀,Тесак передвісника,,Тесак знамения,,
8060100,7AFCC4,Heavy Omen Cleaver,重厚な忌み子大刀,厚重恶兆之子大刀,Важкий тесак передвісника,,Тяжёлый тесак знамения,,
8060200,7AFD28,Keen Omen Cleaver,鋭利な忌み子大刀,锋利恶兆之子大刀,Стрімкий тесак передвісника,,Острый тесак знамения,,
8060300,7AFD8C,Quality Omen Cleaver,上質な忌み子大刀,优质恶兆之子大刀,Якісний тесак передвісника,,Качественный тесак знамения,,
8060400,7AFDF0,Fire Omen Cleaver,炎の忌み子大刀,火焰恶兆之子大刀,Вогняний тесак передвісника,,Огненный тесак знамения,,
8060500,7AFE54,Flame Art Omen Cleaver,炎術の忌み子大刀,焰术恶兆之子大刀,Полум'яний тесак передвісника,,Пылающий тесак знамения,,
8060600,7AFEB8,Lightning Omen Cleaver,雷の忌み子大刀,雷电恶兆之子大刀,Блискавковий тесак передвісника,,Громовой тесак знамения,,
8060700,7AFF1C,Sacred Omen Cleaver,神聖な忌み子大刀,神圣恶兆之子大刀,Священний тесак передвісника,,Священный тесак знамения,,
8060800,7AFF80,Magic Omen Cleaver,魔力の忌み子大刀,魔力恶兆之子大刀,Магічний тесак передвісника,,Зачарованный тесак знамения,,
8060900,7AFFE4,Cold Omen Cleaver,冷たい忌み子大刀,寒冷恶兆之子大刀,Морозний тесак передвісника,,Морозный тесак знамения,,
8061000,7B0048,Poison Omen Cleaver,毒の忌み子大刀,毒恶兆之子大刀,Отруйний тесак передвісника,,Отравленный тесак знамения,,
8061100,7B00AC,Blood Omen Cleaver,血の忌み子大刀,血恶兆之子大刀,Кривавий тесак передвісника,,Кровавый тесак знамения,,
8061200,7B0110,Occult Omen Cleaver,神秘の忌み子大刀,神秘恶兆之子大刀,Окультний тесак передвісника,,Оккультный тесак знамения,,
8070000,7B2370,Monk's Flameblade,僧兵の炎姿刀,习武修士火纹刀,Вогнемеч монаха,,Горящая катана монаха,,
8070100,7B23D4,Monk's Heavy Flameblade,重厚な僧兵炎姿刀,厚重习武修士火纹刀,Важкий вогнемеч монаха,,Тяжёлая горящая катана монаха,,
8070200,7B2438,Monk's Keen Flameblade,鋭利な僧兵炎姿刀,锋利习武修士火纹刀,Стрімкий вогнемеч монаха,,Острая горящая катана монаха,,
8070300,7B249C,Monk's Quality Flameblade,上質な僧兵炎姿刀,优质习武修士火纹刀,Якісний вогнемеч монаха,,Качественная горящая катана монаха,,
8070400,7B2500,Monk's Fire Flameblade,炎の僧兵炎姿刀,火焰习武修士火纹刀,Вогняний вогнемеч монаха,,Огненная горящая катана монаха,,
8070500,7B2564,Monk's Flame Art Flameblade,炎術の僧兵炎姿刀,焰术习武修士火纹刀,Полум'яний вогнемеч монаха,,Пылающая горящая катана монаха,,
8070600,7B25C8,Monk's Lightning Flameblade,雷の僧兵炎姿刀,雷电习武修士火纹刀,Блискавковий вогнемеч монаха,,Громовая горящая катана монаха,,
8070700,7B262C,Monk's Sacred Flameblade,神聖な僧兵炎姿刀,神圣习武修士火纹刀,Священний вогнемеч монаха,,Священная горящая катана монаха,,
8070800,7B2690,Monk's Magic Flameblade,魔力の僧兵炎姿刀,魔力习武修士火纹刀,Магічний вогнемеч монаха,,Зачарованная горящая катана монаха,,
8070900,7B26F4,Monk's Cold Flameblade,冷たい僧兵炎姿刀,寒冷习武修士火纹刀,Морозний вогнемеч монаха,,Морозная горящая катана монаха,,
8071000,7B2758,Monk's Poison Flameblade,毒の僧兵炎姿刀,毒习武修士火纹刀,Отруйний вогнемеч монаха,,Отравленная горящая катана монаха,,
8071100,7B27BC,Monk's Blood Flameblade,血の僧兵炎姿刀,血习武修士火纹刀,Кривавий вогнемеч монаха,,Кровавая горящая катана монаха,,
8071200,7B2820,Monk's Occult Flameblade,神秘の僧兵炎姿刀,神秘习武修士火纹刀,Окультний вогнемеч монаха,,Оккультная горящая катана монаха,,
8080000,7B4A80,Beastman's Cleaver,獣人の大曲刀,兽人大弯刀,Тесак звіролюда,,Тесак зверочеловека,,
8080100,7B4AE4,Beastman's Heavy Cleaver,重厚な獣人大曲刀,厚重兽人大弯刀,Важкий тесак звіролюда,,Тяжёлый тесак зверочеловека,,
8080200,7B4B48,Beastman's Keen Cleaver,鋭利な獣人大曲刀,锋利兽人大弯刀,Стрімкий тесак звіролюда,,Острый тесак зверочеловека,,
8080300,7B4BAC,Beastman's Quality Cleaver,上質な獣人大曲刀,优质兽人大弯刀,Якісний тесак звіролюда,,Качественный тесак зверочеловека,,
8080400,7B4C10,Beastman's Fire Cleaver,炎の獣人大曲刀,火焰兽人大弯刀,Вогняний тесак звіролюда,,Огненный тесак зверочеловека,,
8080500,7B4C74,Beastman's Flame Art Cleaver,炎術の獣人大曲刀,焰术兽人大弯刀,Полум'яний тесак звіролюда,,Пылающий тесак зверочеловека,,
8080600,7B4CD8,Beastman's Lightning Cleaver,雷の獣人大曲刀,雷电兽人大弯刀,Блискавковий тесак звіролюда,,Громовой тесак зверочеловека,,
8080700,7B4D3C,Beastman's Sacred Cleaver,神聖な獣人大曲刀,神圣兽人大弯刀,Священний тесак звіролюда,,Священный тесак зверочеловека,,
8080800,7B4DA0,Beastman's Magic Cleaver,魔力の獣人大曲刀,魔力兽人大弯刀,Магічний тесак звіролюда,,Зачарованный тесак зверочеловека,,
8080900,7B4E04,Beastman's Cold Cleaver,冷たい獣人大曲刀,寒冷兽人大弯刀,Морозний тесак звіролюда,,Морозный тесак зверочеловека,,
8081000,7B4E68,Beastman's Poison Cleaver,毒の獣人大曲刀,毒兽人大弯刀,Отруйний тесак звіролюда,,Отравленный тесак зверочеловека,,
8081100,7B4ECC,Beastman's Blood Cleaver,血の獣人大曲刀,血兽人大弯刀,Кривавий тесак звіролюда,,Кровавый тесак зверочеловека,,
8081200,7B4F30,Beastman's Occult Cleaver,神秘の獣人大曲刀,神秘兽人大弯刀,Окультний тесак звіролюда,,Оккультный тесак зверочеловека,,
8100000,7B98A0,Morgott's Cursed Sword,モーゴットの呪剣,蒙葛特咒剑,Проклятий меч Морґотта,,Проклятый меч Морготта,,
8110000,7BBFB0,Holy Inferno Greatsword,,,,,,,
8110100,7BC014,Heavy Holy Inferno Greatsword,,,,,,,
8110200,7BC078,Keen Holy Inferno Greatsword,,,,,,,
8110300,7BC0DC,Quality Holy Inferno Greatsword,,,,,,,
8110400,7BC140,Fire Holy Inferno Greatsword,,,,,,,
8110500,7BC1A4,Flame Art Holy Inferno Greatsword,,,,,,,
8110600,7BC208,Lightning Holy Inferno Greatsword,,,,,,,
8110700,7BC26C,Sacred Holy Inferno Greatsword,,,,,,,
8110800,7BC2D0,Magic Holy Inferno Greatsword,,,,,,,
8110900,7BC334,Cold Holy Inferno Greatsword,,,,,,,
8111000,7BC398,Poison Holy Inferno Greatsword,,,,,,,
8111100,7BC3FC,Blood Holy Inferno Greatsword,,,,,,,
8111200,7BC460,Occult Holy Inferno Greatsword,,,,,,,
9000000,895440,Uchigatana,打刀,打刀,Учіґатана,,Утигатана,,
9000100,8954A4,Heavy Uchigatana,重厚な打刀,厚重打刀,Важка учіґатана,,Тяжёлая утигатана,,
9000200,895508,Keen Uchigatana,鋭利な打刀,锋利打刀,Стрімка учіґатана,,Острая утигатана,,
9000300,89556C,Quality Uchigatana,上質な打刀,优质打刀,Якісна учіґатана,,Качественная утигатана,,
9000400,8955D0,Fire Uchigatana,炎の打刀,火焰打刀,Вогняна учіґатана,,Огненная утигатана,,
9000500,895634,Flame Art Uchigatana,炎術の打刀,焰术打刀,Полум'яна учіґатана,,Пылающая утигатана,,
9000600,895698,Lightning Uchigatana,雷の打刀,雷电打刀,Блискавкова учіґатана,,Громовая утигатана,,
9000700,8956FC,Sacred Uchigatana,神聖な打刀,神圣打刀,Священна учіґатана,,Священная утигатана,,
9000800,895760,Magic Uchigatana,魔力の打刀,魔力打刀,Магічна учіґатана,,Зачарованная утигатана,,
9000900,8957C4,Cold Uchigatana,冷たい打刀,寒冷打刀,Морозна учіґатана,,Морозная утигатана,,
9001000,895828,Poison Uchigatana,毒の打刀,毒打刀,Отруйна учіґатана,,Отравленная утигатана,,
9001100,89588C,Blood Uchigatana,血の打刀,血打刀,Кривава учіґатана,,Кровавая утигатана,,
9001200,8958F0,Occult Uchigatana,神秘の打刀,神秘打刀,Окультна учіґатана,,Оккультная утигатана,,
9010000,897B50,Nagakiba,長牙,长牙,Наґакіба,,Длинный клык,,
9010100,897BB4,Heavy Nagakiba,重厚な長牙,厚重长牙,Важка наґакіба,,Тяжёлый длинный клык,,
9010200,897C18,Keen Nagakiba,鋭利な長牙,锋利长牙,Стрімка наґакіба,,Острый длинный клык,,
9010300,897C7C,Quality Nagakiba,上質な長牙,优质长牙,Якісна наґакіба,,Качественный длинный клык,,
9010400,897CE0,Fire Nagakiba,炎の長牙,火焰长牙,Вогняна наґакіба,,Огненный длинный клык,,
9010500,897D44,Flame Art Nagakiba,炎術の長牙,焰术长牙,Полум'яна наґакіба,,Пылающий длинный клык,,
9010600,897DA8,Lightning Nagakiba,雷の長牙,雷电长牙,Блискавкова наґакіба,,Громовой длинный клык,,
9010700,897E0C,Sacred Nagakiba,神聖な長牙,神圣长牙,Священна наґакіба,,Священный длинный клык,,
9010800,897E70,Magic Nagakiba,魔力の長牙,魔力长牙,Магічна наґакіба,,Зачарованный длинный клык,,
9010900,897ED4,Cold Nagakiba,冷たい長牙,寒冷长牙,Морозна наґакіба,,Морозный длинный клык,,
9011000,897F38,Poison Nagakiba,毒の長牙,毒长牙,Отруйна наґакіба,,Отравленный длинный клык,,
9011100,897F9C,Blood Nagakiba,血の長牙,血长牙,Кривава наґакіба,,Кровавый длинный клык,,
9011200,898000,Occult Nagakiba,神秘の長牙,神秘长牙,Окультна наґакіба,,Оккультный длинный клык,,
9020000,89A260,Hand of Malenia,マレニアの義手刀,玛莲妮亚的义手刀,Долоня Маленії,,Длань Малении,,
9030000,89C970,Meteoric Ore Blade,隕鉄の刀,铁陨石刀,Клинок з метеоритної руди,,Меч из метеоритной руды,,
9030100,89C9D4,Heavy Meteoric Ore Blade,,,,,,,
9030200,89CA38,Keen Meteoric Ore Blade,,,,,,,
9030300,89CA9C,Quality Meteoric Ore Blade,,,,,,,
9030400,89CB00,Fire Meteoric Ore Blade,,,,,,,
9030500,89CB64,Flame Art Meteoric Ore Blade,,,,,,,
9030600,89CBC8,Lightning Meteoric Ore Blade,,,,,,,
9030700,89CC2C,Sacred Meteoric Ore Blade,,,,,,,
9030800,89CC90,Magic Meteoric Ore Blade,,,,,,,
9030900,89CCF4,Cold Meteoric Ore Blade,,,,,,,
9031000,89CD58,Poison Meteoric Ore Blade,,,,,,,
9031100,89CDBC,Blood Meteoric Ore Blade,,,,,,,
9031200,89CE20,Occult Meteoric Ore Blade,,,,,,,
9040000,89F080,Rivers of Blood,屍山血河,尸山血海,Ріки крові,,Реки крови,,
9060000,8A3EA0,Moonveil,名刀月隠,名刀月隐,Місячна вуаль,,Лунная вуаль,,
9070000,8A65B0,Dragonscale Blade,竜鱗刀,龙鳞刀,Клинок з драконячої луски,,Меч из драконьей чешуи,,
9080000,8A8CC0,Serpentbone Blade,蛇骨の刀,蛇骨刀,Клинок зі зміїної кістки,,Змеевидная костяная катана,,
9080100,8A8D24,Heavy Serpentbone Blade,重厚な蛇骨刀,厚重蛇骨刀,[ERROR]Важкий клинок зі зміїної кістки,,Тяжёлая змеевидная костяная катана,,
9080200,8A8D88,Keen Serpentbone Blade,鋭利な蛇骨刀,锋利蛇骨刀,[ERROR]Стрімкий клинок зі зміїної кістки,,Острая змеевидная костяная катана,,
9080300,8A8DEC,Quality Serpentbone Blade,上質な蛇骨刀,优质蛇骨刀,[ERROR]Якісний клинок зі зміїної кістки,,Качеств. змеевидная костяная катана,,
9080400,8A8E50,Fire Serpentbone Blade,炎の蛇骨刀,火焰蛇骨刀,[ERROR]Вогняний клинок зі зміїної кістки,,Огненная змеевидная костяная катана,,
9080500,8A8EB4,Flame Art Serpentbone Blade,炎術の蛇骨刀,焰术蛇骨刀,[ERROR]Полум'яний клинок зі зміїної кістки,,Пылающая змеевидная костяная катана,,
9080600,8A8F18,Lightning Serpentbone Blade,雷の蛇骨刀,雷电蛇骨刀,[ERROR]Блискавковий клинок зі зміїної кістки,,Громовая змеевидная костяная катана,,
9080700,8A8F7C,Sacred Serpentbone Blade,神聖な蛇骨刀,神圣蛇骨刀,[ERROR]Священний клинок зі зміїної кістки,,Священная змеевидная костяная катана,,
9080800,8A8FE0,Magic Serpentbone Blade,魔力の蛇骨刀,魔力蛇骨刀,[ERROR]Магічний клинок зі зміїної кістки,,Зачаров. змеевидная костяная катана,,
9080900,8A9044,Cold Serpentbone Blade,冷たい蛇骨刀,寒冷蛇骨刀,[ERROR]Морозний клинок зі зміїної кістки,,Морозная змеевидная костяная катана,,
9081000,8A90A8,Poison Serpentbone Blade,毒の蛇骨刀,毒蛇骨刀,[ERROR]Отруйний клинок зі зміїної кістки,,Отравленная змеевидная костяная катана,,
9081100,8A910C,Blood Serpentbone Blade,血の蛇骨刀,血蛇骨刀,[ERROR]Кривавий клинок зі зміїної кістки,,Кровавая змеевидная костяная катана,,
9081200,8A9170,Occult Serpentbone Blade,神秘の蛇骨刀,神秘蛇骨刀,[ERROR]Окультний клинок зі зміїної кістки,,Оккультная змеевидная костяная катана,,
10000000,989680,Twinblade,ツインブレード,双头剑,Подвійний клинок,,Парный клинок,,
10000100,9896E4,Heavy Twinblade,重厚なツインブレード,厚重双头剑,Важкий подвійний клинок,,Тяжёлый парный клинок,,
10000200,989748,Keen Twinblade,鋭利なツインブレード,锋利双头剑,Стрімкий подвійний клинок,,Острый парный клинок,,
10000300,9897AC,Quality Twinblade,上質なツインブレード,优质双头剑,Якісний подвійний клинок,,Качественный парный клинок,,
10000400,989810,Fire Twinblade,炎のツインブレード,火焰双头剑,Вогняний подвійний клинок,,Огненный парный клинок,,
10000500,989874,Flame Art Twinblade,炎術のツインブレード,焰术双头剑,Полум'яний подвійний клинок,,Пылающий парный клинок,,
10000600,9898D8,Lightning Twinblade,雷のツインブレード,雷电双头剑,Блискавковий подвійний клинок,,Громовой парный клинок,,
10000700,98993C,Sacred Twinblade,神聖なツインブレード,神圣双头剑,Священний подвійний клинок,,Священный парный клинок,,
10000800,9899A0,Magic Twinblade,魔力のツインブレード,魔力双头剑,Магічний подвійний клинок,,Зачарованный парный клинок,,
10000900,989A04,Cold Twinblade,冷たいツインブレード,寒冷双头剑,Морозний подвійний клинок,,Морозный парный клинок,,
10001000,989A68,Poison Twinblade,毒のツインブレード,毒双头剑,Отруйний подвійний клинок,,Отравленный парный клинок,,
10001100,989ACC,Bloody Twinblade,血のツインブレード,血双头剑,Кривавий подвійний клинок,,Окровавленный парный клинок,,
10001200,989B30,Occult Twinblade,神秘のツインブレード,神秘双头剑,Окультний подвійний клинок,,Оккультный парный клинок,,
10010000,98BD90,Godskin Peeler,神肌剥ぎ,神皮剥制剑,Богошкірний здирач,,Свежеватель божественной кожи,,
10010100,98BDF4,Heavy Godskin Peeler,重厚な神肌剥ぎ,厚重神皮剥制剑,Важкий богошкірний здирач,,Тяжёлый свежеватель божественной кожи,,
10010200,98BE58,Keen Godskin Peeler,鋭利な神肌剥ぎ,锋利神皮剥制剑,Стрімкий богошкірний здирач,,Острый свежеватель божественной кожи,,
10010300,98BEBC,Quality Godskin Peeler,上質な神肌剥ぎ,优质神皮剥制剑,Якісний богошкірний здирач,,Качеств. свежеватель божественной кожи,,
10010400,98BF20,Fire Godskin Peeler,炎の神肌剥ぎ,火焰神皮剥制剑,Вогняний богошкірний здирач,,Огненный свежеватель божественной кожи,,
10010500,98BF84,Flame Art Godskin Peeler,炎術の神肌剥ぎ,焰术神皮剥制剑,Полум'яний богошкірний здирач,,Пылающий свежеватель божественной кожи,,
10010600,98BFE8,Lightning Godskin Peeler,雷の神肌剥ぎ,雷电神皮剥制剑,Блискавковий богошкірний здирач,,Громовой свежеватель божественной кожи,,
10010700,98C04C,Sacred Godskin Peeler,神聖な神肌剥ぎ,神圣神皮剥制剑,Священний богошкірний здирач,,Свящ. свежеватель божественной кожи,,
10010800,98C0B0,Magic Godskin Peeler,魔力の神肌剥ぎ,魔力神皮剥制剑,Магічний богошкірний здирач,,Зачар. свежеватель божественной кожи,,
10010900,98C114,Cold Godskin Peeler,冷たい神肌剥ぎ,寒冷神皮剥制剑,Морозний богошкірний здирач,,Морозный свежеватель божественной кожи,,
10011000,98C178,Poison Godskin Peeler,毒の神肌剥ぎ,毒神皮剥制剑,Отруйний богошкірний здирач,,Отравл. свежеватель божественной кожи,,
10011100,98C1DC,Blood Godskin Peeler,血の神肌剥ぎ,血神皮剥制剑,Кривавий богошкірний здирач,,Кровавый свежеватель божественной кожи,,
10011200,98C240,Occult Godskin Peeler,神秘の神肌剥ぎ,神秘神皮剥制剑,Окультний богошкірний здирач,,Оккульт. свежеватель божественной кожи,,
10030000,990BB0,Twinned Knight Swords,ツインナイトソード,骑士双头剑,Подвійні мечі лицаря,,Парные клинки рыцаря,,
10030100,990C14,Heavy Twinned Knight Swords,重厚なツインナイトソード,厚重骑士双头剑,Важкі подвійні мечі лицаря,,Тяжёлые парные клинки рыцаря,,
10030200,990C78,Keen Twinned Knight Swords,鋭利なツインナイトソード,锋利骑士双头剑,Стрімкі подвійні мечі лицаря,,Острые парные клинки рыцаря,,
10030300,990CDC,Quality Twinned Knight Swords,上質なツインナイトソード,优质骑士双头剑,Якісні подвійні мечі лицаря,,Качественные парные клинки рыцаря,,
10030400,990D40,Fire Twinned Knight Swords,炎のツインナイトソード,火焰骑士双头剑,Вогняні подвійні мечі лицаря,,Огненные парные клинки рыцаря,,
10030500,990DA4,Flame Art Twinned Knight Swords,炎術のツインナイトソード,焰术骑士双头剑,Полум'яні подвійні мечі лицаря,,Пылающие парные клинки рыцаря,,
10030600,990E08,Lightning Twinned Knight Swords,雷のツインナイトソード,雷电骑士双头剑,Блискавкові подвійні мечі лицаря,,Громовые парные клинки рыцаря,,
10030700,990E6C,Sacred Twinned Knight Swords,神聖なツインナイトソード,神圣骑士双头剑,Священні подвійні мечі лицаря,,Священные парные клинки рыцаря,,
10030800,990ED0,Magic Twinned Knight Swords,魔力のツインナイトソード,魔力骑士双头剑,Магічні подвійні мечі лицаря,,Зачарованные парные клинки рыцаря,,
10030900,990F34,Cold Twinned Knight Swords,冷たいツインナイトソード,寒冷骑士双头剑,Морозні подвійні мечі лицаря,,Морозные парные клинки рыцаря,,
10031000,990F98,Poison Twinned Knight Swords,毒のツインナイトソード,毒骑士双头剑,Отруйні подвійні мечі лицаря,,Отравленные парные клинки рыцаря,,
10031100,990FFC,Blood Twinned Knight Swords,血のツインナイトソード,血骑士双头剑,Криваві подвійні мечі лицаря,,Кровавые парные клинки рыцаря,,
10031200,991060,Occult Twinned Knight Swords,神秘のツインナイトソード,神秘骑士双头剑,Окультні подвійні мечі лицаря,,Оккультные парные клинки рыцаря,,
10050000,9959D0,Eleonora's Poleblade,エレオノーラの双薙刀,艾琉诺拉双头刀,Клинок Елеонори,,Нагината Элеоноры,,
10060000,9980E0,Abundance and Decay Twinblade,,,,,,,
10070000,99A7F0,Abundance Twinblade,,,,,,,
10080000,99CF00,Gargoyle's Twinblade,ガーゴイルの両刃剣,石像鬼双头剑,Подвійний клинок гаргульї,,Парный клинок горгульи,,
10080100,99CF64,Gargoyle's Heavy Twinblade,重厚なガーゴイル両刃剣,厚重石像鬼双头剑,Важкий подвійний клинок гаргульї,,Тяжёлый парный клинок горгульи,,
10080200,99CFC8,Gargoyle's Keen Twinblade,鋭利なガーゴイル両刃剣,锋利石像鬼双头剑,Стрімкий подвійний клинок гаргульї,,Острый парный клинок горгульи,,
10080300,99D02C,Gargoyle's Quality Twinblade,上質なガーゴイル両刃剣,优质石像鬼双头剑,Якісний подвійний клинок гаргульї,,Качественный парный клинок горгульи,,
10080400,99D090,Gargoyle's Fire Twinblade,炎のガーゴイル両刃剣,火焰石像鬼双头剑,Вогняний подвійний клинок гаргульї,,Огненный парный клинок горгульи,,
10080500,99D0F4,Gargoyle's Flame Art Twinblade,炎術のガーゴイル両刃剣,焰术石像鬼双头剑,Полум'яний подвійний клинок гаргульї,,Пылающий парный клинок горгульи,,
10080600,99D158,Gargoyle's Lightning Twinblade,雷のガーゴイル両刃剣,雷电石像鬼双头剑,Блискавковий подвійний клинок гаргульї,,Громовой парный клинок горгульи,,
10080700,99D1BC,Gargoyle's Sacred Twinblade,神聖なガーゴイル両刃剣,神圣石像鬼双头剑,Священний подвійний клинок гаргульї,,Священный парный клинок горгульи,,
10080800,99D220,Gargoyle's Magic Twinblade,魔力のガーゴイル両刃剣,魔力石像鬼双头剑,Магічний подвійний клинок гаргульї,,Зачарованный парный клинок горгульи,,
10080900,99D284,Gargoyle's Cold Twinblade,冷たいガーゴイル両刃剣,寒冷石像鬼双头剑,Морозний подвійний клинок гаргульї,,Морозный парный клинок горгульи,,
10081000,99D2E8,Gargoyle's Poison Twinblade,毒のガーゴイル両刃剣,毒石像鬼双头剑,Отруйний подвійний клинок гаргульї,,Отравленный парный клинок горгульи,,
10081100,99D34C,Gargoyle's Blood Twinblade,血のガーゴイル両刃剣,血石像鬼双头剑,Кривавий подвійний клинок гаргульї,,Кровавый парные клинки горгульи,,
10081200,99D3B0,Gargoyle's Occult Twinblade,神秘のガーゴイル両刃剣,神秘石像鬼双头剑,Окультний подвійний клинок гаргульї,,Оккультный парные клинки горгульи,,
10090000,99F610,Gargoyle's Black Blades,ガーゴイルの黒両刃,石像鬼黑双头剑,Чорні клинки гаргульї,,Чёрные клинки горгульи,,
10090100,99F674,Gargoyle's Heavy Black Blades,,,,,,,
10090200,99F6D8,Gargoyle's Keen Black Blades,,,,,,,
10090300,99F73C,Gargoyle's Quality Black Blades,,,,,,,
10090400,99F7A0,Gargoyle's Fire Black Blades,,,,,,,
10090500,99F804,Gargoyle's Flame Art Black Blades,,,,,,,
10090600,99F868,Gargoyle's Lightning Black Blades,,,,,,,
10090700,99F8CC,Gargoyle's Sacred Black Blades,,,,,,,
10090800,99F930,Gargoyle's Magic Black Blades,,,,,,,
10090900,99F994,Gargoyle's Cold Black Blades,,,,,,,
10091000,99F9F8,Gargoyle's Poison Black Blades,,,,,,,
10091100,99FA5C,Gargoyle's Blood Black Blades,,,,,,,
10091200,99FAC0,Gargoyle's Occult Black Blades,,,,,,,
11000000,A7D8C0,Mace,メイス,锤矛,Булава,,Булава,,
11000100,A7D924,Heavy Mace,重厚なメイス,厚重锤矛,Важка булава,,Тяжёлая булава,,
11000200,A7D988,Keen Mace,鋭利なメイス,锋利锤矛,Стрімка булава,,Острая булава,,
11000300,A7D9EC,Quality Mace,上質なメイス,优质锤矛,Якісна булава,,Качественная булава,,
11000400,A7DA50,Fire Mace,炎のメイス,火焰锤矛,Вогняна булава,,Огненная булава,,
11000500,A7DAB4,Flame Art Mace,炎術のメイス,焰术锤矛,Полум'яна булава,,Пылающая булава,,
11000600,A7DB18,Lightning Mace,雷のメイス,雷电锤矛,Блискавкова булава,,Громовая булава,,
11000700,A7DB7C,Sacred Mace,神聖なメイス,神圣锤矛,Священна булава,,Священная булава,,
11000800,A7DBE0,Magic Mace,魔力のメイス,魔力锤矛,Магічна булава,,Зачарованная булава,,
11000900,A7DC44,Cold Mace,冷たいメイス,寒冷锤矛,Морозна булава,,Морозная булава,,
11001000,A7DCA8,Poison Mace,毒のメイス,毒锤矛,Отруйна булава,,Отравленная булава,,
11001100,A7DD0C,Blood Mace,血のメイス,血锤矛,Кривава булава,,Кровавая булава,,
11001200,A7DD70,Occult Mace,神秘のメイス,神秘锤矛,Окультна булава,,Оккультная булава,,
11010000,A7FFD0,Club,クラブ,棍棒,Довбня,,Дубина,,
11010100,A80034,Heavy Club,重厚なクラブ,厚重棍棒,Важка довбня,,Тяжелая дубина,,
11010200,A80098,Keen Club,鋭利なクラブ,锋利棍棒,Стрімка довбня,,Острая дубина,,
11010300,A800FC,Quality Club,上質なクラブ,优质棍棒,Якісна довбня,,Качественная дубина,,
11010400,A80160,Fire Club,炎のクラブ,火焰棍棒,Вогняна довбня,,Огненная дубина,,
11010500,A801C4,Flame Art Club,炎術のクラブ,焰术棍棒,Полум'яна довбня,,Пылающая дубина,,
11010600,A80228,Lightning Club,雷のクラブ,雷电棍棒,Блискавкова довбня,,Громовая дубина,,
11010700,A8028C,Sacred Club,神聖なクラブ,神圣棍棒,Священна довбня,,Священная дубина,,
11010800,A802F0,Magic Club,魔力のクラブ,魔力棍棒,Магічна довбня,,Зачарованная дубина,,
11010900,A80354,Cold Club,冷たいクラブ,寒冷棍棒,Морозна довбня,,Морозная дубина,,
11011000,A803B8,Poison Club,毒のクラブ,毒棍棒,Отруйна довбня,,Отравленная дубина,,
11011100,A8041C,Bloody Club,血のクラブ,血棍棒,Кривава довбня,,Окровавленная дубина,,
11011200,A80480,Occult Club,神秘のクラブ,神秘棍棒,Окультна довбня,,Оккультная дубина,,
11030000,A84DF0,Curved Club,曲り棍棒,弯曲棍棒,Вигнута довбня,,Изогнутая дубина,,
11030100,A84E54,Heavy Curved Club,重厚な曲り棍棒,厚重弯曲棍棒,Важка вигнута довбня,,Тяжёлая изогнутая дубина,,
11030200,A84EB8,Keen Curved Club,鋭利な曲り棍棒,锋利弯曲棍棒,Стрімка вигнута довбня,,Острая изогнутая дубина,,
11030300,A84F1C,Quality Curved Club,上質な曲り棍棒,优质弯曲棍棒,Якісна вигнута довбня,,Качественная изогнутая дубина,,
11030400,A84F80,Fire Curved Club,炎の曲り棍棒,火焰弯曲棍棒,Вогняна вигнута довбня,,Огненная изогнутая дубина,,
11030500,A84FE4,Flame Art Curved Club,炎術の曲り棍棒,焰术弯曲棍棒,Полум'яна вигнута довбня,,Пылающая изогнутая дубина,,
11030600,A85048,Lightning Curved Club,雷の曲り棍棒,雷电弯曲棍棒,Блискавкова вигнута довбня,,Громовая изогнутая дубина,,
11030700,A850AC,Sacred Curved Club,神聖な曲り棍棒,神圣弯曲棍棒,Священна вигнута довбня,,Священная изогнутая дубина,,
11030800,A85110,Magic Curved Club,魔力の曲り棍棒,魔力弯曲棍棒,Магічна вигнута довбня,,Зачарованная изогнутая дубина,,
11030900,A85174,Cold Curved Club,冷たい曲り棍棒,寒冷弯曲棍棒,Морозна вигнута довбня,,Морозная изогнутая дубина,,
11031000,A851D8,Poison Curved Club,毒の曲り棍棒,毒弯曲棍棒,Отруйна вигнута довбня,,Отравленная изогнутая дубина,,
11031100,A8523C,Blood Curved Club,血の曲り棍棒,血弯曲棍棒,Кривава вигнута довбня,,Кровавая изогнутая дубина,,
11031200,A852A0,Occult Curved Club,神秘の曲り棍棒,神秘弯曲棍棒,Окультна вигнута довбня,,Оккультная изогнутая дубина,,
11040000,A87500,Warpick,ウォーピック,战镐,Клевець,,Клевец,,
11040100,A87564,Heavy Warpick,重厚なウォーピック,厚重战镐,Важкий клевець,,Тяжёлый клевец,,
11040200,A875C8,Keen Warpick,鋭利なウォーピック,锋利战镐,Стрімкий клевець,,Острый клевец,,
11040300,A8762C,Quality Warpick,上質なウォーピック,优质战镐,Якісний клевець,,Качественный клевец,,
11040400,A87690,Fire Warpick,炎のウォーピック,火焰战镐,Вогняний клевець,,Огненный клевец,,
11040500,A876F4,Flame Art Warpick,炎術のウォーピック,焰术战镐,Полум'яний клевець,,Пылающий клевец,,
11040600,A87758,Lightning Warpick,雷のウォーピック,雷电战镐,Блискавковий клевець,,Громовой клевец,,
11040700,A877BC,Sacred Warpick,神聖なウォーピック,神圣战镐,Священний клевець,,Священный клевец,,
11040800,A87820,Magic Warpick,魔力のウォーピック,魔力战镐,Магічний клевець,,Зачарованный клевец,,
11040900,A87884,Cold Warpick,冷たいウォーピック,寒冷战镐,Морозний клевець,,Морозный клевец,,
11041000,A878E8,Poison Warpick,毒のウォーピック,毒战镐,Отруйний клевець,,Отравленный клевец,,
11041100,A8794C,Blood Warpick,血のウォーピック,血战镐,Кривавий клевець,,Кровавый клевец,,
11041200,A879B0,Occult Warpick,神秘のウォーピック,神秘战镐,Окультний клевець,,Оккультный клевец,,
11050000,A89C10,Morning Star,モーニングスター,晨星锤,Моргенштерн,,Моргенштерн,,
11050100,A89C74,Heavy Morning Star,重厚なモーニングスター,厚重晨星锤,Важкий моргенштерн,,Тяжёлый моргенштерн,,
11050200,A89CD8,Keen Morning Star,鋭利なモーニングスター,锋利晨星锤,Стрімкий моргенштерн,,Острый моргенштерн,,
11050300,A89D3C,Quality Morning Star,上質なモーニングスター,优质晨星锤,Якісний моргенштерн,,Качественный моргенштерн,,
11050400,A89DA0,Fire Morning Star,炎のモーニングスター,火焰晨星锤,Вогняний моргенштерн,,Огненный моргенштерн,,
11050500,A89E04,Flame Art Morning Star,炎術のモーニングスター,焰术晨星锤,Полум'яний моргенштерн,,Пылающий моргенштерн,,
11050600,A89E68,Lightning Morning Star,雷のモーニングスター,雷电晨星锤,Блискавковий моргенштерн,,Громовой моргенштерн,,
11050700,A89ECC,Sacred Morning Star,神聖なモーニングスター,神圣晨星锤,Священний моргенштерн,,Священный моргенштерн,,
11050800,A89F30,Magic Morning Star,魔力のモーニングスター,魔力晨星锤,Магічний моргенштерн,,Зачарованный моргенштерн,,
11050900,A89F94,Cold Morning Star,冷たいモーニングスター,寒冷晨星锤,Морозний моргенштерн,,Морозный моргенштерн,,
11051000,A89FF8,Poison Morning Star,毒のモーニングスター,毒晨星锤,Отруйний моргенштерн,,Отравленный моргенштерн,,
11051100,A8A05C,Blood Morning Star,血のモーニングスター,血晨星锤,Кривавий моргенштерн,,Кровавый моргенштерн,,
11051200,A8A0C0,Occult Morning Star,神秘のモーニングスター,神秘晨星锤,Окультний моргенштерн,,Оккультный моргенштерн,,
11060000,A8C320,Varré's Bouquet,ヴァレーの花束,梵雷的花束,Букет Варре,,Букет Варрэ,,
11060100,A8C384,Heavy Varré's Bouquet,,,,,,,
11060200,A8C3E8,Keen Varré's Bouquet,,,,,,,
11060300,A8C44C,Quality Varré's Bouquet,,,,,,,
11060400,A8C4B0,Fire Varré's Bouquet,,,,,,,
11060500,A8C514,Flame Art Varré's Bouquet,,,,,,,
11060600,A8C578,Lightning Varré's Bouquet,,,,,,,
11060700,A8C5DC,Sacred Varré's Bouquet,,,,,,,
11060800,A8C640,Magic Varré's Bouquet,,,,,,,
11060900,A8C6A4,Cold Varré's Bouquet,,,,,,,
11061000,A8C708,Poison Varré's Bouquet,,,,,,,
11061100,A8C76C,Blood Varré's Bouquet,,,,,,,
11061200,A8C7D0,Occult Varré's Bouquet,,,,,,,
11070000,A8EA30,Spiked Club,牙付き棍棒,兽牙棒,Шипована довбня,,Шипастая дубина,,
11070100,A8EA94,Heavy Spiked Club,重厚な牙付き棍棒,厚重兽牙棒,Важка шипована довбня,,Тяжёлая шипастая дубина,,
11070200,A8EAF8,Keen Spiked Club,鋭利な牙付き棍棒,锋利兽牙棒,Стрімка шипована довбня,,Острая шипастая дубина,,
11070300,A8EB5C,Quality Spiked Club,上質な牙付き棍棒,优质兽牙棒,Якісна шипована довбня,,Качественная шипастая дубина,,
11070400,A8EBC0,Fire Spiked Club,炎の牙付き棍棒,火焰兽牙棒,Вогняна шипована довбня,,Огненная шипастая дубина,,
11070500,A8EC24,Flame Art Spiked Club,炎術の牙付き棍棒,焰术兽牙棒,Полум'яна шипована довбня,,Пылающая шипастая дубина,,
11070600,A8EC88,Lightning Spiked Club,雷の牙付き棍棒,雷电兽牙棒,Блискавкова шипована довбня,,Громовая шипастая дубина,,
11070700,A8ECEC,Sacred Spiked Club,神聖な牙付き棍棒,神圣兽牙棒,Священна шипована довбня,,Священная шипастая дубина,,
11070800,A8ED50,Magic Spiked Club,魔力の牙付き棍棒,魔力兽牙棒,Магічна шипована довбня,,Зачарованная шипастая дубина,,
11070900,A8EDB4,Cold Spiked Club,冷たい牙付き棍棒,寒冷兽牙棒,Морозна шипована довбня,,Морозная шипастая дубина,,
11071000,A8EE18,Poison Spiked Club,毒の牙付き棍棒,毒兽牙棒,Отруйна шипована довбня,,Отравленная шипастая дубина,,
11071100,A8EE7C,Blood Spiked Club,血の牙付き棍棒,血兽牙棒,Кривава шипована довбня,,Кровавая шипастая дубина,,
11071200,A8EEE0,Occult Spiked Club,神秘の牙付き棍棒,神秘兽牙棒,Окультна шипована довбня,,Оккультная шипастая дубина,,
11080000,A91140,Hammer,ハンマー,石槌,Молот,,Молот,,
11080100,A911A4,Heavy Hammer,重厚なハンマー,厚重石槌,Важкий молот,,Тяжёлый молот,,
11080200,A91208,Keen Hammer,鋭利なハンマー,锋利石槌,Стрімкий молот,,Острый молот,,
11080300,A9126C,Quality Hammer,上質なハンマー,优质石槌,Якісний молот,,Качественный молот,,
11080400,A912D0,Fire Hammer,炎のハンマー,火焰石槌,Вогняний молот,,Огненный молот,,
11080500,A91334,Flame Art Hammer,炎術のハンマー,焰术石槌,Полум'яний молот,,Пылающий молот,,
11080600,A91398,Lightning Hammer,雷のハンマー,雷电石槌,Блискавковий молот,,Громовой молот,,
11080700,A913FC,Sacred Hammer,神聖なハンマー,神圣石槌,Священний молот,,Священный молот,,
11080800,A91460,Magic Hammer,魔力のハンマー,魔力石槌,Магічний молот,,Зачарованный молот,,
11080900,A914C4,Cold Hammer,冷たいハンマー,寒冷石槌,Морозний молот,,Морозный молот,,
11081000,A91528,Poison Hammer,毒のハンマー,毒石槌,Отруйний молот,,Отравленный молот,,
11081100,A9158C,Blood Hammer,血のハンマー,血石槌,Кривавий молот,,Кровавый молот,,
11081200,A915F0,Occult Hammer,神秘のハンマー,神秘石槌,Окультний молот,,Оккультный молот,,
11090000,A93850,Monk's Flamemace,僧兵の炎姿槌,习武修士火纹锤,Вогнебулава монаха,,Горящая булава монаха,,
11090100,A938B4,Monk's Heavy Flamemace,重厚な僧兵炎姿槌,厚重习武修士火纹锤,Важка вогнебулава монаха,,Тяжёлая горящая булава монаха,,
11090200,A93918,Monk's Keen Flamemace,鋭利な僧兵炎姿槌,锋利习武修士火纹锤,Стрімка вогнебулава монаха,,Острая горящая булава монаха,,
11090300,A9397C,Monk's Quality Flamemace,上質な僧兵炎姿槌,优质习武修士火纹锤,Якісна вогнебулава монаха,,Качественная горящая булава монаха,,
11090400,A939E0,Monk's Fire Flamemace,炎の僧兵炎姿槌,火焰习武修士火纹锤,Вогняна вогнебулава монаха,,Огненная горящая булава монаха,,
11090500,A93A44,Monk's Flame Art Flamemace,炎術の僧兵炎姿槌,焰术习武修士火纹锤,Полум'яна вогнебулава монаха,,Пылающая горящая булава монаха,,
11090600,A93AA8,Monk's Lightning Flamemace,雷の僧兵炎姿槌,雷电习武修士火纹锤,Блискавкова вогнебулава монаха,,Громовая горящая булава монаха,,
11090700,A93B0C,Monk's Sacred Flamemace,神聖な僧兵炎姿槌,神圣习武修士火纹锤,Священна вогнебулава монаха,,Священная горящая булава монаха,,
11090800,A93B70,Monk's Magic Flamemace,魔力の僧兵炎姿槌,魔力习武修士火纹锤,Магічна вогнебулава монаха,,Зачарованная горящая булава монаха,,
11090900,A93BD4,Monk's Cold Flamemace,冷たい僧兵炎姿槌,寒冷习武修士火纹锤,Морозна вогнебулава монаха,,Морозная горящая булава монаха,,
11091000,A93C38,Monk's Poison Flamemace,毒の僧兵炎姿槌,毒习武修士火纹锤,Отруйна вогнебулава монаха,,Отравленная горящая булава монаха,,
11091100,A93C9C,Monk's Blood Flamemace,血の僧兵炎姿槌,血习武修士火纹锤,Кривава вогнебулава монаха,,Кровавая горящая булава монаха,,
11091200,A93D00,Monk's Occult Flamemace,神秘の僧兵炎姿槌,神秘习武修士火纹锤,Окультна вогнебулава монаха,,Оккультная горящая булава монаха,,
11100000,A95F60,Envoy's Horn,使者たちの笛,众使者的笛子,Ріг посланця,,Рожок посланца,,
11110000,A98670,Scepter of the All-Knowing,百智の王笏,百智权杖,Скіпетр Всезнавця,,Скипетр Всеведущего,,
11120000,A9AD80,Nox Flowing Hammer,ノクスの流体槌,诺克斯流体锤,Плинний молот нокса,,Текучий молот Нокса,,
11130000,A9D490,Ringed Finger,指輪指,戒指指头,Палець з перснями,,Палец с перстнем,,
11140000,A9FBA0,Stone Club,石の棍棒,石棍棒,Кам'яна довбня,,Каменная дубина,,
11140100,A9FC04,Heavy Stone Club,重厚な石棍棒,厚重石棍棒,Важка кам'яна довбня,,Тяжёлая каменная дубина,,
11140200,A9FC68,Keen Stone Club,鋭利な石棍棒,锋利石棍棒,Стрімка кам'яна довбня,,Острая каменная дубина,,
11140300,A9FCCC,Quality Stone Club,上質な石棍棒,优质石棍棒,Якісна кам'яна довбня,,Качественная каменная дубина,,
11140400,A9FD30,Fire Stone Club,炎の石棍棒,火焰石棍棒,Вогняна кам'яна довбня,,Огненная каменная дубина,,
11140500,A9FD94,Flame Art Stone Club,炎術の石棍棒,焰术石棍棒,Полум'яна кам'яна довбня,,Пылающая каменная дубина,,
11140600,A9FDF8,Lightning Stone Club,雷の石棍棒,雷电石棍棒,Блискавкова кам'яна довбня,,Громовая каменная дубина,,
11140700,A9FE5C,Sacred Stone Club,神聖な石棍棒,神圣石棍棒,Священна кам'яна довбня,,Священная каменная дубина,,
11140800,A9FEC0,Magic Stone Club,魔力の石棍棒,魔力石棍棒,Магічна кам'яна довбня,,Зачарованная каменная дубина,,
11140900,A9FF24,Cold Stone Club,冷たい石棍棒,寒冷石棍棒,Морозна кам'яна довбня,,Морозная каменная дубина,,
11141000,A9FF88,Poison Stone Club,毒の石棍棒,毒石棍棒,Отруйна кам'яна довбня,,Отравленная каменная дубина,,
11141100,A9FFEC,Blood Stone Club,血の石棍棒,血石棍棒,Кривава кам'яна довбня,,Кровавая каменная дубина,,
11141200,AA0050,Occult Stone Club,神秘の石棍棒,神秘石棍棒,Окультна кам'яна довбня,,Оккультная каменная дубина,,
11150000,AA22B0,Marika's Hammer,マリカの槌,玛莉卡的石槌,Молот Маріки,,Молот Марики,,
11160000,AA49C0,Father Marika's Hammer,,,,,,,
11160100,AA4A24,Heavy Marika's Hammer,,,,,,,
11160200,AA4A88,Keen Marika's Hammer,,,,,,,
11160300,AA4AEC,Quality Marika's Hammer,,,,,,,
11160400,AA4B50,Fire Marika's Hammer,,,,,,,
11160500,AA4BB4,Flame Art Marika's Hammer,,,,,,,
11160600,AA4C18,Lightning Marika's Hammer,,,,,,,
11160700,AA4C7C,Sacred Marika's Hammer,,,,,,,
11160800,AA4CE0,Magic Marika's Hammer,,,,,,,
11160900,AA4D44,Cold Marika's Hammer,,,,,,,
11161000,AA4DA8,Poison Marika's Hammer,,,,,,,
11161100,AA4E0C,Blood Marika's Hammer,,,,,,,
11161200,AA4E70,Occult Marika's Hammer,,,,,,,
12000000,B71B00,Large Club,ラージクラブ,大棍棒,Велика довбня,,Крупная дубина,,
12000100,B71B64,Heavy Large Club,重厚なラージクラブ,厚重大棍棒,Важка велика довбня,,Тяжёлая крупная дубина,,
12000200,B71BC8,Keen Large Club,鋭利なラージクラブ,锋利大棍棒,Стрімка велика довбня,,Острая крупная дубина,,
12000300,B71C2C,Quality Large Club,上質なラージクラブ,优质大棍棒,Якісна велика довбня,,Качественная крупная дубина,,
12000400,B71C90,Fire Large Club,炎のラージクラブ,火焰大棍棒,Вогняна велика довбня,,Огненная крупная дубина,,
12000500,B71CF4,Flame Art Large Club,炎術のラージクラブ,焰术大棍棒,Полум'яна велика довбня,,Пылающая крупная дубина,,
12000600,B71D58,Lightning Large Club,雷のラージクラブ,雷电大棍棒,Блискавкова велика довбня,,Громовая крупная дубина,,
12000700,B71DBC,Sacred Large Club,神聖なラージクラブ,神圣大棍棒,Священна велика довбня,,Священная крупная дубина,,
12000800,B71E20,Magic Large Club,魔力のラージクラブ,魔力大棍棒,Магічна велика довбня,,Зачарованная крупная дубина,,
12000900,B71E84,Cold Large Club,冷たいラージクラブ,寒冷大棍棒,Морозна велика довбня,,Морозная крупная дубина,,
12001000,B71EE8,Poison Large Club,毒のラージクラブ,毒大棍棒,Отруйна велика довбня,,Отравленная крупная дубина,,
12001100,B71F4C,Blood Large Club,血のラージクラブ,血大棍棒,Кривава велика довбня,,Кровавая крупная дубина,,
12001200,B71FB0,Occult Large Club,神秘のラージクラブ,神秘大棍棒,Окультна велика довбня,,Оккультная крупная дубина,,
12010000,B74210,Greathorn Hammer,大角の槌,大角槌,Молот великого рогу,,Большой молот,,
12010100,B74274,Heavy Greathorn Hammer,重厚な大角槌,厚重大角槌,Важкий молот великого рогу,,Тяжёлый большой молот,,
12010200,B742D8,Keen Greathorn Hammer,鋭利な大角槌,锋利大角槌,Стрімкий молот великого рогу,,Острый большой молот,,
12010300,B7433C,Quality Greathorn Hammer,上質な大角槌,优质大角槌,Якісний молот великого рогу,,Качественный большой молот,,
12010400,B743A0,Fire Greathorn Hammer,炎の大角槌,火焰大角槌,Вогняний молот великого рогу,,Огненный большой молот,,
12010500,B74404,Flame Art Greathorn Hammer,炎術の大角槌,焰术大角槌,Полум'яний молот великого рогу,,Пылающий большой молот,,
12010600,B74468,Lightning Greathorn Hammer,雷の大角槌,雷电大角槌,Блискавковий молот великого рогу,,Громовой большой молот,,
12010700,B744CC,Sacred Greathorn Hammer,神聖な大角槌,神圣大角槌,Священний молот великого рогу,,Священный большой молот,,
12010800,B74530,Magic Greathorn Hammer,魔力の大角槌,魔力大角槌,Магічний молот великого рогу,,Зачарованный большой молот,,
12010900,B74594,Cold Greathorn Hammer,冷たい大角槌,寒冷大角槌,Морозний молот великого рогу,,Морозный большой молот,,
12011000,B745F8,Poison Greathorn Hammer,毒の大角槌,毒大角槌,Отруйний молот великого рогу,,Отравленный большой молот,,
12011100,B7465C,Blood Greathorn Hammer,血の大角槌,血大角槌,Кривавий молот великого рогу,,Кровавый большой молот,,
12011200,B746C0,Occult Greathorn Hammer,神秘の大角槌,神秘大角槌,Окультний молот великого рогу,,Оккультный большой молот,,
12020000,B76920,Battle Hammer,バトルハンマー,战锤,Бойовий молот,,Чекан,,
12020100,B76984,Heavy Battle Hammer,重厚なバトルハンマー,厚重战锤,Важкий бойовий молот,,Тяжёлый чекан,,
12020200,B769E8,Keen Battle Hammer,鋭利なバトルハンマー,锋利战锤,Стрімкий бойовий молот,,Острый чекан,,
12020300,B76A4C,Quality Battle Hammer,上質なバトルハンマー,优质战锤,Якісний бойовий молот,,Качественный чекан,,
12020400,B76AB0,Fire Battle Hammer,炎のバトルハンマー,火焰战锤,Вогняний бойовий молот,,Огненный чекан,,
12020500,B76B14,Flame Art Battle Hammer,炎術のバトルハンマー,焰术战锤,Полум'яний бойовий молот,,Пылающий чекан,,
12020600,B76B78,Lightning Battle Hammer,雷のバトルハンマー,雷电战锤,Блискавковий бойовий молот,,Громовой чекан,,
12020700,B76BDC,Sacred Battle Hammer,神聖なバトルハンマー,神圣战锤,Священний бойовий молот,,Священный чекан,,
12020800,B76C40,Magic Battle Hammer,魔力のバトルハンマー,魔力战锤,Магічний бойовий молот,,Зачарованный чекан,,
12020900,B76CA4,Cold Battle Hammer,冷たいバトルハンマー,寒冷战锤,Морозний бойовий молот,,Морозный чекан,,
12021000,B76D08,Poison Battle Hammer,毒のバトルハンマー,毒战锤,Отруйний бойовий молот,,Отравленный чекан,,
12021100,B76D6C,Blood Battle Hammer,血のバトルハンマー,血战锤,Кривавий бойовий молот,,Кровавый чекан,,
12021200,B76DD0,Occult Battle Hammer,神秘のバトルハンマー,神秘战锤,Окультний бойовий молот,,Оккультный чекан,,
12060000,B80560,Great Mace,グレートメイス,巨型锤矛,Велика булава,,Большая булава,,
12060100,B805C4,Heavy Great Mace,重厚なグレートメイス,厚重巨型锤矛,Важка велика булава,,Тяжёлая большая булава,,
12060200,B80628,Keen Great Mace,鋭利なグレートメイス,锋利巨型锤矛,Стрімка велика булава,,Острая большая булава,,
12060300,B8068C,Quality Great Mace,上質なグレートメイス,优质巨型锤矛,Якісна велика булава,,Качественная большая булава,,
12060400,B806F0,Fire Great Mace,炎のグレートメイス,火焰巨型锤矛,Вогняна велика булава,,Огненная большая булава,,
12060500,B80754,Flame Art Great Mace,炎術のグレートメイス,焰术巨型锤矛,Полум'яна велика булава,,Пылающая большая булава,,
12060600,B807B8,Lightning Great Mace,雷のグレートメイス,雷电巨型锤矛,Блискавкова велика булава,,Громовая большая булава,,
12060700,B8081C,Sacred Great Mace,神聖なグレートメイス,神圣巨型锤矛,Священна велика булава,,Священная большая булава,,
12060800,B80880,Magic Great Mace,魔力のグレートメイス,魔力巨型锤矛,Магічна велика булава,,Зачарованная большая булава,,
12060900,B808E4,Cold Great Mace,冷たいグレートメイス,寒冷巨型锤矛,Морозна велика булава,,Морозная большая булава,,
12061000,B80948,Poison Great Mace,毒のグレートメイス,毒巨型锤矛,Отруйна велика булава,,Отравленная большая булава,,
12061100,B809AC,Blood Great Mace,血のグレートメイス,血巨型锤矛,Кривава велика булава,,Кровавая большая булава,,
12061200,B80A10,Occult Great Mace,神秘のグレートメイス,神秘巨型锤矛,Окультна велика булава,,Оккультная большая булава,,
12080000,B85380,Curved Great Club,曲り大棍棒,弯曲大棍棒,Вигнута велика булава,,Изогнутая большая дубина,,
12080100,B853E4,Heavy Curved Great Club,重厚な曲り大棍棒,厚重弯曲大棍棒,Важка вигнута велика булава,,Тяжёлая изогнутая большая дубина,,
12080200,B85448,Keen Curved Great Club,鋭利な曲り大棍棒,锋利弯曲大棍棒,Стрімка вигнута велика булава,,Острая изогнутая большая дубина,,
12080300,B854AC,Quality Curved Great Club,上質な曲り大棍棒,优质弯曲大棍棒,Якісна вигнута велика булава,,Качественная изогнутая большая дубина,,
12080400,B85510,Fire Curved Great Club,炎の曲り大棍棒,火焰弯曲大棍棒,Вогняна вигнута велика булава,,Огненная изогнутая большая дубина,,
12080500,B85574,Flame Art Curved Great Club,炎術の曲り大棍棒,焰术弯曲大棍棒,Полум'яна вигнута велика булава,,Пылающая изогнутая большая дубина,,
12080600,B855D8,Lightning Curved Great Club,雷の曲り大棍棒,雷电弯曲大棍棒,Блискавкова вигнута велика булава,,Громовая изогнутая большая дубина,,
12080700,B8563C,Sacred Curved Great Club,神聖な曲り大棍棒,神圣弯曲大棍棒,Священна вигнута велика булава,,Священная изогнутая большая дубина,,
12080800,B856A0,Magic Curved Great Club,魔力の曲り大棍棒,魔力弯曲大棍棒,Магічна вигнута велика булава,,Зачарованная изогнутая большая дубина,,
12080900,B85704,Cold Curved Great Club,冷たい曲り大棍棒,寒冷弯曲大棍棒,Морозна вигнута велика булава,,Морозная изогнутая большая дубина,,
12081000,B85768,Poison Curved Great Club,毒の曲り大棍棒,毒弯曲大棍棒,Отруйна вигнута велика булава,,Отравленная изогнутая большая дубина,,
12081100,B857CC,Blood Curved Great Club,血の曲り大棍棒,血弯曲大棍棒,Кривава вигнута велика булава,,Кровавая изогнутая большая дубина,,
12081200,B85830,Occult Curved Great Club,神秘の曲り大棍棒,神秘弯曲大棍棒,Окультна вигнута велика булава,,Оккультная изогнутая большая дубина,,
12130000,B916D0,Celebrant's Skull,祝祭の大頭蓋,庆典大头盖骨,Урочистий череп,,Праздничный череп,,
12130100,B91734,Celebrant's Heavy Skull,重厚な祝祭大頭蓋,厚重庆典大头盖骨,Важкий урочистий череп,,Тяжёлый праздничный череп,,
12130200,B91798,Celebrant's Keen Skull,鋭利な祝祭大頭蓋,锋利庆典大头盖骨,Стрімкий урочистий череп,,Острый праздничный череп,,
12130300,B917FC,Celebrant's Quality Skull,上質な祝祭大頭蓋,优质庆典大头盖骨,Якісний урочистий череп,,Качественный праздничный череп,,
12130400,B91860,Celebrant's Fire Skull,炎の祝祭大頭蓋,火焰庆典大头盖骨,Вогняний урочистий череп,,Огненный праздничный череп,,
12130500,B918C4,Celebrant's Flame Art Skull,炎術の祝祭大頭蓋,焰术庆典大头盖骨,Полум'яний урочистий череп,,Пылающий праздничный череп,,
12130600,B91928,Celebrant's Lightning Skull,雷の祝祭大頭蓋,雷电庆典大头盖骨,Блискавковий урочистий череп,,Громовой праздничный череп,,
12130700,B9198C,Celebrant's Sacred Skull,神聖な祝祭大頭蓋,神圣庆典大头盖骨,Священний урочистий череп,,Священный праздничный череп,,
12130800,B919F0,Celebrant's Magic Skull,魔力の祝祭大頭蓋,魔力庆典大头盖骨,Магічний урочистий череп,,Зачарованный праздничный череп,,
12130900,B91A54,Celebrant's Cold Skull,冷たい祝祭大頭蓋,寒冷庆典大头盖骨,Морозний урочистий череп,,Морозный праздничный череп,,
12131000,B91AB8,Celebrant's Poison Skull,毒の祝祭大頭蓋,毒庆典大头盖骨,Отруйний урочистий череп,,Отравленный праздничный череп,,
12131100,B91B1C,Celebrant's Blood Skull,血の祝祭大頭蓋,血庆典大头盖骨,Кривавий урочистий череп,,Кровавый праздничный череп,,
12131200,B91B80,Celebrant's Occult Skull,神秘の祝祭大頭蓋,神秘庆典大头盖骨,Окультний урочистий череп,,Оккультный праздничный череп,,
12140000,B93DE0,Pickaxe,つるはし,十字镐,Кирка,,Кирка,,
12140100,B93E44,Heavy Pickaxe,重厚なつるはし,厚重十字镐,Важка кирка,,Тяжёлая кирка,,
12140200,B93EA8,Keen Pickaxe,鋭利なつるはし,锋利十字镐,Стрімка кирка,,Острая кирка,,
12140300,B93F0C,Quality Pickaxe,上質なつるはし,优质十字镐,Якісна кирка,,Качественная кирка,,
12140400,B93F70,Fire Pickaxe,炎のつるはし,火焰十字镐,Вогняна кирка,,Огненная кирка,,
12140500,B93FD4,Flame Art Pickaxe,炎術のつるはし,焰术十字镐,Полум'яна кирка,,Пылающая кирка,,
12140600,B94038,Lightning Pickaxe,雷のつるはし,雷电十字镐,Блискавкова кирка,,Громовая кирка,,
12140700,B9409C,Sacred Pickaxe,神聖なつるはし,神圣十字镐,Священна кирка,,Священная кирка,,
12140800,B94100,Magic Pickaxe,魔力のつるはし,魔力十字镐,Магічна кирка,,Зачарованная кирка,,
12140900,B94164,Cold Pickaxe,冷たいつるはし,寒冷十字镐,Морозна кирка,,Морозная кирка,,
12141000,B941C8,Poison Pickaxe,毒のつるはし,毒十字镐,Отруйна кирка,,Отравленная кирка,,
12141100,B9422C,Blood Pickaxe,血のつるはし,血十字镐,Кривава кирка,,Кровавая кирка,,
12141200,B94290,Occult Pickaxe,神秘のつるはし,神秘十字镐,Окультна кирка,,Оккультная кирка,,
12150000,B964F0,Beastclaw Greathammer,獣爪の大槌,兽爪大锤,Кігтевидний великий молот,,Звериный большой молот,,
12160000,B98C00,Envoy's Long Horn,使者たちの長笛,众使者的长笛子,Довгий ріг посланця,,Длинный рожок посланца,,
12170000,B9B310,Cranial Vessel Candlestand,尊顔の燭台,尊容烛台,Свічник із черепа,,Подсвечник из черепа,,
12180000,B9DA20,Great Stars,グレートスターズ,巨星锤,Великі зірки,,Большая звезда,,
12180100,B9DA84,Heavy Great Stars,重厚なグレートスターズ,厚重巨星锤,Важкі великі зірки,,Тяжёлые большие звёзды,,
12180200,B9DAE8,Keen Great Stars,鋭利なグレートスターズ,锋利巨星锤,Стрімкі великі зірки,,Острые большие звёзды,,
12180300,B9DB4C,Quality Great Stars,上質なグレートスターズ,优质巨星锤,Якісні великі зірки,,Качественные большие звёзды,,
12180400,B9DBB0,Fire Great Stars,炎のグレートスターズ,火焰巨星锤,Вогняні великі зірки,,Огненные большие звёзды,,
12180500,B9DC14,Flame Art Great Stars,炎術のグレートスターズ,焰术巨星锤,Полум'яні великі зірки,,Пылающие большие звёзды,,
12180600,B9DC78,Lightning Great Stars,雷のグレートスターズ,雷电巨星锤,Блискавкові великі зірки,,Громовые большие звёзды,,
12180700,B9DCDC,Sacred Great Stars,神聖なグレートスターズ,神圣巨星锤,Священні великі зірки,,Священные большие звёзды,,
12180800,B9DD40,Magic Great Stars,魔力のグレートスターズ,魔力巨星锤,Магічні великі зірки,,Зачарованные большие звёзды,,
12180900,B9DDA4,Cold Great Stars,冷たいグレートスターズ,寒冷巨星锤,Морозні великі зірки,,Морозные большие звёзды,,
12181000,B9DE08,Poison Great Stars,毒のグレートスターズ,毒巨星锤,Отруйні великі зірки,,Отравленные большие звёзды,,
12181100,B9DE6C,Blood Great Stars,血のグレートスターズ,血巨星锤,Криваві великі зірки,,Кровавые  большие звёзды,,
12181200,B9DED0,Occult Great Stars,神秘のグレートスターズ,神秘巨星锤,Окультні великі зірки,,Оккультные большие звёзды,,
12190000,BA0130,Brick Hammer,積石の槌,砌石槌,Кам'яний молот,,Каменный молот,,
12190100,BA0194,Heavy Brick Hammer,重厚な積石槌,厚重砌石槌,Важкий кам'яний молот,,Тяжёлый каменный молот,,
12190200,BA01F8,Keen Brick Hammer,鋭利な積石槌,锋利砌石槌,Стрімкий кам'яний молот,,Острый каменный молот,,
12190300,BA025C,Quality Brick Hammer,上質な積石槌,优质砌石槌,Якісний кам'яний молот,,Качественный каменный молот,,
12190400,BA02C0,Fire Brick Hammer,炎の積石槌,火焰砌石槌,Вогняний кам'яний молот,,Огненный каменный молот,,
12190500,BA0324,Flame Art Brick Hammer,炎術の積石槌,焰术砌石槌,Полум'яний кам'яний молот,,Пылающий каменный молот,,
12190600,BA0388,Lightning Brick Hammer,雷の積石槌,雷电砌石槌,Блискавковий кам'яний молот,,Громовой каменный молот,,
12190700,BA03EC,Sacred Brick Hammer,神聖な積石槌,神圣砌石槌,Священний кам'яний молот,,Священный каменный молот,,
12190800,BA0450,Magic Brick Hammer,魔力の積石槌,魔力砌石槌,Магічний кам'яний молот,,Зачарованный каменный молот,,
12190900,BA04B4,Cold Brick Hammer,冷たい積石槌,寒冷砌石槌,Морозний кам'яний молот,,Морозный каменный молот,,
12191000,BA0518,Poison Brick Hammer,毒の積石槌,毒砌石槌,Отруйний кам'яний молот,,Отравленный каменный молот,,
12191100,BA057C,Blood Brick Hammer,血の積石槌,血砌石槌,Кривавий кам'яний молот,,Кровавый каменный молот,,
12191200,BA05E0,Occult Brick Hammer,神秘の積石槌,神秘砌石槌,Окультний кам'яний молот,,Оккультный каменный молот,,
12200000,BA2840,Devourer's Scepter,世界喰らいの王笏,吞世权杖,Скіпетр поглинача,,Скипетр пожирателя,,
12210000,BA4F50,Rotten Battle Hammer,腐敗したバトルハンマー,腐败战锤,Гнилий бойовий молот,,Гнилой чекан,,
12210100,BA4FB4,Heavy Rotten Battle Hammer,重厚な腐敗バトルハンマー,厚重腐败战锤,Важкий гнилий бойовий молот,,Тяжёлый гнилой чекан,,
12210200,BA5018,Keen Rotten Battle Hammer,鋭利な腐敗バトルハンマー,锋利腐败战锤,Стрімкий гнилий бойовий молот,,Острый гнилой чекан,,
12210300,BA507C,Quality Rotten Battle Hammer,上質な腐敗バトルハンマー,优质腐败战锤,Якісний гнилий бойовий молот,,Качественный гнилой чекан,,
12210400,BA50E0,Fire Rotten Battle Hammer,炎の腐敗バトルハンマー,火焰腐败战锤,Вогняний гнилий бойовий молот,,Огненный гнилой чекан,,
12210500,BA5144,Flame Art Rotten Battle Hammer,炎術の腐敗バトルハンマー,焰术腐败战锤,Полум'яний гнилий бойовий молот,,Пылающий гнилой чекан,,
12210600,BA51A8,Lightning Rotten Battle Hammer,雷の腐敗バトルハンマー,雷电腐败战锤,Блискавковий гнилий бойовий молот,,Громовой гнилой чекан,,
12210700,BA520C,Sacred Rotten Battle Hammer,神聖な腐敗バトルハンマー,神圣腐败战锤,Священний гнилий бойовий молот,,Священный гнилой чекан,,
12210800,BA5270,Magic Rotten Battle Hammer,魔力の腐敗バトルハンマー,魔力腐败战锤,Магічний гнилий бойовий молот,,Зачарованный гнилой чекан,,
12210900,BA52D4,Cold Rotten Battle Hammer,冷たい腐敗バトルハンマー,寒冷腐败战锤,Морозний гнилий бойовий молот,,Морозный гнилой чекан,,
12211000,BA5338,Poison Rotten Battle Hammer,毒の腐敗バトルハンマー,毒腐败战锤,Отруйний гнилий бойовий молот,,Отравленный гнилой чекан,,
12211100,BA539C,Blood Rotten Battle Hammer,血の腐敗バトルハンマー,血腐败战锤,Кривавий гнилий бойовий молот,,Кровавый гнилой чекан,,
12211200,BA5400,Occult Rotten Battle Hammer,神秘の腐敗バトルハンマー,神秘腐败战锤,Окультний гнилий бойовий молот,,Оккультный гнилой чекан,,
13000000,C65D40,Nightrider Flail,夜騎兵のフレイル,黑夜骑兵连枷,Обушок нічного вершника,,Цеп ночной конницы,,
13000100,C65DA4,Heavy Nightrider Flail,重厚な夜騎兵フレイル,厚重黑夜骑兵连枷,Важкий обушок нічного вершника,,Тяжёлый цеп ночной конницы,,
13000200,C65E08,Keen Nightrider Flail,鋭利な夜騎兵フレイル,锋利黑夜骑兵连枷,Стрімкий обушок нічного вершника,,Острый цеп ночной конницы,,
13000300,C65E6C,Quality Nightrider Flail,上質な夜騎兵フレイル,优质黑夜骑兵连枷,Якісний обушок нічного вершника,,Качественный цеп ночной конницы,,
13000400,C65ED0,Fire Nightrider Flail,炎の夜騎兵フレイル,火焰黑夜骑兵连枷,Вогняний обушок нічного вершника,,Огненный цеп ночной конницы,,
13000500,C65F34,Flame Art Nightrider Flail,炎術の夜騎兵フレイル,焰术黑夜骑兵连枷,Полум'яний обушок нічного вершника,,Пылающий цеп ночной конницы,,
13000600,C65F98,Lightning Nightrider Flail,雷の夜騎兵フレイル,雷电黑夜骑兵连枷,Блискавковий обушок нічного вершника,,Громовой цеп ночной конницы,,
13000700,C65FFC,Sacred Nightrider Flail,神聖な夜騎兵フレイル,神圣黑夜骑兵连枷,Священний обушок нічного вершника,,Священный цеп ночной конницы,,
13000800,C66060,Magic Nightrider Flail,魔力の夜騎兵フレイル,魔力黑夜骑兵连枷,Магічний обушок нічного вершника,,Зачарованный цеп ночной конницы,,
13000900,C660C4,Cold Nightrider Flail,冷たい夜騎兵フレイル,寒冷黑夜骑兵连枷,Морозний обушок нічного вершника,,Морозный цеп ночной конницы,,
13001000,C66128,Poison Nightrider Flail,毒の夜騎兵フレイル,毒黑夜骑兵连枷,Отруйний обушок нічного вершника,,Отравленный цеп ночной конницы,,
13001100,C6618C,Blood Nightrider Flail,血の夜騎兵フレイル,血黑夜骑兵连枷,Кривавий обушок нічного вершника,,Кровавый цеп ночной конницы,,
13001200,C661F0,Occult Nightrider Flail,神秘の夜騎兵フレイル,神秘黑夜骑兵连枷,Окультний обушок нічного вершника,,Оккультный цеп ночной конницы,,
13010000,C68450,Flail,フレイル,连枷,Обушок,,Цеп,,
13010100,C684B4,Heavy Flail,重厚なフレイル,厚重连枷,Важкий обушок,,Тяжёлый цеп,,
13010200,C68518,Keen Flail,鋭利なフレイル,锋利连枷,Стрімкий обушок,,Острый цеп,,
13010300,C6857C,Quality Flail,上質なフレイル,优质连枷,Якісний обушок,,Качественный цеп,,
13010400,C685E0,Fire Flail,炎のフレイル,火焰连枷,Вогняний обушок,,Огненный цеп,,
13010500,C68644,Flame Art Flail,炎術のフレイル,焰术连枷,Полум'яний обушок,,Пылающий цеп,,
13010600,C686A8,Lightning Flail,雷のフレイル,雷电连枷,Блискавковий обушок,,Громовой цеп,,
13010700,C6870C,Sacred Flail,神聖なフレイル,神圣连枷,Священний обушок,,Священный цеп,,
13010800,C68770,Magic Flail,魔力のフレイル,魔力连枷,Магічний обушок,,Зачарованный цеп,,
13010900,C687D4,Cold Flail,冷たいフレイル,寒冷连枷,Морозний обушок,,Морозный цеп,,
13011000,C68838,Poison Flail,毒のフレイル,毒连枷,Отруйний обушок,,Отравленный цеп,,
13011100,C6889C,Blood Flail,血のフレイル,血连枷,Кривавий обушок,,Кровавый цеп,,
13011200,C68900,Occult Flail,神秘のフレイル,神秘连枷,Окультний обушок,,Оккультный цеп,,
13020000,C6AB60,Family Heads,家族の首,家人头连枷,Родинні голови,,Главы семейства,,
13030000,C6D270,Bastard's Stars,落とし子の星々,弃子的繁星,Зірки байстрюка,,Звёзды  Бастарда,,
13040000,C6F980,Chainlink Flail,連接棍,铁块连枷,Ланцюговий ціп,,Сочленённая трость,,
13040100,C6F9E4,Heavy Chainlink Flail,重厚な連接棍,厚重铁块连枷,Важкий ланцюговий ціп,,Тяжёлый звеньевой цеп,,
13040200,C6FA48,Keen Chainlink Flail,鋭利な連接棍,锋利铁块连枷,Стрімкий ланцюговий ціп,,Острый звеньевой цеп,,
13040300,C6FAAC,Quality Chainlink Flail,上質な連接棍,优质铁块连枷,Якісний ланцюговий ціп,,Качественный звеньевой цеп,,
13040400,C6FB10,Fire Chainlink Flail,炎の連接棍,火焰铁块连枷,Вогняний ланцюговий ціп,,Огненный звеньевой цеп,,
13040500,C6FB74,Flame Art Chainlink Flail,炎術の連接棍,焰术铁块连枷,Полум'яний ланцюговий ціп,,Пылающий звеньевой цеп,,
13040600,C6FBD8,Lightning Chainlink Flail,雷の連接棍,雷电铁块连枷,Блискавковий ланцюговий ціп,,Громовой звеньевой цеп,,
13040700,C6FC3C,Sacred Chainlink Flail,神聖な連接棍,神圣铁块连枷,Священний ланцюговий ціп,,Священный звеньевой цеп,,
13040800,C6FCA0,Magic Chainlink Flail,魔力の連接棍,魔力铁块连枷,Магічний ланцюговий ціп,,Зачарованный звеньевой цеп,,
13040900,C6FD04,Cold Chainlink Flail,冷たい連接棍,寒冷铁块连枷,Морозний ланцюговий ціп,,Морозный звеньевой цеп,,
13041000,C6FD68,Poison Chainlink Flail,毒の連接棍,毒铁块连枷,Отруйний ланцюговий ціп,,Отравленный звеньевой цеп,,
13041100,C6FDCC,Blood Chainlink Flail,血の連接棍,血铁块连枷,Кривавий ланцюговий ціп,,Кровавый звеньевой цеп,,
13041200,C6FE30,Occult Chainlink Flail,神秘の連接棍,神秘铁块连枷,Окультний ланцюговий ціп,,Оккультный звеньевой цеп,,
14000000,D59F80,Battle Axe,バトルアクス,战斧,Бойова сокира,,Секира,,
14000100,D59FE4,Heavy Battle Axe,重厚なバトルアクス,厚重战斧,Важка бойова сокира,,Тяжелая секира,,
14000200,D5A048,Keen Battle Axe,鋭利なバトルアクス,锋利战斧,Стрімка бойова сокира,,Острая секира,,
14000300,D5A0AC,Quality Battle Axe,上質なバトルアクス,优质战斧,Якісна бойова сокира,,Качественная секира,,
14000400,D5A110,Fire Battle Axe,炎のバトルアクス,火焰战斧,Вогняна бойова сокира,,Огненная секира,,
14000500,D5A174,Flame Art Battle Axe,炎術のバトルアクス,焰术战斧,Полум'яна бойова сокира,,Пылающая секира,,
14000600,D5A1D8,Lightning Battle Axe,雷のバトルアクス,雷电战斧,Блискавкова бойова сокира,,Громовая секира,,
14000700,D5A23C,Sacred Battle Axe,神聖なバトルアクス,神圣战斧,Священна бойова сокира,,Священная секира,,
14000800,D5A2A0,Magic Battle Axe,魔力のバトルアクス,魔力战斧,Магічна бойова сокира,,Зачарованная секира,,
14000900,D5A304,Cold Battle Axe,冷たいバトルアクス,寒冷战斧,Морозна бойова сокира,,Морозная секира,,
14001000,D5A368,Poison Battle Axe,毒のバトルアクス,毒战斧,Отруйна бойова сокира,,Отравленная секира,,
14001100,D5A3CC,Blood Battle Axe,血のバトルアクス,血战斧,Кривава бойова сокира,,Кровавая секира,,
14001200,D5A430,Occult Battle Axe,神秘のバトルアクス,神秘战斧,Окультна бойова сокира,,Оккультная секира,,
14010000,D5C690,Forked Hatchet,二又の手斧,分岔手斧,Подвоєна сокира,,Раздвоенный серп,,
14010100,D5C6F4,Heavy Forked Hatchet,重厚な二又手斧,厚重分岔手斧,Важка подвоєна сокира,,Тяжёлый раздвоенный топорик,,
14010200,D5C758,Keen Forked Hatchet,鋭利な二又手斧,锋利分岔手斧,Стрімка подвоєна сокира,,Острый раздвоенный топорик,,
14010300,D5C7BC,Quality Forked Hatchet,上質な二又手斧,优质分岔手斧,Якісна подвоєна сокира,,Качественный раздвоенный топорик,,
14010400,D5C820,Fire Forked Hatchet,炎の二又手斧,火焰分岔手斧,Вогняна подвоєна сокира,,Огненный раздвоенный топорик,,
14010500,D5C884,Flame Art Forked Hatchet,炎術の二又手斧,焰术分岔手斧,Полум'яна подвоєна сокира,,Пылающий раздвоенный топорик,,
14010600,D5C8E8,Lightning Forked Hatchet,雷の二又手斧,雷电分岔手斧,Блискавкова подвоєна сокира,,Громовой раздвоенный топорик,,
14010700,D5C94C,Sacred Forked Hatchet,神聖な二又手斧,神圣分岔手斧,Священна подвоєна сокира,,Священный раздвоенный топорик,,
14010800,D5C9B0,Magic Forked Hatchet,魔力の二又手斧,魔力分岔手斧,Магічна подвоєна сокира,,Зачарованный раздвоенный топорик,,
14010900,D5CA14,Cold Forked Hatchet,冷たい二又手斧,寒冷分岔手斧,Морозна подвоєна сокира,,Морозный раздвоенный топорик,,
14011000,D5CA78,Poison Forked Hatchet,毒の二又手斧,毒分岔手斧,Отруйна подвоєна сокира,,Отравленный раздвоенный топорик,,
14011100,D5CADC,Blood Forked Hatchet,血の二又手斧,血分岔手斧,Кривава подвоєна сокира,,Кровавый раздвоенный топорик,,
14011200,D5CB40,Occult Forked Hatchet,神秘の二又手斧,神秘分岔手斧,Окультна подвоєна сокира,,Оккультный раздвоенный топорик,,
14020000,D5EDA0,Hand Axe,ハンドアクス,手斧,Сокира,,Топорик,,
14020100,D5EE04,Heavy Hand Axe,重厚なハンドアクス,厚重手斧,Важка сокира,,Тяжёлый топорик,,
14020200,D5EE68,Keen Hand Axe,鋭利なハンドアクス,锋利手斧,Стрімка сокира,,Острый топорик,,
14020300,D5EECC,Quality Hand Axe,上質なハンドアクス,优质手斧,Якісна сокира,,Качественный топорик,,
14020400,D5EF30,Fire Hand Axe,炎のハンドアクス,火焰手斧,Вогняна сокира,,Огненный топорик,,
14020500,D5EF94,Flame Art Hand Axe,炎術のハンドアクス,焰术手斧,Полум'яна сокира,,Пылающий топорик,,
14020600,D5EFF8,Lightning Hand Axe,雷のハンドアクス,雷电手斧,Блискавкова сокира,,Громовой топорик,,
14020700,D5F05C,Sacred Hand Axe,神聖なハンドアクス,神圣手斧,Священна сокира,,Священный топорик,,
14020800,D5F0C0,Magic Hand Axe,魔力のハンドアクス,魔力手斧,Магічна сокира,,Зачарованный топорик,,
14020900,D5F124,Cold Hand Axe,冷たいハンドアクス,寒冷手斧,Морозна сокира,,Морозный топорик,,
14021000,D5F188,Poison Hand Axe,毒のハンドアクス,毒手斧,Отруйна сокира,,Отравленный топорик,,
14021100,D5F1EC,Blood Hand Axe,血のハンドアクス,血手斧,Кривава сокира,,Кровавый топорик,,
14021200,D5F250,Occult Hand Axe,神秘のハンドアクス,神秘手斧,Окультна сокира,,Оккультный топорик,,
14030000,D614B0,Jawbone Axe,歯列の斧,颚齿斧,Щелепна сокира,,Зазубренная секира,,
14030100,D61514,Heavy Jawbone Axe,重厚な歯列斧,厚重颚齿斧,Важка щелепна сокира,,Тяжёлая зазубренная секира,,
14030200,D61578,Keen Jawbone Axe,鋭利な歯列斧,锋利颚齿斧,Стрімка щелепна сокира,,Острая зазубренная секира,,
14030300,D615DC,Quality Jawbone Axe,上質な歯列斧,优质颚齿斧,Якісна щелепна сокира,,Качественная зазубренная секира,,
14030400,D61640,Fire Jawbone Axe,炎の歯列斧,火焰颚齿斧,Вогняна щелепна сокира,,Огненная зазубренная секира,,
14030500,D616A4,Flame Art Jawbone Axe,炎術の歯列斧,焰术颚齿斧,Полум'яна щелепна сокира,,Пылающая зазубренная секира,,
14030600,D61708,Lightning Jawbone Axe,雷の歯列斧,雷电颚齿斧,Блискавкова щелепна сокира,,Громовая зазубренная секира,,
14030700,D6176C,Sacred Jawbone Axe,神聖な歯列斧,神圣颚齿斧,Священна щелепна сокира,,Священная зазубренная секира,,
14030800,D617D0,Magic Jawbone Axe,魔力の歯列斧,魔力颚齿斧,Магічна щелепна сокира,,Зачарованная зазубренная секира,,
14030900,D61834,Cold Jawbone Axe,冷たい歯列斧,寒冷颚齿斧,Морозна щелепна сокира,,Морозная зазубренная секира,,
14031000,D61898,Poison Jawbone Axe,毒の歯列斧,毒颚齿斧,Отруйна щелепна сокира,,Отравленная зазубренная секира,,
14031100,D618FC,Blood Jawbone Axe,血の歯列斧,血颚齿斧,Кривава щелепна сокира,,Кровавая зазубренная секира,,
14031200,D61960,Occult Jawbone Axe,神秘の歯列斧,神秘颚齿斧,Окультна щелепна сокира,,Оккультная зазубренная секира,,
14040000,D63BC0,Iron Cleaver,鉄の鉈,铁柴刀,Залізний тесак,,Железный тесак,,
14040100,D63C24,Heavy Iron Cleaver,重厚な鉄鉈,厚重铁柴刀,Важкий залізний тесак,,Тяжёлый железный тесак,,
14040200,D63C88,Keen Iron Cleaver,鋭利な鉄鉈,锋利铁柴刀,Стрімкий залізний тесак,,Острый железный тесак,,
14040300,D63CEC,Quality Iron Cleaver,上質な鉄鉈,优质铁柴刀,Якісний залізний тесак,,Качественный железный тесак,,
14040400,D63D50,Fire Iron Cleaver,炎の鉄鉈,火焰铁柴刀,Вогняний залізний тесак,,Огненный железный тесак,,
14040500,D63DB4,Flame Art Iron Cleaver,炎術の鉄鉈,焰术铁柴刀,Полум'яний залізний тесак,,Пылающий железный тесак,,
14040600,D63E18,Lightning Iron Cleaver,雷の鉄鉈,雷电铁柴刀,Блискавковий залізний тесак,,Громовой железный тесак,,
14040700,D63E7C,Sacred Iron Cleaver,神聖な鉄鉈,神圣铁柴刀,Священний залізний тесак,,Священный железный тесак,,
14040800,D63EE0,Magic Iron Cleaver,魔力の鉄鉈,魔力铁柴刀,Магічний залізний тесак,,Зачарованный железный тесак,,
14040900,D63F44,Cold Iron Cleaver,冷たい鉄鉈,寒冷铁柴刀,Морозний залізний тесак,,Морозный железный тесак,,
14041000,D63FA8,Poison Iron Cleaver,毒の鉄鉈,毒铁柴刀,Отруйний залізний тесак,,Отравленный железный тесак,,
14041100,D6400C,Blood Iron Cleaver,血の鉄鉈,血铁柴刀,Кривавий залізний тесак,,Кровавый железный тесак,,
14041200,D64070,Occult Iron Cleaver,神秘の鉄鉈,神秘铁柴刀,Окультний залізний тесак,,Оккультный железный тесак,,
14050000,D662D0,Ripple Blade,波紋の剣,波纹剑,Хвилястий клинок,,Волнистый клинок,,
14050100,D66334,Heavy Ripple Blade,,,,,,,
14050200,D66398,Keen Ripple Blade,,,,,,,
14050300,D663FC,Quality Ripple Blade,,,,,,,
14050400,D66460,Fire Ripple Blade,,,,,,,
14050500,D664C4,Flame Art Ripple Blade,,,,,,,
14050600,D66528,Lightning Ripple Blade,,,,,,,
14050700,D6658C,Sacred Ripple Blade,,,,,,,
14050800,D665F0,Magic Ripple Blade,,,,,,,
14050900,D66654,Cold Ripple Blade,,,,,,,
14051000,D666B8,Poison Ripple Blade,,,,,,,
14051100,D6671C,Blood Ripple Blade,,,,,,,
14051200,D66780,Occult Ripple Blade,,,,,,,
14060000,D689E0,Celebrant's Cleaver,祝祭の鉈,庆典柴刀,Урочистий тесак,,Праздничный тесак,,
14060100,D68A44,Celebrant's Heavy Cleaver,重厚な祝祭鉈,厚重庆典柴刀,Важкий урочистий тесак,,Тяжёлый праздничный тесак,,
14060200,D68AA8,Celebrant's Keen Cleaver,鋭利な祝祭鉈,锋利庆典柴刀,Стрімкий урочистий тесак,,Острый праздничный тесак,,
14060300,D68B0C,Celebrant's Quality Cleaver,上質な祝祭鉈,优质庆典柴刀,Якісний урочистий тесак,,Качественный праздничный тесак,,
14060400,D68B70,Celebrant's Fire Cleaver,炎の祝祭鉈,火焰庆典柴刀,Вогняний урочистий тесак,,Огненный праздничный тесак,,
14060500,D68BD4,Celebrant's Flame Art Cleaver Blades,炎術の祝祭鉈,焰术庆典柴刀,Полум'яний урочистий тесак,,Пылающий праздничный тесак,,
14060600,D68C38,Celebrant's Lightning Cleaver,雷の祝祭鉈,雷电庆典柴刀,Блискавковий урочистий тесак,,Громовой праздничный тесак,,
14060700,D68C9C,Celebrant's Sacred Cleaver,神聖な祝祭鉈,神圣庆典柴刀,Священний урочистий тесак,,Священный праздничный тесак,,
14060800,D68D00,Celebrant's Magic Cleaver,魔力の祝祭鉈,魔力庆典柴刀,Магічний урочистий тесак,,Зачарованный праздничный тесак,,
14060900,D68D64,Celebrant's Cold Cleaver,冷たい祝祭鉈,寒冷庆典柴刀,Морозний урочистий тесак,,Морозный праздничный тесак,,
14061000,D68DC8,Celebrant's Poison Cleaver,毒の祝祭鉈,毒庆典柴刀,Отруйний урочистий тесак,,Отравленный праздничный тесак,,
14061100,D68E2C,Celebrant's Blood Cleaver,血の祝祭鉈,血庆典柴刀,Кривавий урочистий тесак,,Кровавый праздничный тесак,,
14061200,D68E90,Celebrant's Occult Cleaver,神秘の祝祭鉈,神秘庆典柴刀,Окультний урочистий тесак,,Оккультный праздничный тесак,,
14080000,D6D800,Icerind Hatchet,氷殻の斧,冻壳斧,Льодяна сокира,,Обледенелый топорик,,
14100000,D72620,Highland Axe,ハイランドアクス,高地斧,Сокира високогір'я,,Секира горца,,
14100100,D72684,Heavy Highland Axe,重厚なハイランドアクス,厚重高地斧,Важка сокира високогір'я,,Тяжёлая секира горца,,
14100200,D726E8,Keen Highland Axe,鋭利なハイランドアクス,锋利高地斧,Стрімка сокира високогір'я,,Острая секира горца,,
14100300,D7274C,Quality Highland Axe,上質なハイランドアクス,优质高地斧,Якісна сокира високогір'я,,Качественная секира горца,,
14100400,D727B0,Fire Highland Axe,炎のハイランドアクス,火焰高地斧,Вогняна сокира високогір'я,,Огненная секира горца,,
14100500,D72814,Flame Art Highland Axe,炎術のハイランドアクス,焰术高地斧,Полум'яна сокира високогір'я,,Пылающая секира горца,,
14100600,D72878,Lightning Highland Axe,雷のハイランドアクス,雷电高地斧,Блискавкова сокира високогір'я,,Громовая секира горца,,
14100700,D728DC,Sacred Highland Axe,神聖なハイランドアクス,神圣高地斧,Священна сокира високогір'я,,Священная секира горца,,
14100800,D72940,Magic Highland Axe,魔力のハイランドアクス,魔力高地斧,Магічна сокира високогір'я,,Зачарованная секира горца,,
14100900,D729A4,Cold Highland Axe,冷たいハイランドアクス,寒冷高地斧,Морозна сокира високогір'я,,Морозная секира горца,,
14101000,D72A08,Poison Highland Axe,毒のハイランドアクス,毒高地斧,Отруйна сокира високогір'я,,Отравленная секира горца,,
14101100,D72A6C,Bloody Highland Axe,血のハイランドアクス,血高地斧,Кривава сокира високогір'я,,Кровавая секира горца,,
14101200,D72AD0,Occult Highland Axe,神秘のハイランドアクス,神秘高地斧,Окультна сокира високогір'я,,Оккультная секира горца,,
14110000,D74D30,Sacrificial Axe,生贄の斧,活祭品斧,Жертовна сокира,,Жертвенный топор,,
14110100,D74D94,Heavy Sacrificial Axe,重厚な生贄斧,厚重活祭品斧,Важка жертовна сокира,,Тяжёлый жертвенный топор,,
14110200,D74DF8,Keen Sacrificial Axe,鋭利な生贄斧,锋利活祭品斧,Стрімка жертовна сокира,,Острый жертвенный топор,,
14110300,D74E5C,Quality Sacrificial Axe,上質な生贄斧,优质活祭品斧,Якісна жертовна сокира,,Качественный жертвенный топор,,
14110400,D74EC0,Fire Sacrificial Axe,炎の生贄斧,火焰活祭品斧,Вогняна жертовна сокира,,Огненный жертвенный топор,,
14110500,D74F24,Flame Art Sacrificial Axe,炎術の生贄斧,焰术活祭品斧,Полум'яна жертовна сокира,,Пылающий жертвенный топор,,
14110600,D74F88,Lightning Sacrificial Axe,雷の生贄斧,雷电活祭品斧,Блискавкова жертовна сокира,,Громовой жертвенный топор,,
14110700,D74FEC,Sacred Sacrificial Axe,神聖な生贄斧,神圣活祭品斧,Священна жертовна сокира,,Священный жертвенный топор,,
14110800,D75050,Magic Sacrificial Axe,魔力の生贄斧,魔力活祭品斧,Магічна жертовна сокира,,Зачарованный жертвенный топор,,
14110900,D750B4,Cold Sacrificial Axe,冷たい生贄斧,寒冷活祭品斧,Морозна жертовна сокира,,Морозный жертвенный топор,,
14111000,D75118,Poison Sacrificial Axe,毒の生贄斧,毒活祭品斧,Отруйна жертовна сокира,,Отравленный жертвенный топор,,
14111100,D7517C,Blood Sacrificial Axe,血の生贄斧,血活祭品斧,Кривава жертовна сокира,,Кровавый жертвенный топор,,
14111200,D751E0,Occult Sacrificial Axe,神秘の生贄斧,神秘活祭品斧,Окультна жертовна сокира,,Оккультный жертвенный топор,,
14120000,D77440,Rosus' Axe,ローゼスの斧,罗泽司的斧,Сокира Розуса,,Топор Розуса,,
14130000,D79B50,Burial Axe,,,,,,,
14130100,D79BB4,Heavy Burial Axe,,,,,,,
14130200,D79C18,Sharp Burial Axe,,,,,,,
14130300,D79C7C,Quality Burial Axe,,,,,,,
14130400,D79CE0,Flame Burial Axe,,,,,,,
14130500,D79D44,Pyromancy Burial Axe,,,,,,,
14130600,D79DA8,Lightning Burial Axe,,,,,,,
14130700,D79E0C,Blessed Burial Axe,,,,,,,
14130800,D79E70,Magic Burial Axe,,,,,,,
14130900,D79ED4,Frost Burial Axe,,,,,,,
14131000,D79F38,Poison Burial Axe,,,,,,,
14131100,D79F9C,Blood Burial Axe,,,,,,,
14131200,D7A000,Arcane Burial Axe,,,,,,,
14140000,D7C260,Stormhawk Axe,嵐鷹の斧,风暴鹰斧,Сокира штормового яструба,,Секира штормовых ястребов,,
15000000,E4E1C0,Greataxe,グレートアクス,巨斧,Велика сокира,,Большой топор,,
15000100,E4E224,Heavy Greataxe,重厚なグレートアクス,厚重巨斧,Важка велика сокира,,Тяжёлый большой топор,,
15000200,E4E288,Keen Greataxe,鋭利なグレートアクス,锋利巨斧,Стрімка велика сокира,,Острый большой топор,,
15000300,E4E2EC,Quality Greataxe,上質なグレートアクス,优质巨斧,Якісна велика сокира,,Качественный большой топор,,
15000400,E4E350,Fire Greataxe,炎のグレートアクス,火焰巨斧,Вогняна велика сокира,,Огненный большой топор,,
15000500,E4E3B4,Flame Art Greataxe,炎術のグレートアクス,焰术巨斧,Полум'яна велика сокира,,Пылающий большой топор,,
15000600,E4E418,Lightning Greataxe,雷のグレートアクス,雷电巨斧,Блискавкова велика сокира,,Громовой большой топор,,
15000700,E4E47C,Sacred Greataxe,神聖なグレートアクス,神圣巨斧,Священна велика сокира,,Священный большой топор,,
15000800,E4E4E0,Magic Greataxe,魔力のグレートアクス,魔力巨斧,Магічна велика сокира,,Зачарованный большой топор,,
15000900,E4E544,Cold Greataxe,冷たいグレートアクス,寒冷巨斧,Морозна велика сокира,,Морозный большой топор,,
15001000,E4E5A8,Poison Greataxe,毒のグレートアクス,毒巨斧,Отруйна велика сокира,,Отравленный большой топор,,
15001100,E4E60C,Blood Greataxe,血のグレートアクス,血巨斧,Кривава велика сокира,,Кровавый большой топор,,
15001200,E4E670,Occult Greataxe,神秘のグレートアクス,神秘巨斧,Окультна велика сокира,,Оккультный большой топор,,
15010000,E508D0,Warped Axe,歪んだ斧,歪柄斧,Викривлена сокира,,Искривлённая секира,,
15010100,E50934,Heavy Warped Axe,重厚な歪み斧,厚重歪柄斧,Важка викривлена сокира,,Тяжёлая искривлённая секира,,
15010200,E50998,Keen Warped Axe,鋭利な歪み斧,锋利歪柄斧,Стрімка викривлена сокира,,Острая искривлённая секира,,
15010300,E509FC,Quality Warped Axe,上質な歪み斧,优质歪柄斧,Якісна викривлена сокира,,Качественная искривлённая секира,,
15010400,E50A60,Fire Warped Axe,炎の歪み斧,火焰歪柄斧,Вогняна викривлена сокира,,Огненная искривлённая секира,,
15010500,E50AC4,Flame Art Warped Axe,炎術の歪み斧,焰术歪柄斧,Полум'яна викривлена сокира,,Пылающая искривлённая секира,,
15010600,E50B28,Lightning Warped Axe,雷の歪み斧,雷电歪柄斧,Блискавкова викривлена сокира,,Громовая искривлённая секира,,
15010700,E50B8C,Sacred Warped Axe,神聖な歪み斧,神圣歪柄斧,Священна викривлена сокира,,Священная искривлённая секира,,
15010800,E50BF0,Magic Warped Axe,魔力の歪み斧,魔力歪柄斧,Магічна викривлена сокира,,Зачарованная искривлённая секира,,
15010900,E50C54,Cold Warped Axe,冷たい歪み斧,寒冷歪柄斧,Морозна викривлена сокира,,Морозная искривлённая секира,,
15011000,E50CB8,Poison Warped Axe,毒の歪み斧,毒歪柄斧,Отруйна викривлена сокира,,Отравленная искривлённая секира,,
15011100,E50D1C,Blood Warped Axe,血の歪み斧,血歪柄斧,Кривава викривлена сокира,,Кровавая искривлённая секира,,
15011200,E50D80,Occult Warped Axe,神秘の歪み斧,神秘歪柄斧,Окультна викривлена сокира,,Оккультная искривлённая секира,,
15020000,E52FE0,Great Omenkiller Cleaver,忌み潰しの大鉈,恶兆猎人大柴刀,Великий тесак вбивці передвісників,,Большой тесак убийцы знамений,,
15020100,E53044,Heavy Great Omenkiller Cleaver,重厚な忌み潰し大鉈,厚重恶兆猎人大柴刀,Важкий великий тесак вбивці передвісників,,Тяжёлый тесак убийцы знамений,,
15020200,E530A8,Keen Great Omenkiller Cleaver,鋭利な忌み潰し大鉈,锋利恶兆猎人大柴刀,Стрімкий великий тесак вбивці передвісників,,Острый тесак убийцы знамений,,
15020300,E5310C,Quality Great Omenkiller Cleaver,上質な忌み潰し大鉈,优质恶兆猎人大柴刀,Якісний великий тесак вбивці передвісників,,Качественный тесак убийцы знамений,,
15020400,E53170,Fire Great Omenkiller Cleaver,炎の忌み潰し大鉈,火焰恶兆猎人大柴刀,Вогняний великий тесак вбивці передвісників,,Огненный тесак убийцы знамений,,
15020500,E531D4,Flame Art Great Omenkiller Cleaver,炎術の忌み潰し大鉈,焰术恶兆猎人大柴刀,Полум'яний великий тесак вбивці передвісників,,Пылающий тесак убийцы знамений,,
15020600,E53238,Lightning Great Omenkiller Cleaver,雷の忌み潰し大鉈,雷电恶兆猎人大柴刀,Блискавковий великий тесак вбивці передвісників,,Громовой тесак убийцы знамений,,
15020700,E5329C,Sacred Great Omenkiller Cleaver,神聖な忌み潰し大鉈,神圣恶兆猎人大柴刀,Священний великий тесак вбивці передвісників,,Священный тесак убийцы знамений,,
15020800,E53300,Magic Great Omenkiller Cleaver,魔力の忌み潰し大鉈,魔力恶兆猎人大柴刀,Магічний великий тесак вбивці передвісників,,Зачарованный тесак убийцы знамений,,
15020900,E53364,Cold Great Omenkiller Cleaver,冷たい忌み潰し大鉈,寒冷恶兆猎人大柴刀,Морозний великий тесак вбивці передвісників,,Морозный тесак убийцы знамений,,
15021000,E533C8,Poison Great Omenkiller Cleaver,毒の忌み潰し大鉈,毒恶兆猎人大柴刀,Отруйний великий тесак вбивці передвісників,,Отравленный тесак убийцы знамений,,
15021100,E5342C,Blood Great Omenkiller Cleaver,血の忌み潰し大鉈,血恶兆猎人大柴刀,Кривавий великий тесак вбивці передвісників,,Кровавый тесак убийцы знамений,,
15021200,E53490,Occult Great Omenkiller Cleaver,神秘の忌み潰し大鉈,神秘恶兆猎人大柴刀,Окультний великий тесак вбивці передвісників,,Оккультный тесак убийцы знамений,,
15030000,E556F0,Crescent Moon Axe,三日月斧,弦月斧,Сокира-півмісяць,,Секира полумесяца,,
15030100,E55754,Heavy Crescent Moon Axe,重厚な三日月斧,厚重弦月斧,Важка сокира-півмісяць,,Тяжёлая секира полумесяца,,
15030200,E557B8,Keen Crescent Moon Axe,鋭利な三日月斧,锋利弦月斧,Стрімка сокира-півмісяць,,Острая секира полумесяца,,
15030300,E5581C,Quality Crescent Moon Axe,上質な三日月斧,优质弦月斧,Якісна сокира-півмісяць,,Качественная секира полумесяца,,
15030400,E55880,Fire Crescent Moon Axe,炎の三日月斧,火焰弦月斧,Вогняна сокира-півмісяць,,Огненная секира полумесяца,,
15030500,E558E4,Flame Art Crescent Moon Axe,炎術の三日月斧,焰术弦月斧,Полум'яна сокира-півмісяць,,Пылающая секира полумесяца,,
15030600,E55948,Lightning Crescent Moon Axe,雷の三日月斧,雷电弦月斧,Блискавкова сокира-півмісяць,,Громовая секира полумесяца,,
15030700,E559AC,Sacred Crescent Moon Axe,神聖な三日月斧,神圣弦月斧,Священна сокира-півмісяць,,Священная секира полумесяца,,
15030800,E55A10,Magic Crescent Moon Axe,魔力の三日月斧,魔力弦月斧,Магічна сокира-півмісяць,,Зачарованная секира полумесяца,,
15030900,E55A74,Cold Crescent Moon Axe,冷たい三日月斧,寒冷弦月斧,Морозна сокира-півмісяць,,Морозная секира полумесяца,,
15031000,E55AD8,Poison Crescent Moon Axe,毒の三日月斧,毒弦月斧,Отруйна сокира-півмісяць,,Отравленная секира полумесяца,,
15031100,E55B3C,Blood Crescent Moon Axe,血の三日月斧,血弦月斧,Кривава сокира-півмісяць,,Кровавая секира полумесяца,,
15031200,E55BA0,Occult Crescent Moon Axe,神秘の三日月斧,神秘弦月斧,Окультна сокира-півмісяць,,Таинственная секира полумесяца,,
15040000,E57E00,Axe of Godrick,ゴドリックの王斧,葛瑞克的王斧,Сокира Ґодріка,,Топор Годрика,,
15050000,E5A510,Longhaft Axe,長柄鉈,长柄柴刀,Сокира з довгим держаком,,Топор с длинной рукоятью,,
15050100,E5A574,Heavy Longhaft Axe,重厚な長柄鉈,厚重长柄柴刀,Важка сокира з довгим держаком,,Тяжёлый топорик с длинной рукоятью,,
15050200,E5A5D8,Keen Longhaft Axe,鋭利な長柄鉈,锋利长柄柴刀,Стрімка сокира з довгим держаком,,Острый топорик с длинной рукоятью,,
15050300,E5A63C,Quality Longhaft Axe,上質な長柄鉈,优质长柄柴刀,Якісна сокира з довгим держаком,,Качественный топорик с длинной рукоятью,,
15050400,E5A6A0,Fire Longhaft Axe,炎の長柄鉈,火焰长柄柴刀,Вогняна сокира з довгим держаком,,Огненный топорик с длинной рукоятью,,
15050500,E5A704,Flame Art Longhaft Axe,炎術の長柄鉈,焰术长柄柴刀,Полум'яна сокира з довгим держаком,,Пылающий топорик с длинной рукоятью,,
15050600,E5A768,Lightning Longhaft Axe,雷の長柄鉈,雷电长柄柴刀,Блискавкова сокира з довгим держаком,,Громовой топорик с длинной рукоятью,,
15050700,E5A7CC,Sacred Longhaft Axe,神聖な長柄鉈,神圣长柄柴刀,Священна сокира з довгим держаком,,Священный топорик с длинной рукоятью,,
15050800,E5A830,Magic Longhaft Axe,魔力の長柄鉈,魔力长柄柴刀,Магічна сокира з довгим держаком,,Зачарованный топорик с длинной рукоятью,,
15050900,E5A894,Cold Longhaft Axe,冷たい長柄鉈,寒冷长柄柴刀,Морозна сокира з довгим держаком,,Морозный топорик с длинной рукоятью,,
15051000,E5A8F8,Poison Longhaft Axe,毒の長柄鉈,毒长柄柴刀,Отруйна сокира з довгим держаком,,Отравленный топорик с длинной рукоятью,,
15051100,E5A95C,Blood Longhaft Axe,血の長柄鉈,血长柄柴刀,Кривава сокира з довгим держаком,,Кровавый топорик с длинной рукоятью,,
15051200,E5A9C0,Occult Longhaft Axe,神秘の長柄鉈,神秘长柄柴刀,Окультна сокира з довгим держаком,,Оккультный топорик с длинной рукоятью,,
15060000,E5CC20,Rusted Anchor,錆び付いた錨,锈蚀船锚,Іржавий якір,,Ржавый якорь,,
15060100,E5CC84,Heavy Rusted Anchor,重厚な錆び付き錨,厚重锈蚀船锚,Важкий іржавий якір,,Тяжёлый ржавый якорь,,
15060200,E5CCE8,Keen Rusted Anchor,鋭利な錆び付き錨,锋利锈蚀船锚,Стрімкий іржавий якір,,Острый ржавый якорь,,
15060300,E5CD4C,Quality Rusted Anchor,上質な錆び付き錨,优质锈蚀船锚,Якісний іржавий якір,,Качественный ржавый якорь,,
15060400,E5CDB0,Fire Rusted Anchor,炎の錆び付き錨,火焰锈蚀船锚,Вогняний іржавий якір,,Огненный ржавый якорь,,
15060500,E5CE14,Flame Art Rusted Anchor,炎術の錆び付き錨,焰术锈蚀船锚,Полум'яний іржавий якір,,Пылающий ржавый якорь,,
15060600,E5CE78,Lightning Rusted Anchor,雷の錆び付き錨,雷电锈蚀船锚,Блискавковий іржавий якір,,Громовой ржавый якорь,,
15060700,E5CEDC,Sacred Rusted Anchor,神聖な錆び付き錨,神圣锈蚀船锚,Священний іржавий якір,,Священный ржавый якорь,,
15060800,E5CF40,Magic Rusted Anchor,魔力の錆び付き錨,魔力锈蚀船锚,Магічний іржавий якір,,Зачарованный ржавый якорь,,
15060900,E5CFA4,Cold Rusted Anchor,冷たい錆び付き錨,寒冷锈蚀船锚,Морозний іржавий якір,,Морозный ржавый якорь,,
15061000,E5D008,Poison Rusted Anchor,毒の錆び付き錨,毒锈蚀船锚,Отруйний іржавий якір,,Отравленный ржавый якорь,,
15061100,E5D06C,Blood Rusted Anchor,血の錆び付き錨,血锈蚀船锚,Кривавий іржавий якір,,Кровавый ржавый якорь,,
15061200,E5D0D0,Occult Rusted Anchor,神秘の錆び付き錨,神秘锈蚀船锚,Окультний іржавий якір,,Оккультный ржавый якорь,,
15080000,E61A40,Executioner's Greataxe,断胴の大鉈,斩身大柴刀,Велика сокира ката,,Секира палача,,
15080100,E61AA4,Executioner's Heavy Greataxe,重厚な断胴大鉈,厚重斩身大柴刀,Важка велика сокира ката,,Тяжёлая секира палача,,
15080200,E61B08,Executioner's Keen Greataxe,鋭利な断胴大鉈,锋利斩身大柴刀,Стрімка велика сокира ката,,Острая секира палача,,
15080300,E61B6C,Executioner's Quality Greataxe,上質な断胴大鉈,优质斩身大柴刀,Якісна велика сокира ката,,Качественная секира палача,,
15080400,E61BD0,Executioner's Fire Greataxe,炎の断胴大鉈,火焰斩身大柴刀,Вогняна велика сокира ката,,Огненная секира палача,,
15080500,E61C34,Executioner's Flame Art Greataxe,炎術の断胴大鉈,焰术斩身大柴刀,Полум'яна велика сокира ката,,Пылающая секира палача,,
15080600,E61C98,Executioner's Lightning Greataxe,雷の断胴大鉈,雷电斩身大柴刀,Блискавкова велика сокира ката,,Громовая секира палача,,
15080700,E61CFC,Executioner's Sacred Greataxe,神聖な断胴大鉈,神圣斩身大柴刀,Священна велика сокира ката,,Священная секира палача,,
15080800,E61D60,Executioner's Magic Greataxe,魔力の断胴大鉈,魔力斩身大柴刀,Магічна велика сокира ката,,Зачарованная секира палача,,
15080900,E61DC4,Executioner's Cold Greataxe,冷たい断胴大鉈,寒冷斩身大柴刀,Морозна велика сокира ката,,Морозная секира палача,,
15081000,E61E28,Executioner's Poison Greataxe,毒の断胴大鉈,毒斩身大柴刀,Отруйна велика сокира ката,,Отравленная секира палача,,
15081100,E61E8C,Executioner's Blood Greataxe,血の断胴大鉈,血斩身大柴刀,Кривава велика сокира ката,,Кровавая секира палача,,
15081200,E61EF0,Executioner's Occult Greataxe,神秘の断胴大鉈,神秘斩身大柴刀,Окультна велика сокира ката,,Оккультная секира палача,,
15110000,E68F70,Winged Greathorn,翼の大角,展翼大角,Крилатий великий ріг,,Крылатый рог,,
15120000,E6B680,Butchering Knife,解体包丁,肢解菜刀,Ніж м'ясника,,Разделочный нож,,
15120100,E6B6E4,Heavy Butchering Knife,重厚な解体包丁,厚重肢解菜刀,Важкий ніж м'ясника,,Тяжёлый разделочный нож,,
15120200,E6B748,Keen Butchering Knife,鋭利な解体包丁,锋利肢解菜刀,Стрімкий ніж м'ясника,,Острый разделочный нож,,
15120300,E6B7AC,Quality Butchering Knife,上質な解体包丁,优质肢解菜刀,Якісний ніж м'ясника,,Качественный разделочный нож,,
15120400,E6B810,Fire Butchering Knife,炎の解体包丁,火焰肢解菜刀,Вогняний ніж м'ясника,,Огненный разделочный нож,,
15120500,E6B874,Flame Art Butchering Knife,炎術の解体包丁,焰术肢解菜刀,Полум'яний ніж м'ясника,,Пылающий разделочный нож,,
15120600,E6B8D8,Lightning Butchering Knife,雷の解体包丁,雷电肢解菜刀,Блискавковий ніж м'ясника,,Громовой разделочный нож,,
15120700,E6B93C,Sacred Butchering Knife,神聖な解体包丁,神圣肢解菜刀,Священний ніж м'ясника,,Священный разделочный нож,,
15120800,E6B9A0,Magic Butchering Knife,魔力の解体包丁,魔力肢解菜刀,Магічний ніж м'ясника,,Зачарованный разделочный нож,,
15120900,E6BA04,Cold Butchering Knife,冷たい解体包丁,寒冷肢解菜刀,Морозний ніж м'ясника,,Морозный разделочный нож,,
15121000,E6BA68,Poison Butchering Knife,毒の解体包丁,毒肢解菜刀,Отруйний ніж м'ясника,,Отравленный разделочный нож,,
15121100,E6BACC,Blood Butchering Knife,血の解体包丁,血肢解菜刀,Кривавий ніж м'ясника,,Кровавый разделочный нож,,
15121200,E6BB30,Occult Butchering Knife,神秘の解体包丁,神秘肢解菜刀,Окультний ніж м'ясника,,Оккультный разделочный нож,,
15130000,E6DD90,Gargoyle's Great Axe,ガーゴイルの大斧,石像鬼大斧,Велика сокира гаргульї,,Большой топор горгульи,,
15130100,E6DDF4,Gargoyle's Heavy Great Axe,重厚なガーゴイル大斧,厚重石像鬼大斧,Важка велика сокира гаргульї,,Тяжёлая секира горгульи,,
15130200,E6DE58,Gargoyle's Keen Great Axe,鋭利なガーゴイル大斧,锋利石像鬼大斧,Стрімка велика сокира гаргульї,,Острая секира горгульи,,
15130300,E6DEBC,Gargoyle's Quality Great Axe,上質なガーゴイル大斧,优质石像鬼大斧,Якісна велика сокира гаргульї,,Качественная секира горгульи,,
15130400,E6DF20,Gargoyle's Fire Great Axe,炎のガーゴイル大斧,火焰石像鬼大斧,Вогняна велика сокира гаргульї,,Огненная секира горгульи,,
15130500,E6DF84,Gargoyle's Flame Art Great Axe,炎術のガーゴイル大斧,焰术石像鬼大斧,Полум'яна велика сокира гаргульї,,Пылающая секира горгульи,,
15130600,E6DFE8,Gargoyle's Lightning Great Axe,雷のガーゴイル大斧,雷电石像鬼大斧,Блискавкова велика сокира гаргульї,,Громовая секира горгульи,,
15130700,E6E04C,Gargoyle's Sacred Great Axe,神聖なガーゴイル大斧,神圣石像鬼大斧,Священна велика сокира гаргульї,,Священная секира горгульи,,
15130800,E6E0B0,Gargoyle's Magic Great Axe,魔力のガーゴイル大斧,魔力石像鬼大斧,Магічна велика сокира гаргульї,,Зачарованная секира горгульи,,
15130900,E6E114,Gargoyle's Cold Great Axe,冷たいガーゴイル大斧,寒冷石像鬼大斧,Морозна велика сокира гаргульї,,Морозная секира горгульи,,
15131000,E6E178,Gargoyle's Poison Great Axe,毒のガーゴイル大斧,毒石像鬼大斧,Отруйна велика сокира гаргульї,,Отравленная секира горгульи,,
15131100,E6E1DC,Gargoyle's Blood Great Axe,血のガーゴイル大斧,血石像鬼大斧,Кривава велика сокира гаргульї,,Кровавая секира горгульи,,
15131200,E6E240,Gargoyle's Occult Great Axe,神秘のガーゴイル大斧,神秘石像鬼大斧,Окультна велика сокира гаргульї,,Оккультная секира горгульи,,
15140000,E704A0,Gargoyle's Black Axe,ガーゴイルの黒斧,石像鬼黑斧,Чорна сокира гаргульї,,Чёрный топор горгульи,,
15140100,E70504,Heavy Gargoyle's Black Axe,,,,,,,
15140200,E70568,Keen Gargoyle's Black Axe,,,,,,,
15140300,E705CC,Quality Gargoyle's Black Axe,,,,,,,
15140400,E70630,Fire Gargoyle's Black Axe,,,,,,,
15140500,E70694,Flame Art Gargoyle's Black Axe,,,,,,,
15140600,E706F8,Lightning Gargoyle's Black Axe,,,,,,,
15140700,E7075C,Sacred Gargoyle's Black Axe,,,,,,,
15140800,E707C0,Magic Gargoyle's Black Axe,,,,,,,
15140900,E70824,Cold Gargoyle's Black Axe,,,,,,,
15141000,E70888,Poison Gargoyle's Black Axe,,,,,,,
15141100,E708EC,Blood Gargoyle's Black Axe,,,,,,,
15141200,E70950,Occult Gargoyle's Black Axe,,,,,,,
16000000,F42400,Short Spear,ショートスピア,短矛,Короткий спис,,Короткое копьё,,
16000100,F42464,Heavy Short Spear,重厚なショートスピア,厚重短矛,Важкий короткий спис,,Тяжёлое короткое копьё,,
16000200,F424C8,Keen Short Spear,鋭利なショートスピア,锋利短矛,Стрімкий короткий спис,,Острое короткое копьё,,
16000300,F4252C,Quality Short Spear,上質なショートスピア,优质短矛,Якісний короткий спис,,Качественное короткое копьё,,
16000400,F42590,Fire Short Spear,炎のショートスピア,火焰短矛,Вогняний короткий спис,,Огненное короткое копьё,,
16000500,F425F4,Flame Art Short Spear,炎術のショートスピア,焰术短矛,Полум'яний короткий спис,,Пылающее короткое копьё,,
16000600,F42658,Lightning Short Spear,雷のショートスピア,雷电短矛,Блискавковий короткий спис,,Громовое короткое копьё,,
16000700,F426BC,Sacred Short Spear,神聖なショートスピア,神圣短矛,Священний короткий спис,,Священное короткое копьё,,
16000800,F42720,Magic Short Spear,魔力のショートスピア,魔力短矛,Магічний короткий спис,,Зачарованное короткое копьё,,
16000900,F42784,Cold Short Spear,冷たいショートスピア,寒冷短矛,Морозний короткий спис,,Морозное короткое копьё,,
16001000,F427E8,Poison Short Spear,毒のショートスピア,毒短矛,Отруйний короткий спис,,Отравленное короткое копьё,,
16001100,F4284C,Blood Short Spear,血のショートスピア,血短矛,Кривавий короткий спис,,Кровавое короткое копьё,,
16001200,F428B0,Occult Short Spear,神秘のショートスピア,神秘短矛,Окультний короткий спис,,Оккультное короткое копьё,,
16010000,F44B10,Spear,スピア,矛,Спис,,Копьё,,
16010100,F44B74,Heavy Spear,重厚なスピア,厚重矛,Важкий спис,,Тяжёлое копьё,,
16010200,F44BD8,Keen Spear,鋭利なスピア,锋利矛,Стрімкий спис,,Острое копьё,,
16010300,F44C3C,Quality Spear,上質なスピア,优质矛,Якісний спис,,Качественное копьё,,
16010400,F44CA0,Fire Spear,炎のスピア,火焰矛,Вогняний спис,,Огненное копьё,,
16010500,F44D04,Flame Art Spear,炎術のスピア,焰术矛,Полум'яний спис,,Пылающее копьё,,
16010600,F44D68,Lightning Spear,雷のスピア,雷电矛,Блискавковий спис,,Громовое копье,,
16010700,F44DCC,Sacred Spear,神聖なスピア,神圣矛,Священний спис,,Священное копьё,,
16010800,F44E30,Magic Spear,魔力のスピア,魔力矛,Магічний спис,,Зачарованное копьё,,
16010900,F44E94,Cold Spear,冷たいスピア,寒冷矛,Морозний спис,,Морозное копьё,,
16011000,F44EF8,Poison Spear,毒のスピア,毒矛,Отруйний спис,,Отравленное копьё,,
16011100,F44F5C,Bloody Spear,血のスピア,血矛,Кривавий спис,,Окровавленное копьё,,
16011200,F44FC0,Occult Spear,神秘のスピア,神秘矛,Окультний спис,,Оккультное копьё,,
16020000,F47220,Crystal Spear,結晶槍,结晶矛,Кристалічний спис,,Кристальное копьё,,
16030000,F49930,Clayman's Harpoon,泥人の銛,泥人鱼叉,Гарпун глинолюда,,Гарпун глинокопа,,
16030100,F49994,Clayman's Heavy Harpoon,重厚な泥人銛,厚重泥人鱼叉,Важкий гарпун глинолюда,,Тяжёлый гарпун глиняного человека,,
16030200,F499F8,Clayman's Keen Harpoon,鋭利な泥人銛,锋利泥人鱼叉,Стрімкий гарпун глинолюда,,Острый гарпун глиняного человека,,
16030300,F49A5C,Clayman's Quality Harpoon,上質な泥人銛,优质泥人鱼叉,Якісний гарпун глинолюда,,Качественный гарпун глиняного человека,,
16030400,F49AC0,Clayman's Fire Harpoon,炎の泥人銛,火焰泥人鱼叉,Вогняний гарпун глинолюда,,Огненный гарпун глиняного человека,,
16030500,F49B24,Clayman's Flame Art Harpoon,炎術の泥人銛,焰术泥人鱼叉,Полум'яний гарпун глинолюда,,Пылающий гарпун глиняного человека,,
16030600,F49B88,Clayman's Lightning Harpoon,雷の泥人銛,雷电泥人鱼叉,Блискавковий гарпун глинолюда,,Громовой гарпун глиняного человека,,
16030700,F49BEC,Clayman's Sacred Harpoon,神聖な泥人銛,神圣泥人鱼叉,Священний гарпун глинолюда,,Священный гарпун глиняного человека,,
16030800,F49C50,Clayman's Magic Harpoon,魔力の泥人銛,魔力泥人鱼叉,Магічний гарпун глинолюда,,Зачарованный гарпун глиняного человека,,
16030900,F49CB4,Clayman's Cold Harpoon,冷たい泥人銛,寒冷泥人鱼叉,Морозний гарпун глинолюда,,Морозный гарпун глиняного человека,,
16031000,F49D18,Clayman's Poison Harpoon,毒の泥人銛,毒泥人鱼叉,Отруйний гарпун глинолюда,,Отравленный гарпун глиняного человека,,
16031100,F49D7C,Clayman's Blood Harpoon,血の泥人銛,血泥人鱼叉,Кривавий гарпун глинолюда,,Кровавый гарпун глиняного человека,,
16031200,F49DE0,Clayman's Occult Harpoon,神秘の泥人銛,神秘泥人鱼叉,Окультний гарпун глинолюда,,Оккультный гарпун глиняного человека,,
16040000,F4C040,Cleanrot Spear,貴腐騎士の槍,尊腐骑士矛,Спис чистогнилі,,Копьё чистой гнили,,
16040100,F4C0A4,Heavy Cleanrot Knight's Spear,,,,,,,
16040200,F4C108,Keen Cleanrot Knight's Spear,,,,,,,
16040300,F4C16C,Quality Cleanrot Knight's Spear,,,,,,,
16040400,F4C1D0,Fire Cleanrot Knight's Spear,,,,,,,
16040500,F4C234,Flame Art Cleanrot Knight's Spear,,,,,,,
16040600,F4C298,Lightning Cleanrot Knight's Spear,,,,,,,
16040700,F4C2FC,Sacred Cleanrot Knight's Spear,,,,,,,
16040800,F4C360,Magic Cleanrot Knight's Spear,,,,,,,
16040900,F4C3C4,Cold Cleanrot Knight's Spear,,,,,,,
16041000,F4C428,Poison Cleanrot Knight's Spear,,,,,,,
16041100,F4C48C,Blood Cleanrot Knight's Spear,,,,,,,
16041200,F4C4F0,Occult Cleanrot Spear,,,,,,,
16050000,F4E750,Partisan,パルチザン,阔头枪,Партизана,,Протазан,,
16050100,F4E7B4,Heavy Partisan,重厚なパルチザン,厚重阔头枪,Важка партизана,,Тяжёлый протазан,,
16050200,F4E818,Keen Partisan,鋭利なパルチザン,锋利阔头枪,Стрімка партизана,,Острый протазан,,
16050300,F4E87C,Quality Partisan,上質なパルチザン,优质阔头枪,Якісна партизана,,Качественный протазан,,
16050400,F4E8E0,Fire Partisan,炎のパルチザン,火焰阔头枪,Вогняна партизана,,Огненный протазан,,
16050500,F4E944,Flame Art Partisan,炎術のパルチザン,焰术阔头枪,Полум'яна партизана,,Пылающий протазан,,
16050600,F4E9A8,Lightning Partisan,雷のパルチザン,雷电阔头枪,Блискавкова партизана,,Громовой протазан,,
16050700,F4EA0C,Sacred Partisan,神聖なパルチザン,神圣阔头枪,Священна партизана,,Священный протазан,,
16050800,F4EA70,Magic Partisan,魔力のパルチザン,魔力阔头枪,Магічна партизана,,Зачарованный протазан,,
16050900,F4EAD4,Cold Partisan,冷たいパルチザン,寒冷阔头枪,Морозна партизана,,Морозный протазан,,
16051000,F4EB38,Poison Partisan,毒のパルチザン,毒阔头枪,Отруйна партизана,,Отравленный протазан,,
16051100,F4EB9C,Blood Partisan,血のパルチザン,血阔头枪,Кривава партизана,,Кровавый протазан,,
16051200,F4EC00,Occult Partisan,神秘のパルチザン,神秘阔头枪,Окультна партизана,,Оккультный протазан,,
16060000,F50E60,Celebrant's Rib-Rake,祝祭の肋骨鋤,庆典肋骨钉耙,Урочисті кістяні граблі,,Праздничные ребристые грабли,,
16060100,F50EC4,Celebrant's Heavy Rib-Rake,重厚な祝祭肋骨鋤,厚重庆典肋骨钉耙,Важкі урочисті кістяні граблі,,Тяжёлые праздничные ребристые грабли,,
16060200,F50F28,Celebrant's Keen Rib-Rake,鋭利な祝祭肋骨鋤,锋利庆典肋骨钉耙,Стрімкі урочисті кістяні граблі,,Острые праздничные ребристые грабли,,
16060300,F50F8C,Celebrant's Quality Rib-Rake,上質な祝祭肋骨鋤,优质庆典肋骨钉耙,Якісні урочисті кістяні граблі,,Качественные праздничные ребристые грабли,,
16060400,F50FF0,Celebrant's Fire Rib-Rake,炎の祝祭肋骨鋤,火焰庆典肋骨钉耙,Вогняні урочисті кістяні граблі,,Огненные праздничные ребристые грабли,,
16060500,F51054,Celebrant's Flame Art Rib-Rake,炎術の祝祭肋骨鋤,焰术庆典肋骨钉耙,Полум'яні урочисті кістяні граблі,,Пылающие праздничные ребристые грабли,,
16060600,F510B8,Celebrant's Lightning Rib-Rake,雷の祝祭肋骨鋤,雷电庆典肋骨钉耙,Блискавкові урочисті кістяні граблі,,Громовые праздничные ребристые грабли,,
16060700,F5111C,Celebrant's Sacred Rib-Rake,神聖な祝祭肋骨鋤,神圣庆典肋骨钉耙,Священні урочисті кістяні граблі,,Священные праздничные ребристые грабли,,
16060800,F51180,Celebrant's Magic Rib-Rake,魔力の祝祭肋骨鋤,魔力庆典肋骨钉耙,Магічні урочисті кістяні граблі,,Зачарованные праздничные ребристые грабли,,
16060900,F511E4,Celebrant's Cold Rib-Rake,冷たい祝祭肋骨鋤,寒冷庆典肋骨钉耙,Морозні урочисті кістяні граблі,,Морозные праздничные ребристые грабли,,
16061000,F51248,Celebrant's Poison Rib-Rake,毒の祝祭肋骨鋤,毒庆典肋骨钉耙,Отруйні урочисті кістяні граблі,,Отравленные праздничные ребристые грабли,,
16061100,F512AC,Celebrant's Blood Rib-Rake,血の祝祭肋骨鋤,血庆典肋骨钉耙,Криваві урочисті кістяні граблі,,Кровавые праздничные ребристые грабли,,
16061200,F51310,Celebrant's Occult Rib-Rake,神秘の祝祭肋骨鋤,神秘庆典肋骨钉耙,Окультні урочисті кістяні граблі,,Оккультные праздничные ребристые грабли,,
16070000,F53570,Pike,パイク,长矛,Піка,,Пика,,
16070100,F535D4,Heavy Pike,重厚なパイク,厚重长矛,Важка піка,,Тяжёлая пика,,
16070200,F53638,Keen Pike,鋭利なパイク,锋利长矛,Стрімка піка,,Острая пика,,
16070300,F5369C,Quality Pike,上質なパイク,优质长矛,Якісна піка,,Качественная пика,,
16070400,F53700,Fire Pike,炎のパイク,火焰长矛,Вогняна піка,,Огненная пика,,
16070500,F53764,Flame Art Pike,炎術のパイク,焰术长矛,Полум'яна піка,,Пылающая пика,,
16070600,F537C8,Lightning Pike,雷のパイク,雷电长矛,Блискавкова піка,,Громовая пика,,
16070700,F5382C,Sacred Pike,神聖なパイク,神圣长矛,Священна піка,,Священная пика,,
16070800,F53890,Magic Pike,魔力のパイク,魔力长矛,Магічна піка,,Зачарованная пика,,
16070900,F538F4,Cold Pike,冷たいパイク,寒冷长矛,Морозна піка,,Морозная пика,,
16071000,F53958,Poison Pike,毒のパイク,毒长矛,Отруйна піка,,Отравленная пика,,
16071100,F539BC,Blood Pike,血のパイク,血长矛,Кривава піка,,Кровавая пика,,
16071200,F53A20,Occult Pike,神秘のパイク,神秘长矛,Окультна піка,,Оккультная пика,,
16080000,F55C80,Torchpole,ポールトーチ,烛台棒,Смолоскип на жердині,,Факел на жерди,,
16090000,F58390,Bolt of Gransax,グランサクスの雷,古兰桑克斯的雷电,Блискавка Ґрансакса,,Болт Грансакса,,
16110000,F5D1B0,Cross-Naginata,十文字薙刀,十字刀,Хрестова наґіната,,Крестовая нагината,,
16110100,F5D214,Heavy Cross-Naginata,重厚な十文字薙刀,厚重十字刀,Важка хрестова наґіната,,Тяжёлая крестовая нагината,,
16110200,F5D278,Keen Cross-Naginata,鋭利な十文字薙刀,锋利十字刀,Стрімка хрестова наґіната,,Острая крестовая нагината,,
16110300,F5D2DC,Quality Cross-Naginata,上質な十文字薙刀,优质十字刀,Якісна хрестова наґіната,,Качественная крестовая нагината,,
16110400,F5D340,Fire Cross-Naginata,炎の十文字薙刀,火焰十字刀,Вогняна хрестова наґіната,,Огненная крестовая нагината,,
16110500,F5D3A4,Flame Art Cross-Naginata,炎術の十文字薙刀,焰术十字刀,Полум'яна хрестова наґіната,,Пылающая крестовая нагината,,
16110600,F5D408,Lightning Cross-Naginata,雷の十文字薙刀,雷电十字刀,Блискавкова хрестова наґіната,,Громовая крестовая нагината,,
16110700,F5D46C,Sacred Cross-Naginata,神聖な十文字薙刀,神圣十字刀,Священна хрестова наґіната,,Священная крестовая нагината,,
16110800,F5D4D0,Magic Cross-Naginata,魔力の十文字薙刀,魔力十字刀,Магічна хрестова наґіната,,Зачарованная крестовая нагината,,
16110900,F5D534,Cold Cross-Naginata,冷たい十文字薙刀,寒冷十字刀,Морозна хрестова наґіната,,Морозная крестовая нагината,,
16111000,F5D598,Poison Cross-Naginata,毒の十文字薙刀,毒十字刀,Отруйна хрестова наґіната,,Отравленная крестовая нагината,,
16111100,F5D5FC,Blood Cross-Naginata,血の十文字薙刀,血十字刀,Кривава хрестова наґіната,,Кровавая крестовая нагината,,
16111200,F5D660,Occult Cross-Naginata,神秘の十文字薙刀,神秘十字刀,Окультна хрестова наґіната,,Оккультная крестовая нагината,,
16120000,F5F8C0,Death Ritual Spear,死儀礼の槍,死亡仪式矛,Спис смертельного ритуалу,,Копьё смертельного ритуала,,
16130000,F61FD0,Inquisitor's Girandole,責問燭台,拷问烛台,Свічник інквізитора,,Подсвечник инквизитора,,
16140000,F646E0,Spiked Spear,棘棍,棘刺棍,Шипований спис,,Зазубренное копьё,,
16140100,F64744,Heavy Spiked Spear,重厚な棘棍,厚重棘刺棍,Важкий шипований спис,,Тяжёлое шипастое копьё,,
16140200,F647A8,Keen Spiked Spear,鋭利な棘棍,锋利棘刺棍,Стрімкий шипований спис,,Острое шипастое копьё,,
16140300,F6480C,Quality Spiked Spear,上質な棘棍,优质棘刺棍,Якісний шипований спис,,Качественное шипастое копьё,,
16140400,F64870,Fire Spiked Spear,炎の棘棍,火焰棘刺棍,Вогняний шипований спис,,Огненная шипастое копьё,,
16140500,F648D4,Flame Art Spiked Spear,炎術の棘棍,焰术棘刺棍,Полум'яний шипований спис,,Пылающее шипастое копьё,,
16140600,F64938,Lightning Spiked Spear,雷の棘棍,雷电棘刺棍,Блискавковий шипований спис,,Громовое шипастое копьё,,
16140700,F6499C,Sacred Spiked Spear,神聖な棘棍,神圣棘刺棍,Священний шипований спис,,Священное шипастое копьё,,
16140800,F64A00,Magic Spiked Spear,魔力の棘棍,魔力棘刺棍,Магічний шипований спис,,Зачарованное шипастое копьё,,
16140900,F64A64,Cold Spiked Spear,冷たい棘棍,寒冷棘刺棍,Морозний шипований спис,,Морозное шипастое копьё,,
16141000,F64AC8,Poison Spiked Spear,毒の棘棍,毒棘刺棍,Отруйний шипований спис,,Отравленное шипастое копьё,,
16141100,F64B2C,Blood Spiked Spear,血の棘棍,血棘刺棍,Кривавий шипований спис,,Кровавое шипастое копьё,,
16141200,F64B90,Occult Spiked Spear,神秘の棘棍,神秘棘刺棍,Окультний шипований спис,,Оккультное шипастое копьё,,
16150000,F66DF0,Iron Spear,鉄の槍,铁制矛,Залізний спис,,Железное копьё,,
16150100,F66E54,Heavy Iron Spear,重厚な鉄槍,厚重铁制矛,Важкий залізний спис,,Тяжёлое железное копьё,,
16150200,F66EB8,Keen Iron Spear,鋭利な鉄槍,锋利铁制矛,Стрімкий залізний спис,,Острое железное копьё,,
16150300,F66F1C,Quality Iron Spear,上質な鉄槍,优质铁制矛,Якісний залізний спис,,Качественное железное копьё,,
16150400,F66F80,Fire Iron Spear,炎の鉄槍,火焰铁制矛,Вогняний залізний спис,,Огненное железное копьё,,
16150500,F66FE4,Flame Art Iron Spear,炎術の鉄槍,焰术铁制矛,Полум'яний залізний спис,,Пылающее железное копьё,,
16150600,F67048,Lightning Iron Spear,雷の鉄槍,雷电铁制矛,Блискавковий залізний спис,,Громовое железное копьё,,
16150700,F670AC,Sacred Iron Spear,神聖な鉄槍,神圣铁制矛,Священний залізний спис,,Священное железное копьё,,
16150800,F67110,Magic Iron Spear,魔力の鉄槍,魔力铁制矛,Магічний залізний спис,,Зачарованное железное копьё,,
16150900,F67174,Cold Iron Spear,冷たい鉄槍,寒冷铁制矛,Морозний залізний спис,,Морозное железное копьё,,
16151000,F671D8,Poison Iron Spear,毒の鉄槍,毒铁制矛,Отруйний залізний спис,,Отравленное железное копьё,,
16151100,F6723C,Blood Iron Spear,血の鉄槍,血铁制矛,Кривавий залізний спис,,Кровавое железное копьё,,
16151200,F672A0,Occult Iron Spear,神秘の鉄槍,神秘铁制矛,Окультний залізний спис,,Оккультное железное копьё,,
16160000,F69500,Rotten Crystal Spear,腐敗した結晶槍,腐败结晶矛,Гнилий кристалічний спис,,Гнилое кристальное копьё,,
17010000,1038D50,Mohgwyn's Sacred Spear,モーグウィンの聖槍,蒙格温圣矛,Священний спис Моґвинів,,Священное копьё Могвина,,
17020000,103B460,Siluria's Tree,シルリアの樹槍,志留亚的树矛,Дерево Силурії,,Дерево Силурии,,
17030000,103DB70,Serpent-Hunter,大蛇狩り,大蛇狩猎矛,Змієлов,,Охотник на змей,,
17050000,1042990,Vyke's War Spear,ヴァイクの戦槍,维克的战矛,Бойовий спис Вайка,,Боевое копьё Вика,,
17060000,10450A0,Lance,ランス,骑兵长矛,Кавалерійський спис,,Пика,,
17060100,1045104,Heavy Lance,重厚なランス,厚重骑兵长矛,Важкий кавалерійський спис,,Тяжёлая пика,,
17060200,1045168,Keen Lance,鋭利なランス,锋利骑兵长矛,Стрімкий кавалерійський спис,,Острая пика,,
17060300,10451CC,Quality Lance,上質なランス,优质骑兵长矛,Якісний кавалерійський спис,,Качественная пика,,
17060400,1045230,Fire Lance,炎のランス,火焰骑兵长矛,Вогняний кавалерійський спис,,Огненная пика,,
17060500,1045294,Flame Art Lance,炎術のランス,焰术骑兵长矛,Полум'яний кавалерійський спис,,Пылающая пика,,
17060600,10452F8,Lightning Lance,雷のランス,雷电骑兵长矛,Блискавковий кавалерійський спис,,Громовая пика,,
17060700,104535C,Sacred Lance,神聖なランス,神圣骑兵长矛,Священний кавалерійський спис,,Священная пика,,
17060800,10453C0,Magic Lance,魔力のランス,魔力骑兵长矛,Магічний кавалерійський спис,,Зачарованная пика,,
17060900,1045424,Cold Lance,冷たいランス,寒冷骑兵长矛,Морозний кавалерійський спис,,Морозная пика,,
17061000,1045488,Poison Lance,毒のランス,毒骑兵长矛,Отруйний кавалерійський спис,,Отравленная пика,,
17061100,10454EC,Bloody Lance,血のランス,血骑兵长矛,Кривавий кавалерійський спис,,Окровавленная пика,,
17061200,1045550,Occult Lance,神秘のランス,神秘骑兵长矛,Окультний кавалерійський спис,,Оккультная пика,,
17070000,10477B0,Treespear,ツリースピア,大树矛,Деревний спис,,Древесное копьё,,
17070100,1047814,Heavy Treespear,重厚なツリースピア,厚重大树矛,[ERROR]Важкий деревний спис,,Тяжёлое древесное копьё,,
17070200,1047878,Keen Treespear,鋭利なツリースピア,锋利大树矛,[ERROR]Стрімкий деревний спис,,Острое древесное копьё,,
17070300,10478DC,Quality Treespear,上質なツリースピア,优质大树矛,[ERROR]Якісний деревний спис,,Качественное древесное копьё,,
17070400,1047940,Fire Treespear,炎のツリースピア,火焰大树矛,[ERROR]Вогняний деревний спис,,Огненное древесное копьё,,
17070500,10479A4,Flame Art Treespear,炎術のツリースピア,焰术大树矛,[ERROR]Полум'яний деревний спис,,Пылающее древесное копьё,,
17070600,1047A08,Lightning Treespear,雷のツリースピア,雷电大树矛,[ERROR]Блискавковий деревний спис,,Громовое древесное копьё,,
17070700,1047A6C,Sacred Treespear,神聖なツリースピア,神圣大树矛,[ERROR]Священний деревний спис,,Священное древесное копьё,,
17070800,1047AD0,Magic Treespear,魔力のツリースピア,魔力大树矛,[ERROR]Магічний деревний спис,,Зачарованное древесное копьё,,
17070900,1047B34,Cold Treespear,冷たいツリースピア,寒冷大树矛,[ERROR]Морозний деревний спис,,Морозное древесное копьё,,
17071000,1047B98,Poison Treespear,毒のツリースピア,毒大树矛,[ERROR]Отруйний деревний спис,,Отравленное древесное копьё,,
17071100,1047BFC,Blood Treespear,血のツリースピア,血大树矛,[ERROR]Кривавий деревний спис,,Кровавое древесное копьё,,
17071200,1047C60,Occult Treespear,神秘のツリースピア,神秘大树矛,[ERROR]Окультний деревний спис,,Оккультное древесное копьё,,
18000000,112A880,Halberd,ハルバード,戟,Алебарда,,Алебарда,,
18000100,112A8E4,Heavy Halberd,重厚なハルバード,厚重戟,Важка алебарда,,Тяжёлая алебарда,,
18000200,112A948,Keen Halberd,鋭利なハルバード,锋利戟,Стрімка алебарда,,Острая алебарда,,
18000300,112A9AC,Quality Halberd,上質なハルバード,优质戟,Якісна алебарда,,Качественная алебарда,,
18000400,112AA10,Fire Halberd,炎のハルバード,火焰戟,Вогняна алебарда,,Огненная алебарда,,
18000500,112AA74,Flame Art Halberd,炎術のハルバード,焰术戟,Полум'яна алебарда,,Пылающая алебарда,,
18000600,112AAD8,Lightning Halberd,雷のハルバード,雷电戟,Блискавкова алебарда,,Громовая алебарда,,
18000700,112AB3C,Sacred Halberd,神聖なハルバード,神圣戟,Священна алебарда,,Священная алебарда,,
18000800,112ABA0,Magic Halberd,魔力のハルバード,魔力戟,Магічна алебарда,,Зачарованная алебарда,,
18000900,112AC04,Cold Halberd,冷たいハルバード,寒冷戟,Морозна алебарда,,Морозная алебарда,,
18001000,112AC68,Poison Halberd,毒のハルバード,毒戟,Отруйна алебарда,,Отравленная алебарда,,
18001100,112ACCC,Blood Halberd,血のハルバード,血戟,Кривава алебарда,,Кровавая алебарда,,
18001200,112AD30,Occult Halberd,神秘のハルバード,神秘戟,Окультна алебарда,,Оккультная алебарда,,
18010000,112CF90,Pest's Glaive,蟲のグレイブ,昆虫剑刃戟,Глефа комашні,,Глефа вредителя,,
18010100,112CFF4,Pest's Heavy Glaive,重厚な蟲グレイブ,厚重昆虫剑刃戟,Важка глефа комашні,,Тяжёлая глефа вредителя,,
18010200,112D058,Pest's Keen Glaive,鋭利な蟲グレイブ,锋利昆虫剑刃戟,Стрімка глефа комашні,,Острая глефа вредителя,,
18010300,112D0BC,Pest's Quality Glaive,上質な蟲グレイブ,优质昆虫剑刃戟,Якісна глефа комашні,,Качественная глефа вредителя,,
18010400,112D120,Pest's Fire Glaive,炎の蟲グレイブ,火焰昆虫剑刃戟,Вогняна глефа комашні,,Огненная глефа вредителя,,
18010500,112D184,Pest's Flame Art Glaive,炎術の蟲グレイブ,焰术昆虫剑刃戟,Полум'яна глефа комашні,,Пылающая глефа вредителя,,
18010600,112D1E8,Pest's Lightning Glaive,雷の蟲グレイブ,雷电昆虫剑刃戟,Блискавкова глефа комашні,,Громовая глефа вредителя,,
18010700,112D24C,Pest's Sacred Glaive,神聖な蟲グレイブ,神圣昆虫剑刃戟,Священна глефа комашні,,Священная глефа вредителя,,
18010800,112D2B0,Pest's Magic Glaive,魔力の蟲グレイブ,魔力昆虫剑刃戟,Магічна глефа комашні,,Зачарованная глефа вредителя,,
18010900,112D314,Pest's Cold Glaive,冷たい蟲グレイブ,寒冷昆虫剑刃戟,Морозна глефа комашні,,Морозная глефа вредителя,,
18011000,112D378,Pest's Poison Glaive,毒の蟲グレイブ,毒昆虫剑刃戟,Отруйна глефа комашні,,Отравленная глефа вредителя,,
18011100,112D3DC,Pest's Blood Glaive,血の蟲グレイブ,血昆虫剑刃戟,Кривава глефа комашні,,Кровавая глефа вредителя,,
18011200,112D440,Pest's Occult Glaive,神秘の蟲グレイブ,神秘昆虫剑刃戟,Окультна глефа комашні,,Оккультная глефа вредителя,,
18020000,112F6A0,Lucerne,ルッツエルン,琉森戟,Люцерн,,Люцернский молот,,
18020100,112F704,Heavy Lucerne,重厚なルッツエルン,厚重琉森戟,Важкий люцерн,,Тяжёлый люцернский молот,,
18020200,112F768,Keen Lucerne,鋭利なルッツエルン,锋利琉森戟,Стрімкий люцерн,,Острый люцернский молот,,
18020300,112F7CC,Quality Lucerne,上質なルッツエルン,优质琉森戟,Якісний люцерн,,Качественный люцернский молот,,
18020400,112F830,Fire Lucerne,炎のルッツエルン,火焰琉森戟,Вогняний люцерн,,Огненный люцернский молот,,
18020500,112F894,Flame Art Lucerne,炎術のルッツエルン,焰术琉森戟,Полум'яний люцерн,,Пылающий люцернский молот,,
18020600,112F8F8,Lightning Lucerne,雷のルッツエルン,雷电琉森戟,Блискавковий люцерн,,Громовой люцернский молот,,
18020700,112F95C,Sacred Lucerne,神聖なルッツエルン,神圣琉森戟,Священний люцерн,,Священный люцернский молот,,
18020800,112F9C0,Magic Lucerne,魔力のルッツエルン,魔力琉森戟,Магічний люцерн,,Зачарованный люцернский молот,,
18020900,112FA24,Cold Lucerne,冷たいルッツエルン,寒冷琉森戟,Морозний люцерн,,Морозный люцернский молот,,
18021000,112FA88,Poison Lucerne,毒のルッツエルン,毒琉森戟,Отруйний люцерн,,Отравленный люцернский молот,,
18021100,112FAEC,Blood Lucerne,血のルッツエルン,血琉森戟,Кривавий люцерн,,Кровавый люцернский молот,,
18021200,112FB50,Occult Lucerne,神秘のルッツエルン,神秘琉森戟,Окультний люцерн,,Оккультный люцернский молот,,
18030000,1131DB0,Banished Knight's Halberd,失地騎士の斧槍,失乡骑士戟,Алебарда лицаря-вигнанця,,Алебарда рыцаря-изгнанника,,
18030100,1131E14,Banished Knight's Heavy Halberd,重厚な失地騎士斧槍,厚重失乡骑士戟,Важка алебарда лицаря-вигнанця,,Тяжёлая алебарда рыцаря-изгнанника,,
18030200,1131E78,Banished Knight's Keen Halberd,鋭利な失地騎士斧槍,锋利失乡骑士戟,Стрімка алебарда лицаря-вигнанця,,Острая алебарда рыцаря-изгнанника,,
18030300,1131EDC,Banished Knight's Quality Halberd,上質な失地騎士斧槍,优质失乡骑士戟,Якісна алебарда лицаря-вигнанця,,Качественная алебарда рыцаря-изгнанника,,
18030400,1131F40,Banished Knight's Fire Halberd,炎の失地騎士斧槍,火焰失乡骑士戟,Вогняна алебарда лицаря-вигнанця,,Огненная алебарда рыцаря-изгнанника,,
18030500,1131FA4,Banished Knight's Flame Art Halberd,炎術の失地騎士斧槍,焰术失乡骑士戟,Полум'яна алебарда лицаря-вигнанця,,Пылающая алебарда рыцаря-изгнанника,,
18030600,1132008,Banished Knight's Lightning Halberd,雷の失地騎士斧槍,雷电失乡骑士戟,Блискавкова алебарда лицаря-вигнанця,,Громовая алебарда рыцаря-изгнанника,,
18030700,113206C,Banished Knight's Sacred Halberd,神聖な失地騎士斧槍,神圣失乡骑士戟,Священна алебарда лицаря-вигнанця,,Священная алебарда рыцаря-изгнанника,,
18030800,11320D0,Banished Knight's Magic Halberd,魔力の失地騎士斧槍,魔力失乡骑士戟,Магічна алебарда лицаря-вигнанця,,Зачарованная алебарда рыцаря-изгнанника,,
18030900,1132134,Banished Knight's Cold Halberd,冷たい失地騎士斧槍,寒冷失乡骑士戟,Морозна алебарда лицаря-вигнанця,,Морозная алебарда рыцаря-изгнанника,,
18031000,1132198,Banished Knight's Poison Halberd,毒の失地騎士斧槍,毒失乡骑士戟,Отруйна алебарда лицаря-вигнанця,,Отравленная алебарда рыцаря-изгнанника,,
18031100,11321FC,Banished Knight's Blood Halberd,血の失地騎士斧槍,血失乡骑士戟,Кривава алебарда лицаря-вигнанця,,Кровавая алебарда рыцаря-изгнанника,,
18031200,1132260,Banished Knight's Occult Halberd,神秘の失地騎士斧槍,神秘失乡骑士戟,Окультна алебарда лицаря-вигнанця,,Оккультная алебарда рыцаря-изгнанника,,
18040000,11344C0,Commander's Standard,宿将の軍旗,老将的军旗,Штандарт командира,,Штандарт командующего,,
18050000,1136BD0,Nightrider Glaive,夜騎兵のグレイブ,黑夜骑兵剑刃戟,Глефа нічного вершника,,Глефа ночной конницы,,
18050100,1136C34,Heavy Nightrider Glaive,重厚な夜騎兵グレイブ,厚重黑夜骑兵剑刃戟,Важка глефа нічного вершника,,Тяжёлая глефа ночной конницы,,
18050200,1136C98,Keen Nightrider Glaive,鋭利な夜騎兵グレイブ,锋利黑夜骑兵剑刃戟,Стрімка глефа нічного вершника,,Острая глефа ночной конницы,,
18050300,1136CFC,Quality Nightrider Glaive,上質な夜騎兵グレイブ,优质黑夜骑兵剑刃戟,Якісна глефа нічного вершника,,Качественная глефа ночной конницы,,
18050400,1136D60,Fire Nightrider Glaive,炎の夜騎兵グレイブ,火焰黑夜骑兵剑刃戟,Вогняна глефа нічного вершника,,Огненная глефа ночной конницы,,
18050500,1136DC4,Flame Art Nightrider Glaive,炎術の夜騎兵グレイブ,焰术黑夜骑兵剑刃戟,Полум'яна глефа нічного вершника,,Пылающая глефа ночной конницы,,
18050600,1136E28,Lightning Nightrider Glaive,雷の夜騎兵グレイブ,雷电黑夜骑兵剑刃戟,Блискавкова глефа нічного вершника,,Громовая глефа ночной конницы,,
18050700,1136E8C,Sacred Nightrider Glaive,神聖な夜騎兵グレイブ,神圣黑夜骑兵剑刃戟,Священна глефа нічного вершника,,Священная глефа ночной конницы,,
18050800,1136EF0,Magic Nightrider Glaive,魔力の夜騎兵グレイブ,魔力黑夜骑兵剑刃戟,Магічна глефа нічного вершника,,Зачарованная глефа ночной конницы,,
18050900,1136F54,Cold Nightrider Glaive,冷たい夜騎兵グレイブ,寒冷黑夜骑兵剑刃戟,Морозна глефа нічного вершника,,Морозная глефа ночной конницы,,
18051000,1136FB8,Poison Nightrider Glaive,毒の夜騎兵グレイブ,毒黑夜骑兵剑刃戟,Отруйна глефа нічного вершника,,Отравленная глефа ночной конницы,,
18051100,113701C,Blood Nightrider Glaive,血の夜騎兵グレイブ,血黑夜骑兵剑刃戟,Кривава глефа нічного вершника,,Кровавая глефа ночной конницы,,
18051200,1137080,Occult Nightrider Glaive,神秘の夜騎兵グレイブ,神秘黑夜骑兵剑刃戟,Окультна глефа нічного вершника,,Оккультная секира ночной конницы,,
18060000,11392E0,Ripple Crescent Halberd,欠波紋の斧槍,残缺波纹戟,Хвиляста алебарда півмісяця,,Алебарда лунной волны,,
18060100,1139344,Heavy Ripple Crescent Halberd,,,,,,,
18060200,11393A8,Keen Ripple Crescent Halberd,,,,,,,
18060300,113940C,Quality Ripple Crescent Halberd,,,,,,,
18060400,1139470,Fire Ripple Crescent Halberd,,,,,,,
18060500,11394D4,Flame Art Ripple Crescent Halberd,,,,,,,
18060600,1139538,Lightning Ripple Crescent Halberd,,,,,,,
18060700,113959C,Sacred Ripple Crescent Halberd,,,,,,,
18060800,1139600,Magic Ripple Crescent Halberd,,,,,,,
18060900,1139664,Cold Ripple Crescent Halberd,,,,,,,
18061000,11396C8,Poison Ripple Crescent Halberd,,,,,,,
18061100,113972C,Blood Ripple Crescent Halberd,,,,,,,
18061200,1139790,Occult Ripple Crescent Halberd,,,,,,,
18070000,113B9F0,Vulgar Militia Saw,卑兵のノコギリ,恶兵锯齿刀,Пила ополченця,,Пила плебея-ополченца,,
18070100,113BA54,Heavy Vulgar Militia Saw,重厚な卑兵ノコギリ,厚重恶兵锯齿刀,Важка пила ополченця,,Тяжёлая пила плебея-ополченца,,
18070200,113BAB8,Keen Vulgar Militia Saw,鋭利な卑兵ノコギリ,锋利恶兵锯齿刀,Стрімка пила ополченця,,Острая пила плебея-ополченца,,
18070300,113BB1C,Quality Vulgar Militia Saw,上質な卑兵ノコギリ,优质恶兵锯齿刀,Якісна пила ополченця,,Качественная пила плебея-ополченца,,
18070400,113BB80,Fire Vulgar Militia Saw,炎の卑兵ノコギリ,火焰恶兵锯齿刀,Вогняна пила ополченця,,Огненная пила плебея-ополченца,,
18070500,113BBE4,Flame Art Vulgar Militia Saw,炎術の卑兵ノコギリ,焰术恶兵锯齿刀,Полум'яна пила ополченця,,Пылающая пила плебея-ополченца,,
18070600,113BC48,Lightning Vulgar Militia Saw,雷の卑兵ノコギリ,雷电恶兵锯齿刀,Блискавкова пила ополченця,,Громовая пила плебея-ополченца,,
18070700,113BCAC,Sacred Vulgar Militia Saw,神聖な卑兵ノコギリ,神圣恶兵锯齿刀,Священна пила ополченця,,Священная пила плебея-ополченца,,
18070800,113BD10,Magic Vulgar Militia Saw,魔力の卑兵ノコギリ,魔力恶兵锯齿刀,Магічна пила ополченця,,Зачарованная пила плебея-ополченца,,
18070900,113BD74,Cold Vulgar Militia Saw,冷たい卑兵ノコギリ,寒冷恶兵锯齿刀,Морозна пила ополченця,,Морозная пила плебея-ополченца,,
18071000,113BDD8,Poison Vulgar Militia Saw,毒の卑兵ノコギリ,毒恶兵锯齿刀,Отруйна пила ополченця,,Отравленная пила плебея-ополченца,,
18071100,113BE3C,Blood Vulgar Militia Saw,血の卑兵ノコギリ,血恶兵锯齿刀,Кривава пила ополченця,,Кровавая пила плебея-ополченца,,
18071200,113BEA0,Occult Vulgar Militia Saw,神秘の卑兵ノコギリ,神秘恶兵锯齿刀,Окультна пила ополченця,,Оккультная пила плебея-ополченца,,
18080000,113E100,Golden Halberd,黄金のハルバード,黄金戟,Золота алебарда,,Золотая алебарда,,
18080100,113E164,Heavy Golden Halberd,,,,,,,
18080200,113E1C8,Keen Golden Halberd,,,,,,,
18080300,113E22C,Quality Golden Halberd,,,,,,,
18080400,113E290,Fire Golden Halberd,,,,,,,
18080500,113E2F4,Flame Art Golden Halberd,,,,,,,
18080600,113E358,Lightning Golden Halberd,,,,,,,
18080700,113E3BC,Sacred Golden Halberd,,,,,,,
18080800,113E420,Magic Golden Halberd,,,,,,,
18080900,113E484,Cold Golden Halberd,,,,,,,
18081000,113E4E8,Poison Golden Halberd,,,,,,,
18081100,113E54C,Blood Golden Halberd,,,,,,,
18081200,113E5B0,Occult Golden Halberd,,,,,,,
18090000,1140810,Glaive,グレイブ,剑刃戟,Глефа,,Глефа,,
18090100,1140874,Heavy Glaive,重厚なグレイブ,厚重剑刃戟,Важка глефа,,Тяжёлая глефа,,
18090200,11408D8,Keen Glaive,鋭利なグレイブ,锋利剑刃戟,Стрімка глефа,,Острая глефа,,
18090300,114093C,Quality Glaive,上質なグレイブ,优质剑刃戟,Якісна глефа,,Качественная глефа,,
18090400,11409A0,Fire Glaive,炎のグレイブ,火焰剑刃戟,Вогняна глефа,,Огненная глефа,,
18090500,1140A04,Flame Art Glaive,炎術のグレイブ,焰术剑刃戟,Полум'яна глефа,,Пылающая глефа,,
18090600,1140A68,Lightning Glaive,雷のグレイブ,雷电剑刃戟,Блискавкова глефа,,Громовая глефа,,
18090700,1140ACC,Sacred Glaive,神聖なグレイブ,神圣剑刃戟,Священна глефа,,Священная глефа,,
18090800,1140B30,Magic Glaive,魔力のグレイブ,魔力剑刃戟,Магічна глефа,,Зачарованная глефа,,
18090900,1140B94,Cold Glaive,冷たいグレイブ,寒冷剑刃戟,Морозна глефа,,Морозная глефа,,
18091000,1140BF8,Poison Glaive,毒のグレイブ,毒剑刃戟,Отруйна глефа,,Отравленная глефа,,
18091100,1140C5C,Blood Glaive,血のグレイブ,血剑刃戟,Кривава глефа,,Кровавая глефа,,
18091200,1140CC0,Occult Glaive,神秘のグレイブ,神秘剑刃戟,Окультна глефа,,Оккультная глефа,,
18100000,1142F20,Loretta's War Sickle,ローレッタの戦鎌,罗蕾塔的战镰,Бойовий серп Лоретти,,Боевой серп Лоретты,,
18110000,1145630,Guardian's Swordspear,守人の剣槍,守卫剑枪,Спис-меч вартового,,Копьё-меч стража,,
18110100,1145694,Guardian's Heavy Swordspear,重厚な守人剣槍,厚重守卫剑枪,Важкий спис-меч вартового,,Тяжёлое копьё-меч стража,,
18110200,11456F8,Guardian's Keen Swordspear,鋭利な守人剣槍,锋利守卫剑枪,Стрімкий спис-меч вартового,,Острое копьё-меч стража,,
18110300,114575C,Guardian's Quality Swordspear,上質な守人剣槍,优质守卫剑枪,Якісний спис-меч вартового,,Качественное копьё-меч стража,,
18110400,11457C0,Guardian's Fire Swordspear,炎の守人剣槍,火焰守卫剑枪,Вогняний спис-меч вартового,,Огненное копьё-меч стража,,
18110500,1145824,Guardian's Flame Art Swordspear,炎術の守人剣槍,焰术守卫剑枪,Полум'яний спис-меч вартового,,Пылающее копьё-меч стража,,
18110600,1145888,Guardian's Lightning Swordspear,雷の守人剣槍,雷电守卫剑枪,Блискавковий спис-меч вартового,,Громовое копьё-меч стража,,
18110700,11458EC,Guardian's Sacred Swordspear,神聖な守人剣槍,神圣守卫剑枪,Священний спис-меч вартового,,Священное копьё-меч стража,,
18110800,1145950,Guardian's Magic Swordspear,魔力の守人剣槍,魔力守卫剑枪,Магічний спис-меч вартового,,Зачарованное копьё-меч стража,,
18110900,11459B4,Guardian's Cold Swordspear,冷たい守人剣槍,寒冷守卫剑枪,Морозний спис-меч вартового,,Морозное копьё-меч стража,,
18111000,1145A18,Guardian's Poison Swordspear,毒の守人剣槍,毒守卫剑枪,Отруйний спис-меч вартового,,Отравленное копьё-меч стража,,
18111100,1145A7C,Guardian's Blood Swordspear,血の守人剣槍,血守卫剑枪,Кривавий спис-меч вартового,,Кровавое копьё-меч стража,,
18111200,1145AE0,Guardian's Occult Swordspear,神秘の守人剣槍,神秘守卫剑枪,Окультний спис-меч вартового,,Оккультное копьё-меч стража,,
18130000,114A450,Vulgar Militia Shotel,卑兵のショーテル,恶兵钩剑,Шотель ополченця,,Шотель плебея-ополченца,,
18130100,114A4B4,Heavy Vulgar Militia Shotel,重厚な卑兵ショーテル,厚重恶兵钩剑,Важкий шотель ополченця,,Тяжёлый шотель плебея-ополченца,,
18130200,114A518,Keen Vulgar Militia Shotel,鋭利な卑兵ショーテル,锋利恶兵钩剑,Стрімкий шотель ополченця,,Острый шотель плебея-ополченца,,
18130300,114A57C,Quality Vulgar Militia Shotel,上質な卑兵ショーテル,优质恶兵钩剑,Якісний шотель ополченця,,Качественный шотель плебея-ополченца,,
18130400,114A5E0,Fire Vulgar Militia Shotel,炎の卑兵ショーテル,火焰恶兵钩剑,Вогняний шотель ополченця,,Огненный шотель плебея-ополченца,,
18130500,114A644,Flame Art Vulgar Militia Shotel,炎術の卑兵ショーテル,焰术恶兵钩剑,Полум'яний шотель ополченця,,Пылающий шотель плебея-ополченца,,
18130600,114A6A8,Lightning Vulgar Militia Shotel,雷の卑兵ショーテル,雷电恶兵钩剑,Блискавковий шотель ополченця,,Громовой шотель плебея-ополченца,,
18130700,114A70C,Sacred Vulgar Militia Shotel,神聖な卑兵ショーテル,神圣恶兵钩剑,Священний шотель ополченця,,Священный шотель плебея-ополченца,,
18130800,114A770,Magic Vulgar Militia Shotel,魔力の卑兵ショーテル,魔力恶兵钩剑,Магічний шотель ополченця,,Зачарованный шотель плебея-ополченца,,
18130900,114A7D4,Cold Vulgar Militia Shotel,冷たい卑兵ショーテル,寒冷恶兵钩剑,Морозний шотель ополченця,,Морозный шотель плебея-ополченца,,
18131000,114A838,Poison Vulgar Militia Shotel,毒の卑兵ショーテル,毒恶兵钩剑,Отруйний шотель ополченця,,Отравленный шотель плебея-ополченца,,
18131100,114A89C,Blood Vulgar Militia Shotel,血の卑兵ショーテル,血恶兵钩剑,Кривавий шотель ополченця,,Кровавый шотель плебея-ополченца,,
18131200,114A900,Occult Vulgar Militia Shotel,神秘の卑兵ショーテル,神秘恶兵钩剑,Окультний шотель ополченця,,Оккультный шотель плебея-ополченца,,
18140000,114CB60,Dragon Halberd,竜のハルバード,龙戟,Алебарда дракона,,Алебарда дракона,,
18140100,114CBC4,Heavy Dragon Halberd,,,,,,,
18140200,114CC28,Keen Dragon Halberd,,,,,,,
18140300,114CC8C,Quality Dragon Halberd,,,,,,,
18140400,114CCF0,Fire Dragon Halberd,,,,,,,
18140500,114CD54,Flame Art Dragon Halberd,,,,,,,
18140600,114CDB8,Lightning Dragon Halberd,,,,,,,
18140700,114CE1C,Sacred Dragon Halberd,,,,,,,
18140800,114CE80,Magic Dragon Halberd,,,,,,,
18140900,114CEE4,Cold Dragon Halberd,,,,,,,
18141000,114CF48,Poison Dragon Halberd,,,,,,,
18141100,114CFAC,Blood Dragon Halberd,,,,,,,
18141200,114D010,Occult Dragon Halberd,,,,,,,
18150000,114F270,Gargoyle's Halberd,ガーゴイルの斧槍,石像鬼戟,Алебарда гаргульї,,Алебарда горгульи,,
18150100,114F2D4,Gargoyle's Heavy Halberd,重厚なガーゴイル斧槍,厚重石像鬼戟,Важка алебарда гаргульї,,Тяжёлая алебарда горгульи,,
18150200,114F338,Gargoyle's Keen Halberd,鋭利なガーゴイル斧槍,锋利石像鬼戟,Стрімка алебарда гаргульї,,Острая алебарда горгульи,,
18150300,114F39C,Gargoyle's Quality Halberd,上質なガーゴイル斧槍,优质石像鬼戟,Якісна алебарда гаргульї,,Качественная алебарда горгульи,,
18150400,114F400,Gargoyle's Fire Halberd,炎のガーゴイル斧槍,火焰石像鬼戟,Вогняна алебарда гаргульї,,Огненная алебарда горгульи,,
18150500,114F464,Gargoyle's Flame Art Halberd,炎術のガーゴイル斧槍,焰术石像鬼戟,Полум'яна алебарда гаргульї,,Пылающая алебарда горгульи,,
18150600,114F4C8,Gargoyle's Lightning Halberd,雷のガーゴイル斧槍,雷电石像鬼戟,Блискавкова алебарда гаргульї,,Громовая алебарда горгульи,,
18150700,114F52C,Gargoyle's Sacred Halberd,神聖なガーゴイル斧槍,神圣石像鬼戟,Священна алебарда гаргульї,,Священная алебарда горгульи,,
18150800,114F590,Gargoyle's Magic Halberd,魔力のガーゴイル斧槍,魔力石像鬼戟,Магічна алебарда гаргульї,,Зачарованная алебарда горгульи,,
18150900,114F5F4,Gargoyle's Cold Halberd,冷たいガーゴイル斧槍,寒冷石像鬼戟,Морозна алебарда гаргульї,,Морозная алебарда горгульи,,
18151000,114F658,Gargoyle's Poison Halberd,毒のガーゴイル斧槍,毒石像鬼戟,Отруйна алебарда гаргульї,,Отравленная алебарда горгульи,,
18151100,114F6BC,Gargoyle's Blood Halberd,血のガーゴイル斧槍,血石像鬼戟,Кривава алебарда гаргульї,,Кровавая алебарда горгульи,,
18151200,114F720,Gargoyle's Occult Halberd,神秘のガーゴイル斧槍,神秘石像鬼戟,Окультна алебарда гаргульї,,Оккультная алебарда горгульи,,
18160000,1151980,Gargoyle's Black Halberd,ガーゴイルの黒斧槍,石像鬼黑戟,Чорна алебарда гаргульї,,Чёрная алебарда горгульи,,
18160100,11519E4,Heavy Gargoyle's Black Halberd,,,,,,,
18160200,1151A48,Keen Gargoyle's Black Halberd,,,,,,,
18160300,1151AAC,Quality Gargoyle's Black Halberd,,,,,,,
18160400,1151B10,Fire Gargoyle's Black Halberd,,,,,,,
18160500,1151B74,Flame Art Gargoyle's Black Halberd,,,,,,,
18160600,1151BD8,Lightning Gargoyle's Black Halberd,,,,,,,
18160700,1151C3C,Sacred Gargoyle's Black Halberd,,,,,,,
18160800,1151CA0,Magic Gargoyle's Black Halberd,,,,,,,
18160900,1151D04,Cold Gargoyle's Black Halberd,,,,,,,
18161000,1151D68,Poison Gargoyle's Black Halberd,,,,,,,
18161100,1151DCC,Blood Gargoyle's Black Halberd,,,,,,,
18161200,1151E30,Occult Gargoyle's Black Halberd,,,,,,,
19000000,121EAC0,Scythe,大鎌,大镰刀,Коса,,Коса,,
19000100,121EB24,Heavy Scythe,重厚な大鎌,厚重大镰刀,Важка коса,,Тяжёлая коса,,
19000200,121EB88,Keen Scythe,鋭利な大鎌,锋利大镰刀,Стрімка коса,,Острая коса,,
19000300,121EBEC,Quality Scythe,上質な大鎌,优质大镰刀,Якісна коса,,Качественная коса,,
19000400,121EC50,Fire Scythe,炎の大鎌,火焰大镰刀,Вогняна коса,,Огненная коса,,
19000500,121ECB4,Flame Art Scythe,炎術の大鎌,焰术大镰刀,Полум'яна коса,,Пылающая коса,,
19000600,121ED18,Lightning Scythe,雷の大鎌,雷电大镰刀,Блискавкова коса,,Громовая коса,,
19000700,121ED7C,Sacred Scythe,神聖な大鎌,神圣大镰刀,Священна коса,,Священная коса,,
19000800,121EDE0,Magic Scythe,魔力の大鎌,魔力大镰刀,Магічна коса,,Зачарованная коса,,
19000900,121EE44,Cold Scythe,冷たい大鎌,寒冷大镰刀,Морозна коса,,Морозная коса,,
19001000,121EEA8,Poison Scythe,毒の大鎌,毒大镰刀,Отруйна коса,,Отравленная коса,,
19001100,121EF0C,Blood Scythe,血の大鎌,血大镰刀,Кривава коса,,Кровавая коса,,
19001200,121EF70,Occult Scythe,神秘の大鎌,神秘大镰刀,Окультна коса,,Оккультная коса,,
19010000,12211D0,Grave Scythe,墓場の大鎌,墓地大镰刀,Могильна коса,,Могильная коса,,
19010100,1221234,Heavy Grave Scythe,重厚な墓場大鎌,厚重墓地大镰刀,Важка могильна коса,,Тяжёлая могильная коса,,
19010200,1221298,Keen Grave Scythe,鋭利な墓場大鎌,锋利墓地大镰刀,Стрімка могильна коса,,Острая могильная коса,,
19010300,12212FC,Quality Grave Scythe,上質な墓場大鎌,优质墓地大镰刀,Якісна могильна коса,,Качественная могильная коса,,
19010400,1221360,Fire Grave Scythe,炎の墓場大鎌,火焰墓地大镰刀,Вогняна могильна коса,,Огненная могильная коса,,
19010500,12213C4,Flame Art Grave Scythe,炎術の墓場大鎌,焰术墓地大镰刀,Полум'яна могильна коса,,Пылающая могильная коса,,
19010600,1221428,Lightning Grave Scythe,雷の墓場大鎌,雷电墓地大镰刀,Блискавкова могильна коса,,Громовая могильная коса,,
19010700,122148C,Sacred Grave Scythe,神聖な墓場大鎌,神圣墓地大镰刀,Священна могильна коса,,Священная могильная коса,,
19010800,12214F0,Magic Grave Scythe,魔力の墓場大鎌,魔力墓地大镰刀,Магічна могильна коса,,Зачарованная могильная коса,,
19010900,1221554,Cold Grave Scythe,冷たい墓場大鎌,寒冷墓地大镰刀,Морозна могильна коса,,Морозная могильная коса,,
19011000,12215B8,Poison Grave Scythe,毒の墓場大鎌,毒墓地大镰刀,Отруйна могильна коса,,Отравленная могильная коса,,
19011100,122161C,Blood Grave Scythe,血の墓場大鎌,血墓地大镰刀,Кривава могильна коса,,Кровавая могильная коса,,
19011200,1221680,Occult Grave Scythe,神秘の墓場大鎌,神秘墓地大镰刀,Окультна могильна коса,,Оккультная могильная коса,,
19020000,12238E0,Halo Scythe,光輪のサイス,光环镰刀,Німбова коса,,Сияющая коса,,
19050000,122AE10,Heretic's Hook,,,,,,,
19060000,122D520,Winged Scythe,翼の鎌,展翼镰刀,Крилата коса,,Крылатая коса,,
20000000,1312D00,Whip,ウィップ,软鞭,Батіг,,Кнут,,
20000100,1312D64,Heavy Whip,重厚なウィップ,厚重软鞭,Важкий батіг,,Тяжёлый кнут,,
20000200,1312DC8,Keen Whip,鋭利なウィップ,锋利软鞭,Стрімкий батіг,,Острый кнут,,
20000300,1312E2C,Quality Whip,上質なウィップ,优质软鞭,Якісний батіг,,Качественный кнут,,
20000400,1312E90,Fire Whip,炎のウィップ,火焰软鞭,Вогняний батіг,,Огненный кнут,,
20000500,1312EF4,Flame Art Whip,炎術のウィップ,焰术软鞭,Полум'яний батіг,,Пылающий кнут,,
20000600,1312F58,Lightning Whip,雷のウィップ,雷电软鞭,Блискавковий батіг,,Громовой кнут,,
20000700,1312FBC,Sacred Whip,神聖なウィップ,神圣软鞭,Священний батіг,,Священный кнут,,
20000800,1313020,Magic Whip,魔力のウィップ,魔力软鞭,Магічний батіг,,Зачарованный кнут,,
20000900,1313084,Cold Whip,冷たいウィップ,寒冷软鞭,Морозний батіг,,Морозный кнут,,
20001000,13130E8,Poison Whip,毒のウィップ,毒软鞭,Отруйний батіг,,Отравленный кнут,,
20001100,131314C,Blood Whip,血のウィップ,血软鞭,Кривавий батіг,,Кровавый кнут,,
20001200,13131B0,Occult Whip,神秘のウィップ,神秘软鞭,Окультний батіг,,Оккультный кнут,,
20020000,1317B20,Thorned Whip,茨鞭,荆棘鞭,Шипований батіг,,Шипастый кнут,,
20020100,1317B84,Heavy Thorned Whip,重厚な茨鞭,厚重荆棘鞭,Важкий шипований батіг,,Тяжёлый шипастый кнут,,
20020200,1317BE8,Keen Thorned Whip,鋭利な茨鞭,锋利荆棘鞭,Стрімкий шипований батіг,,Острый шипастый кнут,,
20020300,1317C4C,Quality Thorned Whip,上質な茨鞭,优质荆棘鞭,Якісний шипований батіг,,Качественный шипастый кнут,,
20020400,1317CB0,Fire Thorned Whip,炎の茨鞭,火焰荆棘鞭,Вогняний шипований батіг,,Огненный шипастый кнут,,
20020500,1317D14,Flame Art Thorned Whip,炎術の茨鞭,焰术荆棘鞭,Полум'яний шипований батіг,,Пылающий шипастый кнут,,
20020600,1317D78,Lightning Thorned Whip,雷の茨鞭,雷电荆棘鞭,Блискавковий шипований батіг,,Громовой шипастый кнут,,
20020700,1317DDC,Sacred Thorned Whip,神聖な茨鞭,神圣荆棘鞭,Священний шипований батіг,,Священный шипастый кнут,,
20020800,1317E40,Magic Thorned Whip,魔力の茨鞭,魔力荆棘鞭,Магічний шипований батіг,,Зачарованный шипастый кнут,,
20020900,1317EA4,Cold Thorned Whip,冷たい茨鞭,寒冷荆棘鞭,Морозний шипований батіг,,Морозный шипастый кнут,,
20021000,1317F08,Poison Thorned Whip,毒の茨鞭,毒荆棘鞭,Отруйний шипований батіг,,Отравленный шипастый кнут,,
20021100,1317F6C,Blood Thorned Whip,血の茨鞭,血荆棘鞭,Кривавий шипований батіг,,Кровавый шипастый кнут,,
20021200,1317FD0,Occult Thorned Whip,神秘の茨鞭,神秘荆棘鞭,Окультний шипований батіг,,Оккультный шипастый кнут,,
20030000,131A230,Magma Whip Candlestick,溶岩鞭の燭台,熔岩烛台鞭,Магмовий батіг-свічник,,Магмовый подсвечник,,
20030100,131A294,Heavy Lava Whip,,,,,,,
20030200,131A2F8,Keen Lava Whip,,,,,,,
20030300,131A35C,Quality Lava Whip,,,,,,,
20030400,131A3C0,Fire Lava Whip,,,,,,,
20030500,131A424,Flame Art Lava Whip,,,,,,,
20030600,131A488,Lightning Lava Whip,,,,,,,
20030700,131A4EC,Sacred Lava Whip,,,,,,,
20030800,131A550,Magic Lava Whip,,,,,,,
20030900,131A5B4,Cold Lava Whip,,,,,,,
20031000,131A618,Poison Lava Whip,,,,,,,
20031100,131A67C,Blood Lava Whip,,,,,,,
20031200,131A6E0,Occult Lava Whip,,,,,,,
20050000,131F050,Hoslow's Petal Whip,ホスローの花弁,霍斯劳花瓣鞭,Пелюстковий батіг Госло,,Кнут-лепесток Хослоу,,
20050100,131F0B4,Hoslow's Heavy Petal Whip,重厚なホスロー花弁,厚重霍斯劳花瓣鞭,Важкий пелюстковий батіг Госло,,Тяжёлый кнут-лепесток Хослоу,,
20050200,131F118,Hoslow's Keen Petal Whip,鋭利なホスロー花弁,锋利霍斯劳花瓣鞭,Стрімкий пелюстковий батіг Госло,,Острый кнут-лепесток Хослоу,,
20050300,131F17C,Hoslow's Quality Petal Whip,上質なホスロー花弁,优质霍斯劳花瓣鞭,Якісний пелюстковий батіг Госло,,Качественный кнут-лепесток Хослоу,,
20050400,131F1E0,Hoslow's Fire Petal Whip,炎のホスロー花弁,火焰霍斯劳花瓣鞭,Вогняний пелюстковий батіг Госло,,Огненный кнут-лепесток Хослоу,,
20050500,131F244,Hoslow's Flame Art Petal Whip,炎術のホスロー花弁,焰术霍斯劳花瓣鞭,Полум'яний пелюстковий батіг Госло,,Пылающий кнут-лепесток Хослоу,,
20050600,131F2A8,Hoslow's Lightning Petal Whip,雷のホスロー花弁,雷电霍斯劳花瓣鞭,Блискавковий пелюстковий батіг Госло,,Громовой кнут-лепесток Хослоу,,
20050700,131F30C,Hoslow's Sacred Petal Whip,神聖なホスロー花弁,神圣霍斯劳花瓣鞭,Священний пелюстковий батіг Госло,,Священный кнут-лепесток Хослоу,,
20050800,131F370,Hoslow's Magic Petal Whip,魔力のホスロー花弁,魔力霍斯劳花瓣鞭,Магічний пелюстковий батіг Госло,,Зачарованный кнут-лепесток Хослоу,,
20050900,131F3D4,Hoslow's Cold Petal Whip,冷たいホスロー花弁,寒冷霍斯劳花瓣鞭,Морозний пелюстковий батіг Госло,,Морозный кнут-лепесток Хослоу,,
20051000,131F438,Hoslow's Poison Petal Whip,毒のホスロー花弁,毒霍斯劳花瓣鞭,Отруйний пелюстковий батіг Госло,,Отравленный кнут-лепесток Хослоу,,
20051100,131F49C,Hoslow's Blood Petal Whip,血のホスロー花弁,血霍斯劳花瓣鞭,Кривавий пелюстковий батіг Госло,,Кровавый кнут-лепесток Хослоу,,
20051200,131F500,Hoslow's Occult Petal Whip,神秘のホスロー花弁,神秘霍斯劳花瓣鞭,Окультний пелюстковий батіг Госло,,Оккультный кнут-лепесток Хослоу,,
20060000,1321760,Giant's Red Braid,巨人の赤髪,巨人红发鞭,Руда коса велетня,,Рыжая коса великана,,
20070000,1323E70,Urumi,ウルミ,软鞭剑,Урумі,,Уруми,,
20070100,1323ED4,Heavy Urumi,重厚なウルミ,厚重软鞭剑,Важкий урумі,,Тяжёлый уруми,,
20070200,1323F38,Keen Urumi,鋭利なウルミ,锋利软鞭剑,Стрімкий урумі,,Острый уруми,,
20070300,1323F9C,Quality Urumi,上質なウルミ,优质软鞭剑,Якісний урумі,,Качественный уруми,,
20070400,1324000,Fire Urumi,炎のウルミ,火焰软鞭剑,Вогняний урумі,,Огненный уруми,,
20070500,1324064,Flame Art Urumi,炎術のウルミ,焰术软鞭剑,Полум'яний урумі,,Пылающий уруми,,
20070600,13240C8,Lightning Urumi,雷のウルミ,雷电软鞭剑,Блискавковий урумі,,Громовой уруми,,
20070700,132412C,Sacred Urumi,神聖なウルミ,神圣软鞭剑,Священний урумі,,Священный уруми,,
20070800,1324190,Magic Urumi,魔力のウルミ,魔力软鞭剑,Магічний урумі,,Зачарованный уруми,,
20070900,13241F4,Cold Urumi,冷たいウルミ,寒冷软鞭剑,Морозний урумі,,Морозный уруми,,
20071000,1324258,Poison Urumi,毒のウルミ,毒软鞭剑,Отруйний урумі,,Отравленный уруми,,
20071100,13242BC,Blood Urumi,血のウルミ,血软鞭剑,Кривавий урумі,,Кровавый уруми,,
20071200,1324320,Occult Urumi,神秘のウルミ,神秘软鞭剑,Окультний урумі,,Оккультный уруми,,
21000000,1406F40,Caestus,セスタス,搏击手套,Кест,,Цестус,,
21000100,1406FA4,Heavy Caestus,重厚なセスタス,厚重搏击手套,Важкий кест,,Тяжёлый цестус,,
21000200,1407008,Keen Caestus,鋭利なセスタス,锋利搏击手套,Стрімкий кест,,Острый цестус,,
21000300,140706C,Quality Caestus,上質なセスタス,优质搏击手套,Якісний кест,,Качественный цестус,,
21000400,14070D0,Fire Caestus,炎のセスタス,火焰搏击手套,Вогняний кест,,Огненный цестус,,
21000500,1407134,Flame Art Caestus,炎術のセスタス,焰术搏击手套,Полум'яний кест,,Пылающий цестус,,
21000600,1407198,Lightning Caestus,雷のセスタス,雷电搏击手套,Блискавковий кест,,Громовой цестус,,
21000700,14071FC,Sacred Caestus,神聖なセスタス,神圣搏击手套,Священний кест,,Священный цестус,,
21000800,1407260,Magic Caestus,魔力のセスタス,魔力搏击手套,Магічний кест,,Зачарованный цестус,,
21000900,14072C4,Cold Caestus,冷たいセスタス,寒冷搏击手套,Морозний кест,,Морозный цестус,,
21001000,1407328,Poison Caestus,毒のセスタス,毒搏击手套,Отруйний кест,,Отравленный цестус,,
21001100,140738C,Blood Caestus,血のセスタス,血搏击手套,Кривавий кест,,Кровавый цестус,,
21001200,14073F0,Occult Caestus,神秘のセスタス,神秘搏击手套,Окультний кест,,Оккультный цестус,,
21010000,1409650,Spiked Caestus,スパイクセスタス,棘刺搏击手套,Шипований кест,,Шипастый цестус,,
21010100,14096B4,Heavy Spiked Caestus,重厚なスパイクセスタス,厚重棘刺搏击手套,Важкий шипований кест,,Тяжёлый шипастый цестус,,
21010200,1409718,Keen Spiked Caestus,鋭利なスパイクセスタス,锋利棘刺搏击手套,Стрімкий шипований кест,,Острый шипастый цестус,,
21010300,140977C,Quality Spiked Caestus,上質なスパイクセスタス,优质棘刺搏击手套,Якісний шипований кест,,Качественный шипастый цестус,,
21010400,14097E0,Fire Spiked Caestus,炎のスパイクセスタス,火焰棘刺搏击手套,Вогняний шипований кест,,Огненный шипастый цестус,,
21010500,1409844,Flame Art Spiked Caestus,炎術のスパイクセスタス,焰术棘刺搏击手套,Полум'яний шипований кест,,Пылающий шипастый цестус,,
21010600,14098A8,Lightning Spiked Caestus,雷のスパイクセスタス,雷电棘刺搏击手套,Блискавковий шипований кест,,Громовой шипастый цестус,,
21010700,140990C,Sacred Spiked Caestus,神聖なスパイクセスタス,神圣棘刺搏击手套,Священний шипований кест,,Священный шипастый цестус,,
21010800,1409970,Magic Spiked Caestus,魔力のスパイクセスタス,魔力棘刺搏击手套,Магічний шипований кест,,Зачарованный шипастый цестус,,
21010900,14099D4,Cold Spiked Caestus,冷たいスパイクセスタス,寒冷棘刺搏击手套,Морозний шипований кест,,Морозный шипастый цестус,,
21011000,1409A38,Poison Spiked Caestus,毒のスパイクセスタス,毒棘刺搏击手套,Отруйний шипований кест,,Отравленный шипастый цестус,,
21011100,1409A9C,Blood Spiked Caestus,血のスパイクセスタス,血棘刺搏击手套,Кривавий шипований кест,,Кровавый шипастый цестус,,
21011200,1409B00,Occult Spiked Caestus,神秘のスパイクセスタス,神秘棘刺搏击手套,Окультний шипований кест,,Оккультный шипастый цестус,,
21060000,14159A0,Grafted Dragon,接がれた飛竜,接肢飞龙,Припнутий дракон,,Привитый дракон,,
21070000,14180B0,Iron Ball,鉄球拳,铁球拳套,Залізна куля,,Железный меч-сфера,,
21070100,1418114,Heavy Iron Ball,重厚な鉄球拳,厚重铁球拳套,Важка залізна куля,,Тяжёлый железный меч-сфера,,
21070200,1418178,Keen Iron Ball,鋭利な鉄球拳,锋利铁球拳套,Стрімка залізна куля,,Острый железный меч-сфера,,
21070300,14181DC,Quality Iron Ball,上質な鉄球拳,优质铁球拳套,Якісна залізна куля,,Качественный железный меч-сфера,,
21070400,1418240,Fire Iron Ball,炎の鉄球拳,火焰铁球拳套,Вогняна залізна куля,,Огненный железный меч-сфера,,
21070500,14182A4,Flame Art Iron Ball,炎術の鉄球拳,焰术铁球拳套,Полум'яна залізна куля,,Пылающий железный меч-сфера,,
21070600,1418308,Lightning Iron Ball,雷の鉄球拳,雷电铁球拳套,Блискавкова залізна куля,,Громовой железный меч-сфера,,
21070700,141836C,Sacred Iron Ball,神聖な鉄球拳,神圣铁球拳套,Священна залізна куля,,Священный железный меч-сфера,,
21070800,14183D0,Magic Iron Ball,魔力の鉄球拳,魔力铁球拳套,Магічна залізна куля,,Зачарованный железный меч-сфера,,
21070900,1418434,Cold Iron Ball,冷たい鉄球拳,寒冷铁球拳套,Морозна залізна куля,,Морозный железный меч-сфера,,
21071000,1418498,Poison Iron Ball,毒の鉄球拳,毒铁球拳套,Отруйна залізна куля,,Отравленный железный меч-сфера,,
21071100,14184FC,Blood Iron Ball,血の鉄球拳,血铁球拳套,Кривава залізна куля,,Кровавый железный меч-сфера,,
21071200,1418560,Occult Iron Ball,神秘の鉄球拳,神秘铁球拳套,Окультна залізна куля,,Оккультный железный меч-сфера,,
21080000,141A7C0,Star Fist,棘球拳,晨星拳套,Зоряний кулак,,Звёздный меч-сфера,,
21080100,141A824,Heavy Star Fist,重厚な棘球拳,厚重晨星拳套,Важкий зоряний кулак,,Тяжёлый звёздный меч-сфера,,
21080200,141A888,Keen Star Fist,鋭利な棘球拳,锋利晨星拳套,Стрімкий зоряний кулак,,Острый звёздный меч-сфера,,
21080300,141A8EC,Quality Star Fist,上質な棘球拳,优质晨星拳套,Якісний зоряний кулак,,Качественный звёздный меч-сфера,,
21080400,141A950,Fire Star Fist,炎の棘球拳,火焰晨星拳套,Вогняний зоряний кулак,,Огненный звёздный меч-сфера,,
21080500,141A9B4,Flame Art Star Fist,炎術の棘球拳,焰术晨星拳套,Полум'яний зоряний кулак,,Пылающий звёздный меч-сфера,,
21080600,141AA18,Lightning Star Fist,雷の棘球拳,雷电晨星拳套,Блискавковий зоряний кулак,,Громовой звёздный меч-сфера,,
21080700,141AA7C,Sacred Star Fist,神聖な棘球拳,神圣晨星拳套,Священний зоряний кулак,,Священный звёздный меч-сфера,,
21080800,141AAE0,Magic Star Fist,魔力の棘球拳,魔力晨星拳套,Магічний зоряний кулак,,Зачарованный звёздный меч-сфера,,
21080900,141AB44,Cold Star Fist,冷たい棘球拳,寒冷晨星拳套,Морозний зоряний кулак,,Морозный звёздный меч-сфера,,
21081000,141ABA8,Poison Star Fist,毒の棘球拳,毒晨星拳套,Отруйний зоряний кулак,,Отравленный звёздный меч-сфера,,
21081100,141AC0C,Blood Star Fist,血の棘球拳,血晨星拳套,Кривавий зоряний кулак,,Кровавый звёздный меч-сфера,,
21081200,141AC70,Occult Star Fist,神秘の棘球拳,神秘晨星拳套,Окультний зоряний кулак,,Оккультный звёздный меч-сфера,,
21100000,141F5E0,Katar,カタール,拳剑,Катар,,Катар,,
21100100,141F644,Heavy Katar,重厚なカタール,厚重拳剑,Важкий катар,,Тяжёлый катар,,
21100200,141F6A8,Keen Katar,鋭利なカタール,锋利拳剑,Стрімкий катар,,Острый катар,,
21100300,141F70C,Quality Katar,上質なカタール,优质拳剑,Якісний катар,,Качественный катар,,
21100400,141F770,Fire Katar,炎のカタール,火焰拳剑,Вогняний катар,,Огненный катар,,
21100500,141F7D4,Flame Art Katar,炎術のカタール,焰术拳剑,Полум'яний катар,,Пылающий катар,,
21100600,141F838,Lightning Katar,雷のカタール,雷电拳剑,Блискавковий катар,,Громовой катар,,
21100700,141F89C,Sacred Katar,神聖なカタール,神圣拳剑,Священний катар,,Священный катар,,
21100800,141F900,Magic Katar,魔力のカタール,魔力拳剑,Магічний катар,,Зачарованный катар,,
21100900,141F964,Cold Katar,冷たいカタール,寒冷拳剑,Морозний катар,,Морозный катар,,
21101000,141F9C8,Poison Katar,毒のカタール,毒拳剑,Отруйний катар,,Отравленный катар,,
21101100,141FA2C,Blood Katar,血のカタール,血拳剑,Кривавий катар,,Кровавый катар,,
21101200,141FA90,Occult Katar,神秘のカタール,神秘拳剑,Окультний катар,,Оккультный катар,,
21110000,1421CF0,Clinging Bone,縋り付く手骨,攀附手骨,Чіпкі кістки,,Цепкая кость,,
21120000,1424400,Veteran's Prosthesis,宿将の義足,老将的义足,Протез ветерана,,Протез ветерана,,
21130000,1426B10,Cipher Pata,秘文字のパタ,秘文帕塔剑,Тайнописта пата,,Пата с тайнописью,,
22000000,14FB180,Hookclaws,鉤爪,钩爪,Кігті,,Крюки-когти,,
22000100,14FB1E4,Heavy Hookclaws,重厚な鉤爪,厚重钩爪,Важкі кігті,,Тяжёлые крюки-когти,,
22000200,14FB248,Keen Hookclaws,鋭利な鉤爪,锋利钩爪,Стрімкі кігті,,Острые крюки-когти,,
22000300,14FB2AC,Quality Hookclaws,上質な鉤爪,优质钩爪,Якісні кігті,,Качественные крюки-когти,,
22000400,14FB310,Fire Hookclaws,炎の鉤爪,火焰钩爪,Вогняні кігті,,Огненные крюки-когти,,
22000500,14FB374,Flame Art Hookclaws,炎術の鉤爪,焰术钩爪,Полум'яні кігті,,Пылающие крюки-когти,,
22000600,14FB3D8,Lightning Hookclaws,雷の鉤爪,雷电钩爪,Блискавкові кігті,,Громовые крюки-когти,,
22000700,14FB43C,Sacred Hookclaws,神聖な鉤爪,神圣钩爪,Священні кігті,,Священные крюки-когти,,
22000800,14FB4A0,Magic Hookclaws,魔力の鉤爪,魔力钩爪,Магічні кігті,,Зачарованные крюки-когти,,
22000900,14FB504,Cold Hookclaws,冷たい鉤爪,寒冷钩爪,Морозні кігті,,Морозные крюки-когти,,
22001000,14FB568,Poison Hookclaws,毒の鉤爪,毒钩爪,Отруйні кігті,,Отравленные крюки-когти,,
22001100,14FB5CC,Blood Hookclaws,血の鉤爪,血钩爪,Криваві кігті,,Кровавые крюки-когти,,
22001200,14FB630,Occult Hookclaws,神秘の鉤爪,神秘钩爪,Окультні кігті,,Оккультные крюки-когти,,
22010000,14FD890,Venomous Fang,毒蛇の牙,毒蛇牙,Зміїне ікло,,Змеиный клык,,
22010100,14FD8F4,Heavy Venomous Fang,重厚な毒蛇牙,厚重毒蛇牙,Важке зміїне ікло,,Тяжёлый змеиный клык,,
22010200,14FD958,Keen Venomous Fang,鋭利な毒蛇牙,锋利毒蛇牙,Стрімке зміїне ікло,,Острый змеиный клык,,
22010300,14FD9BC,Quality Venomous Fang,上質な毒蛇牙,优质毒蛇牙,Якісне зміїне ікло,,Качественный змеиный клык,,
22010400,14FDA20,Fire Venomous Fang,炎の毒蛇牙,火焰毒蛇牙,Вогняне зміїне ікло,,Огненный змеиный клык,,
22010500,14FDA84,Flame Art Venomous Fang,炎術の毒蛇牙,焰术毒蛇牙,Полум'яне зміїне ікло,,Пылающий змеиный клык,,
22010600,14FDAE8,Lightning Venomous Fang,雷の毒蛇牙,雷电毒蛇牙,Блискавкове зміїне ікло,,Громовой змеиный клык,,
22010700,14FDB4C,Sacred Venomous Fang,神聖な毒蛇牙,神圣毒蛇牙,Священне зміїне ікло,,Священный змеиный клык,,
22010800,14FDBB0,Magic Venomous Fang,魔力の毒蛇牙,魔力毒蛇牙,Магічне зміїне ікло,,Зачарованный змеиный клык,,
22010900,14FDC14,Cold Venomous Fang,冷たい毒蛇牙,寒冷毒蛇牙,Морозне зміїне ікло,,Морозный змеиный клык,,
22011000,14FDC78,Poison Venomous Fang,毒の毒蛇牙,毒毒蛇牙,Отруйне зміїне ікло,,Отравленный змеиный клык,,
22011100,14FDCDC,Blood Venomous Fang,血の毒蛇牙,血毒蛇牙,Криваве зміїне ікло,,Кровавый змеиный клык,,
22011200,14FDD40,Occult Venomous Fang,神秘の毒蛇牙,神秘毒蛇牙,Окультне зміїне ікло,,Оккультный змеиный клык,,
22020000,14FFFA0,Bloodhound Claws,猟犬の爪,猎犬弯爪,Кігті гончака,,Когти ищеек,,
22020100,1500004,Heavy Bloodhound Claws,重厚な猟犬爪,厚重猎犬弯爪,Важкі кігті гончака,,Тяжёлые когти ищеек,,
22020200,1500068,Keen Bloodhound Claws,鋭利な猟犬爪,锋利猎犬弯爪,Стрімкі кігті гончака,,Острые когти ищеек,,
22020300,15000CC,Quality Bloodhound Claws,上質な猟犬爪,优质猎犬弯爪,Якісні кігті гончака,,Качественные когти ищеек,,
22020400,1500130,Fire Bloodhound Claws,炎の猟犬爪,火焰猎犬弯爪,Вогняні кігті гончака,,Огненные когти ищеек,,
22020500,1500194,Flame Art Bloodhound Claws,炎術の猟犬爪,焰术猎犬弯爪,Полум'яні кігті гончака,,Пылающие когти ищеек,,
22020600,15001F8,Lightning Bloodhound Claws,雷の猟犬爪,雷电猎犬弯爪,Блискавкові кігті гончака,,Громовые когти ищеек,,
22020700,150025C,Sacred Bloodhound Claws,神聖な猟犬爪,神圣猎犬弯爪,Священні кігті гончака,,Священные когти ищеек,,
22020800,15002C0,Magic Bloodhound Claws,魔力の猟犬爪,魔力猎犬弯爪,Магічні кігті гончака,,Зачарованные когти ищеек,,
22020900,1500324,Cold Bloodhound Claws,冷たい猟犬爪,寒冷猎犬弯爪,Морозні кігті гончака,,Морозные когти ищеек,,
22021000,1500388,Poison Bloodhound Claws,毒の猟犬爪,毒猎犬弯爪,Отруйні кігті гончака,,Отравленные когти ищеек,,
22021100,15003EC,Blood Bloodhound Claws,血の猟犬爪,血猎犬弯爪,Криваві кігті гончака,,Кровавые когти ищеек,,
22021200,1500450,Occult Bloodhound Claws,神秘の猟犬爪,神秘猎犬弯爪,Окультні кігті гончака,,Оккультные когти ищеек,,
22030000,15026B0,Raptor Talons,猛禽の鉤爪,猛禽钩爪,Кігті хижака,,Когти хищника,,
22030100,1502714,Heavy Raptor Talons,重厚な猛禽鉤爪,厚重猛禽钩爪,Важкі кігті хижака,,Тяжёлые когти хищника,,
22030200,1502778,Keen Raptor Talons,鋭利な猛禽鉤爪,锋利猛禽钩爪,Стрімкі кігті хижака,,Острые когти хищника,,
22030300,15027DC,Quality Raptor Talons,上質な猛禽鉤爪,优质猛禽钩爪,Якісні кігті хижака,,Качественные когти хищника,,
22030400,1502840,Fire Raptor Talons,炎の猛禽鉤爪,火焰猛禽钩爪,Вогняні кігті хижака,,Огненные когти хищника,,
22030500,15028A4,Flame Art Raptor Talons,炎術の猛禽鉤爪,焰术猛禽钩爪,Полум'яні кігті хижака,,Пылающие когти хищника,,
22030600,1502908,Lightning Raptor Talons,雷の猛禽鉤爪,雷电猛禽钩爪,Блискавкові кігті хижака,,Громовые когти хищника,,
22030700,150296C,Sacred Raptor Talons,神聖な猛禽鉤爪,神圣猛禽钩爪,Священні кігті хижака,,Священные когти хищника,,
22030800,15029D0,Magic Raptor Talons,魔力の猛禽鉤爪,魔力猛禽钩爪,Магічні кігті хижака,,Зачарованные когти хищника,,
22030900,1502A34,Cold Raptor Talons,冷たい猛禽鉤爪,寒冷猛禽钩爪,Морозні кігті хижака,,Морозные когти хищника,,
22031000,1502A98,Poison Raptor Talons,毒の猛禽鉤爪,毒猛禽钩爪,Отруйні кігті хижака,,Отравленные когти хищника,,
22031100,1502AFC,Blood Raptor Talons,血の猛禽鉤爪,血猛禽钩爪,Криваві кігті хижака,,Кровавые когти хищника,,
22031200,1502B60,Occult Raptor Talons,神秘の猛禽鉤爪,神秘猛禽钩爪,Окультні кігті хижака,,Оккультные когти хищника,,
23000000,15EF3C0,Prelate's Inferno Crozier,司教の大炎槌,主教大火槌,Пекельний посох прелата,,Адский посох прелата,,
23000100,15EF424,Prelate's Heavy Inferno Crozier,重厚な司教大炎槌,厚重主教大火槌,Важкий пекельний посох прелата,,Тяжёлый адский посох прелата,,
23000200,15EF488,Prelate's Keen Inferno Crozier,鋭利な司教大炎槌,锋利主教大火槌,Стрімкий пекельний посох прелата,,Острый адский посох прелата,,
23000300,15EF4EC,Prelate's Quality Inferno Crozier,上質な司教大炎槌,优质主教大火槌,Якісний пекельний посох прелата,,Качественный адский посох прелата,,
23000400,15EF550,Prelate's Fire Inferno Crozier,炎の司教大炎槌,火焰主教大火槌,Вогняний пекельний посох прелата,,Огненный адский посох прелата,,
23000500,15EF5B4,Prelate's Flame Art Inferno Crozier,炎術の司教大炎槌,焰术主教大火槌,Полум'яний пекельний посох прелата,,Пылающий адский посох прелата,,
23000600,15EF618,Prelate's Lightning Inferno Crozier,雷の司教大炎槌,雷电主教大火槌,Блискавковий пекельний посох прелата,,Громовой адский посох прелата,,
23000700,15EF67C,Prelate's Sacred Inferno Crozier,神聖な司教大炎槌,神圣主教大火槌,Священний пекельний посох прелата,,Священный адский посох прелата,,
23000800,15EF6E0,Prelate's Magic Inferno Crozier,魔力の司教大炎槌,魔力主教大火槌,Магічний пекельний посох прелата,,Зачарованный адский посох прелата,,
23000900,15EF744,Prelate's Cold Inferno Crozier,冷たい司教大炎槌,寒冷主教大火槌,Морозний пекельний посох прелата,,Морозный адский посох прелата,,
23001000,15EF7A8,Prelate's Poison Inferno Crozier,毒の司教大炎槌,毒主教大火槌,Отруйний пекельний посох прелата,,Отравленный адский посох прелата,,
23001100,15EF80C,Prelate's Blood Inferno Crozier,血の司教大炎槌,血主教大火槌,Кривавий пекельний посох прелата,,Кровавый адский посох прелата,,
23001200,15EF870,Prelate's Occult Inferno Crozier,神秘の司教大炎槌,神秘主教大火槌,Окультний пекельний посох прелата,,Оккультный адский посох прелата,,
23010000,15F1AD0,Watchdog's Staff,番犬の錫杖,看门犬锡杖,Посох вартового пса,,Посох цербера,,
23010100,15F1B34,Heavy Watchdog's Crosier,,,,,,,
23010200,15F1B98,Keen Watchdog's Crosier,,,,,,,
23010300,15F1BFC,Quality Watchdog's Crosier,,,,,,,
23010400,15F1C60,Fire Watchdog's Crosier,,,,,,,
23010500,15F1CC4,Flame Art Watchdog's Crosier,,,,,,,
23010600,15F1D28,Lightning Watchdog's Crosier,,,,,,,
23010700,15F1D8C,Sacred Watchdog's Crosier,,,,,,,
23010800,15F1DF0,Magic Watchdog's Crosier,,,,,,,
23010900,15F1E54,Cold Watchdog's Crosier,,,,,,,
23011000,15F1EB8,Poison Watchdog's Crosier,,,,,,,
23011100,15F1F1C,Blood Watchdog's Crosier,,,,,,,
23011200,15F1F80,Occult Watchdog's Crosier,,,,,,,
23020000,15F41E0,Great Club,グレートクラブ,巨型棍棒,Велика довбня,,Большая дубина,,
23020100,15F4244,Heavy Great Club,重厚なグレートクラブ,厚重巨型棍棒,[ERROR]Важка велика довбня,,Тяжёлая большая дубина,,
23020200,15F42A8,Keen Great Club,鋭利なグレートクラブ,锋利巨型棍棒,[ERROR]Стрімка велика довбня,,Острая большая дубина,,
23020300,15F430C,Quality Great Club,上質なグレートクラブ,优质巨型棍棒,[ERROR]Якісна велика довбня,,Качественная большая дубина,,
23020400,15F4370,Fire Great Club,炎のグレートクラブ,火焰巨型棍棒,[ERROR]Вогняна велика довбня,,Огненная большая дубина,,
23020500,15F43D4,Flame Art Great Club,炎術のグレートクラブ,焰术巨型棍棒,[ERROR]Полум'яна велика довбня,,Пылающая большая дубина,,
23020600,15F4438,Lightning Great Club,雷のグレートクラブ,雷电巨型棍棒,[ERROR]Блискавкова велика довбня,,Громовая большая дубина,,
23020700,15F449C,Sacred Great Club,神聖なグレートクラブ,神圣巨型棍棒,[ERROR]Священна велика довбня,,Священная большая дубина,,
23020800,15F4500,Magic Great Club,魔力のグレートクラブ,魔力巨型棍棒,[ERROR]Магічна велика довбня,,Зачарованная большая дубина,,
23020900,15F4564,Cold Great Club,冷たいグレートクラブ,寒冷巨型棍棒,[ERROR]Морозна велика довбня,,Морозная большая дубина,,
23021000,15F45C8,Poison Great Club,毒のグレートクラブ,毒巨型棍棒,[ERROR]Отруйна велика довбня,,Отравленная большая дубина,,
23021100,15F462C,Blood Great Club,血のグレートクラブ,血巨型棍棒,[ERROR]Кривава велика довбня,,Кровавая большая дубина,,
23021200,15F4690,Occult Great Club,神秘のグレートクラブ,神秘巨型棍棒,[ERROR]Окультна велика довбня,,Оккультная большая дубина,,
23030000,15F68F0,Envoy's Greathorn,使者たちの扇笛,众使者的扇形笛子,Великий ріг посланця,,Большой рожок посланца,,
23040000,15F9000,Duelist Greataxe,闘士の大斧,斗士大斧,Велика сокира дуелянта,,Секира дуэлянта,,
23040100,15F9064,Heavy Duelist Greataxe,重厚な闘士大斧,厚重斗士大斧,Важка велика сокира дуелянта,,Тяжёлая секира дуэлянта,,
23040200,15F90C8,Keen Duelist Greataxe,鋭利な闘士大斧,锋利斗士大斧,Стрімка велика сокира дуелянта,,Острая секира дуэлянта,,
23040300,15F912C,Quality Duelist Greataxe,上質な闘士大斧,优质斗士大斧,Якісна велика сокира дуелянта,,Качественная секира дуэлянта,,
23040400,15F9190,Fire Duelist Greataxe,炎の闘士大斧,火焰斗士大斧,Вогняна велика сокира дуелянта,,Огненная секира дуэлянта,,
23040500,15F91F4,Flame Art Duelist Greataxe,炎術の闘士大斧,焰术斗士大斧,Полум'яна велика сокира дуелянта,,Пылающая секира дуэлянта,,
23040600,15F9258,Lightning Duelist Greataxe,雷の闘士大斧,雷电斗士大斧,Блискавкова велика сокира дуелянта,,Громовая секира дуэлянта,,
23040700,15F92BC,Sacred Duelist Greataxe,神聖な闘士大斧,神圣斗士大斧,Священна велика сокира дуелянта,,Священная секира дуэлянта,,
23040800,15F9320,Magic Duelist Greataxe,魔力の闘士大斧,魔力斗士大斧,Магічна велика сокира дуелянта,,Зачарованная секира дуэлянта,,
23040900,15F9384,Cold Duelist Greataxe,冷たい闘士大斧,寒冷斗士大斧,Морозна велика сокира дуелянта,,Морозная секира дуэлянта,,
23041000,15F93E8,Poison Duelist Greataxe,毒の闘士大斧,毒斗士大斧,Отруйна велика сокира дуелянта,,Отравленная секира дуэлянта,,
23041100,15F944C,Blood Duelist Greataxe,血の闘士大斧,血斗士大斧,Кривава велика сокира дуелянта,,Кровавая секира дуэлянта,,
23041200,15F94B0,Occult Duelist Greataxe,神秘の闘士大斧,神秘斗士大斧,Окультна велика сокира дуелянта,,Оккультная секира дуэлянта,,
23050000,15FB710,Axe of Godfrey,ゴッドフレイの王斧,葛孚雷的王斧,Сокира Ґодфрі,,Топор Годфри,,
23060000,15FDE20,Dragon Greatclaw,大竜爪,大龙爪,Великий кіготь дракона,,Драконий коготь,,
23070000,1600530,Staff of the Avatar,化身の儀仗,化身仪式杖,Посох втілення,,Посох воплощения,,
23080000,1602C40,Fallingstar Beast Jaw,星獣の顎,星兽半颚,Щелепа звіра впалої зірки,,Челюсть зверя Падающей звезды,,
23100000,1607A60,Ghiza's Wheel,ギーザの車輪,基萨的刺轮,Колесо Ґізи,,Колесо Гизы,,
23110000,160A170,Giant-Crusher,巨人砕き,粉碎巨人槌,Руйнівник велетнів,,Гроза великанов,,
23110100,160A1D4,Heavy Giant-Crusher,重厚な巨人砕き,厚重粉碎巨人槌,Важкий руйнівник велетнів,,Тяжёлая гроза великанов,,
23110200,160A238,Keen Giant-Crusher,鋭利な巨人砕き,锋利粉碎巨人槌,Стрімкий руйнівник велетнів,,Острая гроза великанов,,
23110300,160A29C,Quality Giant-Crusher,上質な巨人砕き,优质粉碎巨人槌,Якісний руйнівник велетнів,,Качественная гроза великанов,,
23110400,160A300,Fire Giant-Crusher,炎の巨人砕き,火焰粉碎巨人槌,Вогняний руйнівник велетнів,,Огненная гроза великанов,,
23110500,160A364,Flame Art Giant-Crusher,炎術の巨人砕き,焰术粉碎巨人槌,Полум'яний руйнівник велетнів,,Пылающая гроза великанов,,
23110600,160A3C8,Lightning Giant-Crusher,雷の巨人砕き,雷电粉碎巨人槌,Блискавковий руйнівник велетнів,,Громовая гроза великанов,,
23110700,160A42C,Sacred Giant-Crusher,神聖な巨人砕き,神圣粉碎巨人槌,Священний руйнівник велетнів,,Священная гроза великанов,,
23110800,160A490,Magic Giant-Crusher,魔力の巨人砕き,魔力粉碎巨人槌,Магічний руйнівник велетнів,,Зачарованная гроза великанов,,
23110900,160A4F4,Cold Giant-Crusher,冷たい巨人砕き,寒冷粉碎巨人槌,Морозний руйнівник велетнів,,Морозная гроза великанов,,
23111000,160A558,Poison Giant-Crusher,毒の巨人砕き,毒粉碎巨人槌,Отруйний руйнівник велетнів,,Отравленная гроза великанов,,
23111100,160A5BC,Blood Giant-Crusher,血の巨人砕き,血粉碎巨人槌,Кривавий руйнівник велетнів,,Кровавая гроза великанов,,
23111200,160A620,Occult Giant-Crusher,神秘の巨人砕き,神秘粉碎巨人槌,Окультний руйнівник велетнів,,Оккультная гроза великанов,,
23120000,160C880,Golem's Halberd,ゴーレムの斧槍,魔像戟,Алебарда ґолема,,Алебарда голема,,
23120100,160C8E4,Golem's Heavy Halberd,重厚なゴーレム斧槍,厚重魔像戟,Важка алебарда ґолема,,Тяжёлая алебарда голема,,
23120200,160C948,Golem's Keen Halberd,鋭利なゴーレム斧槍,锋利魔像戟,Стрімка алебарда ґолема,,Острая алебарда голема,,
23120300,160C9AC,Golem's Quality Halberd,上質なゴーレム斧槍,优质魔像戟,Якісна алебарда ґолема,,Качественная алебарда голема,,
23120400,160CA10,Golem's Fire Halberd,炎のゴーレム斧槍,火焰魔像戟,Вогняна алебарда ґолема,,Огненная алебарда голема,,
23120500,160CA74,Golem's Flame Art Halberd,炎術のゴーレム斧槍,焰术魔像戟,Полум'яна алебарда ґолема,,Пылающая алебарда голема,,
23120600,160CAD8,Golem's Lightning Halberd,雷のゴーレム斧槍,雷电魔像戟,Блискавкова алебарда ґолема,,Громовая алебарда голема,,
23120700,160CB3C,Golem's Sacred Halberd,神聖なゴーレム斧槍,神圣魔像戟,Священна алебарда ґолема,,Священная алебарда голема,,
23120800,160CBA0,Golem's Magic Halberd,魔力のゴーレム斧槍,魔力魔像戟,Магічна алебарда ґолема,,Зачарованная алебарда голема,,
23120900,160CC04,Golem's Cold Halberd,冷たいゴーレム斧槍,寒冷魔像戟,Морозна алебарда ґолема,,Морозная алебарда голема,,
23121000,160CC68,Golem's Poison Halberd,毒のゴーレム斧槍,毒魔像戟,Отруйна алебарда ґолема,,Отравленная алебарда голема,,
23121100,160CCCC,Golem's Blood Halberd,血のゴーレム斧槍,血魔像戟,Кривава алебарда ґолема,,Кровавая алебарда голема,,
23121200,160CD30,Golem's Occult Halberd,神秘のゴーレム斧槍,神秘魔像戟,Окультна алебарда ґолема,,Оккультная алебарда голема,,
23130000,160EF90,Troll's Hammer,トロルハンマー,山妖大槌,Молот толя,,Молот тролля,,
23130100,160EFF4,Troll's Heavy Hammer,重厚なトロルハンマー,厚重山妖大槌,[ERROR]Важкий молот троля,,Тяжёлый молот тролля,,
23130200,160F058,Troll's Keen Hammer,鋭利なトロルハンマー,锋利山妖大槌,[ERROR]Стрімкий молот троля,,Острый молот тролля,,
23130300,160F0BC,Troll's Quality Hammer,上質なトロルハンマー,优质山妖大槌,[ERROR]Якісний молот троля,,Качественный молот тролля,,
23130400,160F120,Troll's Fire Hammer,炎のトロルハンマー,火焰山妖大槌,[ERROR]Вогняний молот троля,,Огненный молот тролля,,
23130500,160F184,Troll's Flame Art Hammer,炎術のトロルハンマー,焰术山妖大槌,[ERROR]Полум'яний молот троля,,Пылающий молот тролля,,
23130600,160F1E8,Troll's Lightning Hammer,雷のトロルハンマー,雷电山妖大槌,[ERROR]Блискавковий молот троля,,Громовой молот тролля,,
23130700,160F24C,Troll's Sacred Hammer,神聖なトロルハンマー,神圣山妖大槌,[ERROR]Священний молот троля,,Священный молот тролля,,
23130800,160F2B0,Troll's Magic Hammer,魔力のトロルハンマー,魔力山妖大槌,[ERROR]Магічний молот троля,,Зачарованный молот тролля,,
23130900,160F314,Troll's Cold Hammer,冷たいトロルハンマー,寒冷山妖大槌,[ERROR]Морозний молот троля,,Морозный молот тролля,,
23131000,160F378,Troll's Poison Hammer,毒のトロルハンマー,毒山妖大槌,[ERROR]Отруйний молот троля,,Отравленный молот тролля,,
23131100,160F3DC,Troll's Blood Hammer,血のトロルハンマー,血山妖大槌,[ERROR]Кривавий молот троля,,Кровавый молот тролля,,
23131200,160F440,Troll's Occult Hammer,神秘のトロルハンマー,神秘山妖大槌,[ERROR]Окультний молот троля,,Оккультный молот тролля,,
23140000,16116A0,Rotten Staff,腐敗した儀仗,腐败仪式杖,Гнилий посох,,Гнилой посох,,
23150000,1613DB0,Rotten Greataxe,腐敗した大斧,腐败大斧,Гнила велика сокира,,Гнилая секира,,
23150100,1613E14,Heavy Rotten Greataxe,重厚な腐敗した大斧,厚重腐败大斧,Важка гнила велика сокира,,Тяжёлая гнилая секира,,
23150200,1613E78,Keen Rotten Greataxe,鋭利な腐敗した大斧,锋利腐败大斧,Стрімка гнила велика сокира,,Острая гнилая секира,,
23150300,1613EDC,Quality Rotten Greataxe,上質な腐敗した大斧,优质腐败大斧,Якісна гнила велика сокира,,Качественная гнилая секира,,
23150400,1613F40,Fire Rotten Greataxe,炎の腐敗した大斧,火焰腐败大斧,Вогняна гнила велика сокира,,Огненная гнилая секира,,
23150500,1613FA4,Flame Art Rotten Greataxe,炎術の腐敗した大斧,焰术腐败大斧,Полум'яна гнила велика сокира,,Пылающая гнилая секира,,
23150600,1614008,Lightning Rotten Greataxe,雷の腐敗した大斧,雷电腐败大斧,Блискавкова гнила велика сокира,,Громовая гнилая секира,,
23150700,161406C,Sacred Rotten Greataxe,神聖な腐敗した大斧,神圣腐败大斧,Священна гнила велика сокира,,Священная гнилая секира,,
23150800,16140D0,Magic Rotten Greataxe,魔力の腐敗した大斧,魔力腐败大斧,Магічна гнила велика сокира,,Зачарованная гнилая секира,,
23150900,1614134,Cold Rotten Greataxe,冷たい腐敗した大斧,寒冷腐败大斧,Морозна гнила велика сокира,,Морозная гнилая секира,,
23151000,1614198,Poison Rotten Greataxe,毒の腐敗した大斧,毒腐败大斧,Отруйна гнила велика сокира,,Отравленная гнилая секира,,
23151100,16141FC,Blood Rotten Greataxe,血の腐敗した大斧,血腐败大斧,Кривава гнила велика сокира,,Кровавая гнилая секира,,
23151200,1614260,Occult Rotten Greataxe,神秘の腐敗した大斧,神秘腐败大斧,Окультна гнила велика сокира,,Оккультная гнилая секира,,
24000000,16E3600,Torch,松明,火把,Смолоскип,,Факел,,
24020000,16E8420,Steel-Wire Torch,鋼線トーチ,钢丝火把,Смолоскип зі сталевим дротом,,Факел со стальной проволокой,,
24040000,16ED240,St. Trina's Torch,トリーナの灯火,托莉娜烛火,Смолоскип св. Тріни,,Факел св. Трины,,
24050000,16EF950,Ghostflame Torch,霊火のトーチ,灵火火把,Сколоскип примарного полум'я,,Факел с пламенем смерти,,
24060000,16F2060,Beast-Repellent Torch,獣除けの松明,驱兽火把,Смолоскип-звіровідлякувач,,Пахучий факел,,
24070000,16F4770,Sentry's Torch,歩哨の松明,哨兵火把,Смолоскип чатового,,Факел часового,,
30000000,1C9C380,Buckler,バックラー,小圆盾,Баклер,,Баклер,,
30000100,1C9C3E4,Heavy Buckler,重厚なバックラー,厚重小圆盾,Важкий баклер,,Тяжелый баклер,,
30000200,1C9C448,Keen Buckler,鋭利なバックラー,锋利小圆盾,Стрімкий баклер,,Острый баклер,,
30000300,1C9C4AC,Quality Buckler,上質なバックラー,优质小圆盾,Якісний баклер,,Качественный баклер,,
30000400,1C9C510,Fire Buckler,炎のバックラー,火焰小圆盾,Вогняний баклер,,Огненный баклер,,
30000500,1C9C574,Flame Art Buckler,炎術のバックラー,焰术小圆盾,Полум'яний баклер,,Пылающий баклер,,
30000600,1C9C5D8,Lightning Buckler,雷のバックラー,雷电小圆盾,Блискавковий баклер,,Громовой баклер,,
30000700,1C9C63C,Sacred Buckler,神聖なバックラー,神圣小圆盾,Священний баклер,,Священный баклер,,
30000800,1C9C6A0,Magic Buckler,魔力のバックラー,魔力小圆盾,Магічний баклер,,Зачарованный баклер,,
30000900,1C9C704,Cold Buckler,冷たいバックラー,寒冷小圆盾,Морозний баклер,,Морозный баклер,,
30001000,1C9C768,Poison Buckler,毒のバックラー,毒小圆盾,Отруйний баклер,,Отравленный баклер,,
30001100,1C9C7CC,Bloody Buckler,血のバックラー,血小圆盾,Кривавий баклер,,Окровавленный баклер,,
30001200,1C9C830,Occult Buckler,神秘のバックラー,神秘小圆盾,Окультний баклер,,Оккультный баклер,,
30010000,1C9EA90,Perfumer's Shield,調香師の盾,调香师盾,Щит парфумера,,Щит парфюмера,,
30010100,1C9EAF4,Perfumer's Heavy Shield,重厚な調香師盾,厚重调香师盾,Важкий щит парфумера,,Тяжёлый щит парфюмера,,
30010200,1C9EB58,Perfumer's Keen Shield,鋭利な調香師盾,锋利调香师盾,Стрімкий щит парфумера,,Острый щит парфюмера,,
30010300,1C9EBBC,Perfumer's Quality Shield,上質な調香師盾,优质调香师盾,Якісний щит парфумера,,Качественный щит парфюмера,,
30010400,1C9EC20,Perfumer's Fire Shield,炎の調香師盾,火焰调香师盾,Вогняний щит парфумера,,Огненный щит парфюмера,,
30010500,1C9EC84,Perfumer's Flame Art Shield,炎術の調香師盾,焰术调香师盾,Полум'яний щит парфумера,,Пылающий щит парфюмера,,
30010600,1C9ECE8,Perfumer's Lightning Shield,雷の調香師盾,雷电调香师盾,Блискавковий щит парфумера,,Громовой щит парфюмера,,
30010700,1C9ED4C,Perfumer's Sacred Shield,神聖な調香師盾,神圣调香师盾,Священний щит парфумера,,Священный щит парфюмера,,
30010800,1C9EDB0,Perfumer's Magic Shield,魔力の調香師盾,魔力调香师盾,Магічний щит парфумера,,Зачарованный щит парфюмера,,
30010900,1C9EE14,Perfumer's Cold Shield,冷たい調香師盾,寒冷调香师盾,Морозний щит парфумера,,Морозный щит парфюмера,,
30011000,1C9EE78,Perfumer's Poison Shield,毒の調香師盾,毒调香师盾,Отруйний щит парфумера,,Отравленный щит парфюмера,,
30011100,1C9EEDC,Perfumer's Blood Shield,血の調香師盾,血调香师盾,Кривавий щит парфумера,,Кровавый щит парфюмера,,
30011200,1C9EF40,Perfumer's Occult Shield,神秘の調香師盾,神秘调香师盾,Окультний щит парфумера,,Оккультный щит парфюмера,,
30020000,1CA11A0,Man-Serpent's Shield,蛇人の盾,蛇人盾,Щит змієлюда,,Баклер змеелюда,,
30020100,1CA1204,Man-serpent's Heavy Shield,重厚な蛇人盾,厚重蛇人盾,Важкий щит змієлюда,,Тяжёлый баклер змеелюда,,
30020200,1CA1268,Man-serpent's Keen Shield,鋭利な蛇人盾,锋利蛇人盾,Стрімкий щит змієлюда,,Острый баклер змеелюда,,
30020300,1CA12CC,Man-serpent's Quality Shield,上質な蛇人盾,优质蛇人盾,Якісний щит змієлюда,,Качественный баклер змеелюда,,
30020400,1CA1330,Man-serpent's Fire Shield,炎の蛇人盾,火焰蛇人盾,Вогняний щит змієлюда,,Огненный баклер змеелюда,,
30020500,1CA1394,Man-serpent's Flame Art Shield,炎術の蛇人盾,焰术蛇人盾,Полум'яний щит змієлюда,,Пылающий баклер змеелюда,,
30020600,1CA13F8,Man-serpent's Lightning Shield,雷の蛇人盾,雷电蛇人盾,Блискавковий щит змієлюда,,Громовой баклер змеелюда,,
30020700,1CA145C,Man-serpent's Sacred Shield,神聖な蛇人盾,神圣蛇人盾,Священний щит змієлюда,,Священный баклер змеелюда,,
30020800,1CA14C0,Man-serpent's Magic Shield,魔力の蛇人盾,魔力蛇人盾,Магічний щит змієлюда,,Зачарованный баклер змеелюда,,
30020900,1CA1524,Man-serpent's Cold Shield,冷たい蛇人盾,寒冷蛇人盾,Морозний щит змієлюда,,Морозный баклер змеелюда,,
30021000,1CA1588,Man-serpent's Poison Shield,毒の蛇人盾,毒蛇人盾,Отруйний щит змієлюда,,Отравленный баклер змеелюда,,
30021100,1CA15EC,Man-serpent's Blood Shield,血の蛇人盾,血蛇人盾,Кривавий щит змієлюда,,Кровавый баклер змеелюда,,
30021200,1CA1650,Man-serpent's Occult Shield,神秘の蛇人盾,神秘蛇人盾,Окультний щит змієлюда,,Оккультный баклер змеелюда,,
30030000,1CA38B0,Rickety Shield,壊れかけの木盾,半坏木盾,Розбитий щит,,Ветхий щит,,
30030100,1CA3914,Heavy Rickety Shield,重厚な壊れかけ木盾,厚重半坏木盾,Важкий розбитий щит,,Тяжёлый ветхий щит,,
30030200,1CA3978,Keen Rickety Shield,鋭利な壊れかけ木盾,锋利半坏木盾,Стрімкий розбитий щит,,Острый ветхий щит,,
30030300,1CA39DC,Quality Rickety Shield,上質な壊れかけ木盾,优质半坏木盾,Якісний розбитий щит,,Качественный ветхий щит,,
30030400,1CA3A40,Fire Rickety Shield,炎の壊れかけ木盾,火焰半坏木盾,Вогняний розбитий щит,,Огненный ветхий щит,,
30030500,1CA3AA4,Flame Art Rickety Shield,炎術の壊れかけ木盾,焰术半坏木盾,Полум'яний розбитий щит,,Пылающий ветхий щит,,
30030600,1CA3B08,Lightning Rickety Shield,雷の壊れかけ木盾,雷电半坏木盾,Блискавковий розбитий щит,,Громовой ветхий щит,,
30030700,1CA3B6C,Sacred Rickety Shield,神聖な壊れかけ木盾,神圣半坏木盾,Священний розбитий щит,,Священный ветхий щит,,
30030800,1CA3BD0,Magic Rickety Shield,魔力の壊れかけ木盾,魔力半坏木盾,Магічний розбитий щит,,Зачарованный ветхий щит,,
30030900,1CA3C34,Cold Rickety Shield,冷たい壊れかけ木盾,寒冷半坏木盾,Морозний розбитий щит,,Морозный ветхий щит,,
30031000,1CA3C98,Poison Rickety Shield,毒の壊れかけ木盾,毒半坏木盾,Отруйний розбитий щит,,Отравленный ветхий щит,,
30031100,1CA3CFC,Bloody Rickety Shield,血の壊れかけ木盾,血半坏木盾,Кривавий розбитий щит,,Окровавленный ветхий щит,,
30031200,1CA3D60,Occult Rickety Shield,神秘の壊れかけ木盾,神秘半坏木盾,Окультний розбитий щит,,Оккультный ветхий щит,,
30040000,1CA5FC0,Pillory Shield,首枷の盾,枷锁盾,Щит ганьби,,Щит позора,,
30040100,1CA6024,Heavy Pillory Shield,重厚な首枷盾,厚重枷锁盾,Важкий щит ганьби,,Тяжёлый щит позора,,
30040200,1CA6088,Keen Pillory Shield,鋭利な首枷盾,锋利枷锁盾,Стрімкий щит ганьби,,Острый щит позора,,
30040300,1CA60EC,Quality Pillory Shield,上質な首枷盾,优质枷锁盾,Якісний щит ганьби,,Качественный щит позора,,
30040400,1CA6150,Fire Pillory Shield,炎の首枷盾,火焰枷锁盾,Вогняний щит ганьби,,Огненный щит позора,,
30040500,1CA61B4,Flame Art Pillory Shield,炎術の首枷盾,焰术枷锁盾,Полум'яний щит ганьби,,Пылающий щит позора,,
30040600,1CA6218,Lightning Pillory Shield,雷の首枷盾,雷电枷锁盾,Блискавковий щит ганьби,,Громовой щит позора,,
30040700,1CA627C,Sacred Pillory Shield,神聖な首枷盾,神圣枷锁盾,Священний щит ганьби,,Священный щит позора,,
30040800,1CA62E0,Magic Pillory Shield,魔力の首枷盾,魔力枷锁盾,Магічний щит ганьби,,Зачарованный щит позора,,
30040900,1CA6344,Cold Pillory Shield,冷たい首枷盾,寒冷枷锁盾,Морозний щит ганьби,,Морозный щит позора,,
30041000,1CA63A8,Poison Pillory Shield,毒の首枷盾,毒枷锁盾,Отруйний щит ганьби,,Отравленный щит позора,,
30041100,1CA640C,Blood Pillory Shield,血の首枷盾,血枷锁盾,Кривавий щит ганьби,,Кровавый щит позора,,
30041200,1CA6470,Occult Pillory Shield,神秘の首枷盾,神秘枷锁盾,Окультний щит ганьби,,Оккультный щит позора,,
30060000,1CAADE0,Beastman's Jar-Shield,獣人の壺盾,兽人壶盾,Горщик-щит звіролюда,,Щит-кувшин зверочеловека,,
30060100,1CAAE44,Beastman's Heavy Jar-Shield,重厚な獣人壺盾,厚重兽人壶盾,Важкий горщик-щит звіролюда,,Тяжёлый щит-кувшин зверочеловека,,
30060200,1CAAEA8,Beastman's Keen Jar-Shield,鋭利な獣人壺盾,锋利兽人壶盾,Стрімкий горщик-щит звіролюда,,Острый щит-кувшин зверочеловека,,
30060300,1CAAF0C,Beastman's Quality Jar-Shield,上質な獣人壺盾,优质兽人壶盾,Якісний горщик-щит звіролюда,,Качественный щит-кувшин зверочеловека,,
30060400,1CAAF70,Beastman's Fire Jar-Shield,炎の獣人壺盾,火焰兽人壶盾,Вогняний горщик-щит звіролюда,,Огненный щит-кувшин зверочеловека,,
30060500,1CAAFD4,Beastman's Flame Art Jar-Shield,炎術の獣人壺盾,焰术兽人壶盾,Полум'яний горщик-щит звіролюда,,Пылающий щит-кувшин зверочеловека,,
30060600,1CAB038,Beastman's Lightning Jar-Shield,雷の獣人壺盾,雷电兽人壶盾,Блискавковий горщик-щит звіролюда,,Громовой щит-кувшин зверочеловека,,
30060700,1CAB09C,Beastman's Sacred Jar-Shield,神聖な獣人壺盾,神圣兽人壶盾,Священний горщик-щит звіролюда,,Священный щит-кувшин зверочеловека,,
30060800,1CAB100,Beastman's Magic Jar-Shield,魔力の獣人壺盾,魔力兽人壶盾,Магічний горщик-щит звіролюда,,Зачарованный щит-кувшин зверочеловека,,
30060900,1CAB164,Beastman's Cold Jar-Shield,冷たい獣人壺盾,寒冷兽人壶盾,Морозний горщик-щит звіролюда,,Морозный щит-кувшин зверочеловека,,
30061000,1CAB1C8,Beastman's Poison Jar-Shield,毒の獣人壺盾,毒兽人壶盾,Отруйний горщик-щит звіролюда,,Отравленный щит-кувшин зверочеловека,,
30061100,1CAB22C,Beastman's Blood Jar-Shield,血の獣人壺盾,血兽人壶盾,Кривавий горщик-щит звіролюда,,Кровавый щит-кувшин зверочеловека,,
30061200,1CAB290,Beastman's Occult Jar-Shield,神秘の獣人壺盾,神秘兽人壶盾,Окультний горщик-щит звіролюда,,Оккультный щит-кувшин зверочеловека,,
30070000,1CAD4F0,Red Thorn Roundshield,赤茨の木盾,红棘木盾,Круглий щит з червоним шипом,,Круглый щит с красным шипом,,
30070100,1CAD554,Heavy Red Thorn Roundshield,重厚な赤茨木盾,厚重红棘木盾,Важкий круглий щит з червоним шипом,,Тяжёлый щит с красным шипом,,
30070200,1CAD5B8,Keen Red Thorn Roundshield,鋭利な赤茨木盾,锋利红棘木盾,Стрімкий круглий щит з червоним шипом,,Острый щит с красным шипом,,
30070300,1CAD61C,Quality Red Thorn Roundshield,上質な赤茨木盾,优质红棘木盾,Якісний круглий щит з червоним шипом,,Качественный щит с красным шипом,,
30070400,1CAD680,Fire Red Thorn Roundshield,炎の赤茨木盾,火焰红棘木盾,Вогняний круглий щит з червоним шипом,,Огненный щит с красным шипом,,
30070500,1CAD6E4,Flame Art Red Thorn Roundshield,炎術の赤茨木盾,焰术红棘木盾,Полум'яний круглий щит з червоним шипом,,Пылающий щит с красным шипом,,
30070600,1CAD748,Lightning Red Thorn Roundshield,雷の赤茨木盾,雷电红棘木盾,Блискавковий круглий щит з червоним шипом,,Громовой щит с красным шипом,,
30070700,1CAD7AC,Sacred Red Thorn Roundshield,神聖な赤茨木盾,神圣红棘木盾,Священний круглий щит з червоним шипом,,Священный щит с красным шипом,,
30070800,1CAD810,Magic Red Thorn Roundshield,魔力の赤茨木盾,魔力红棘木盾,Магічний круглий щит з червоним шипом,,Зачарованный щит с красным шипом,,
30070900,1CAD874,Cold Red Thorn Roundshield,冷たい赤茨木盾,寒冷红棘木盾,Морозний круглий щит з червоним шипом,,Морозный щит с красным шипом,,
30071000,1CAD8D8,Poison Red Thorn Roundshield,毒の赤茨木盾,毒红棘木盾,Отруйний круглий щит з червоним шипом,,Отравленный щит с красным шипом,,
30071100,1CAD93C,Bloody Red Thorn Roundshield,血の赤茨木盾,血红棘木盾,Кривавий круглий щит з червоним шипом,,Окровавленный щит с красным шипом,,
30071200,1CAD9A0,Occult Red Thorn Roundshield,神秘の赤茨木盾,神秘红棘木盾,Окультний круглий щит з червоним шипом,,Оккультный щит с красным шипом,,
30080000,1CAFC00,Scripture Wooden Shield,聖句の木盾,圣句木盾,Дерев'яний щит з інскрипціями,,Деревянный щит с надписями,,
30080100,1CAFC64,Heavy Scripture Wooden Shield,重厚な聖句木盾,厚重圣句木盾,Важкий дерев'яний щит з інскрипціями,,Тяжёлый деревянный щит с надписями,,
30080200,1CAFCC8,Keen Scripture Wooden Shield,鋭利な聖句木盾,锋利圣句木盾,Стрімкий дерев'яний щит з інскрипціями,,Острый деревянный щит с надписями,,
30080300,1CAFD2C,Quality Scripture Wooden Shield,上質な聖句木盾,优质圣句木盾,Якісний дерев'яний щит з інскрипціями,,Качеств. деревянный щит с надписями,,
30080400,1CAFD90,Fire Scripture Wooden Shield,炎の聖句木盾,火焰圣句木盾,Вогняний дерев'яний щит з інскрипціями,,Огненный деревянный щит с надписями,,
30080500,1CAFDF4,Flame Art Scripture Wooden Shield,炎術の聖句木盾,焰术圣句木盾,Полум'яний дерев'яний щит з інскрипціями,,Пылающий деревянный щит с надписями,,
30080600,1CAFE58,Lightning Scripture Wooden Shield,雷の聖句木盾,雷电圣句木盾,Блискавковий дерев'яний щит з інскрипціями,,Громовой деревянный щит с надписями,,
30080700,1CAFEBC,Sacred Scripture Wooden Shield,神聖な聖句木盾,神圣圣句木盾,Священний дерев'яний щит з інскрипціями,,Священный деревянный щит с надписями,,
30080800,1CAFF20,Magic Scripture Wooden Shield,魔力の聖句木盾,魔力圣句木盾,Магічний дерев'яний щит з інскрипціями,,Зачаров. деревянный щит с надписями,,
30080900,1CAFF84,Cold Scripture Wooden Shield,冷たい聖句木盾,寒冷圣句木盾,Морозний дерев'яний щит з інскрипціями,,Морозный деревянный щит с надписями,,
30081000,1CAFFE8,Poison Scripture Wooden Shield,毒の聖句木盾,毒圣句木盾,Отруйний дерев'яний щит з інскрипціями,,Отравленный деревянный щит с надписями,,
30081100,1CB004C,Blood Scripture Wooden Shield,血の聖句木盾,血圣句木盾,Кривавий дерев'яний щит з інскрипціями,,Кровавый деревянный щит с надписями,,
30081200,1CB00B0,Occult Scripture Wooden Shield,神秘の聖句木盾,神秘圣句木盾,Окультний дерев'яний щит з інскрипціями,,Оккультный деревянный щит с надписями,,
30090000,1CB2310,Riveted Wooden Shield,鉄鋲の木盾,铁铆钉木盾,Клепаний дерев'яний щит,,Клёпаный деревянный щит,,
30090100,1CB2374,Heavy Riveted Wooden Shield,重厚な鉄鋲木盾,厚重铁铆钉木盾,Важкий клепаний дерев'яний щит,,Тяжёлый клёпаный деревянный щит,,
30090200,1CB23D8,Keen Riveted Wooden Shield,鋭利な鉄鋲木盾,锋利铁铆钉木盾,Стрімкий клепаний дерев'яний щит,,Острый клёпаный деревянный щит,,
30090300,1CB243C,Quality Riveted Wooden Shield,上質な鉄鋲木盾,优质铁铆钉木盾,Якісний клепаний дерев'яний щит,,Качественный клёпаный деревянный щит,,
30090400,1CB24A0,Fire Riveted Wooden Shield,炎の鉄鋲木盾,火焰铁铆钉木盾,Вогняний клепаний дерев'яний щит,,Огненный клёпаный деревянный щит,,
30090500,1CB2504,Flame Art Riveted Wooden Shield,炎術の鉄鋲木盾,焰术铁铆钉木盾,Полум'яний клепаний дерев'яний щит,,Пылающий клёпаный деревянный щит,,
30090600,1CB2568,Lightning Riveted Wooden Shield,雷の鉄鋲木盾,雷电铁铆钉木盾,Блискавковий клепаний дерев'яний щит,,Громовой клёпаный деревянный щит,,
30090700,1CB25CC,Sacred Riveted Wooden Shield,神聖な鉄鋲木盾,神圣铁铆钉木盾,Священний клепаний дерев'яний щит,,Священный клёпаный деревянный щит,,
30090800,1CB2630,Magic Riveted Wooden Shield,魔力の鉄鋲木盾,魔力铁铆钉木盾,Магічний клепаний дерев'яний щит,,Зачарованный клёпаный деревянный щит,,
30090900,1CB2694,Cold Riveted Wooden Shield,冷たい鉄鋲木盾,寒冷铁铆钉木盾,Морозний клепаний дерев'яний щит,,Морозный клёпаный деревянный щит,,
30091000,1CB26F8,Poison Riveted Wooden Shield,毒の鉄鋲木盾,毒铁铆钉木盾,Отруйний клепаний дерев'яний щит,,Отравленный клёпаный деревянный щит,,
30091100,1CB275C,Blood Riveted Wooden Shield,血の鉄鋲木盾,血铁铆钉木盾,Кривавий клепаний дерев'яний щит,,Кровавый клёпаный деревянный щит,,
30091200,1CB27C0,Occult Riveted Wooden Shield,神秘の鉄鋲木盾,神秘铁铆钉木盾,Окультний клепаний дерев'яний щит,,Оккультный клёпаный деревянный щит,,
30100000,1CB4A20,Blue-White Wooden Shield,青白の木盾,蓝白木盾,Синьо-білий дерев'яний щит,,Сине-белый деревянный щит,,
30100100,1CB4A84,Heavy Blue-White Wooden Shield,重厚な青白木盾,厚重蓝白木盾,Важкий синьо-білий дерев'яний щит,,Тяжёлый сине-белый деревянный щит,,
30100200,1CB4AE8,Keen Blue-White Wooden Shield,鋭利な青白木盾,锋利蓝白木盾,Стрімкий синьо-білий дерев'яний щит,,Острый сине-белый деревянный щит,,
30100300,1CB4B4C,Quality Blue-White Wooden Shield,上質な青白木盾,优质蓝白木盾,Якісний синьо-білий дерев'яний щит,,Качественный сине-белый деревянный щит,,
30100400,1CB4BB0,Fire Blue-White Wooden Shield,炎の青白木盾,火焰蓝白木盾,Вогняний синьо-білий дерев'яний щит,,Огненный сине-белый деревянный щит,,
30100500,1CB4C14,Flame Art Blue-White Wooden Shield,炎術の青白木盾,焰术蓝白木盾,Полум'яний синьо-білий дерев'яний щит,,Пылающий сине-белый деревянный щит,,
30100600,1CB4C78,Lightning Blue-White Wooden Shield,雷の青白木盾,雷电蓝白木盾,Блискавковий синьо-білий дерев'яний щит,,Громовой сине-белый деревянный щит,,
30100700,1CB4CDC,Sacred Blue-White Wooden Shield,神聖な青白木盾,神圣蓝白木盾,Священний синьо-білий дерев'яний щит,,Священный сине-белый деревянный щит,,
30100800,1CB4D40,Magic Blue-White Wooden Shield,魔力の青白木盾,魔力蓝白木盾,Магічний синьо-білий дерев'яний щит,,Зачарованный сине-белый деревянный щит,,
30100900,1CB4DA4,Cold Blue-White Wooden Shield,冷たい青白木盾,寒冷蓝白木盾,Морозний синьо-білий дерев'яний щит,,Морозный сине-белый деревянный щит,,
30101000,1CB4E08,Poison Blue-White Wooden Shield,毒の青白木盾,毒蓝白木盾,Отруйний синьо-білий дерев'яний щит,,Отравленный сине-белый деревянный щит,,
30101100,1CB4E6C,Blood Blue-White Wooden Shield,血の青白木盾,血蓝白木盾,Кривавий синьо-білий дерев'яний щит,,Кровавый сине-белый деревянный щит,,
30101200,1CB4ED0,Occult Blue-White Wooden Shield,神秘の青白木盾,神秘蓝白木盾,Окультний синьо-білий дерев'яний щит,,Оккультный сине-белый деревянный щит,,
30110000,1CB7130,Rift Shield,裂け目の盾,裂缝盾,Щит ущелини,,Расколотый щит,,
30110100,1CB7194,Heavy Rift Shield,重厚な裂け目盾,厚重裂缝盾,Важкий щит ущелини,,Тяжёлый расколотый щит,,
30110200,1CB71F8,Keen Rift Shield,鋭利な裂け目盾,锋利裂缝盾,Стрімкий щит ущелини,,Острый расколотый щит,,
30110300,1CB725C,Quality Rift Shield,上質な裂け目盾,优质裂缝盾,Якісний щит ущелини,,Качественный расколотый щит,,
30110400,1CB72C0,Fire Rift Shield,炎の裂け目盾,火焰裂缝盾,Вогняний щит ущелини,,Огненный расколотый щит,,
30110500,1CB7324,Flame Art Rift Shield,炎術の裂け目盾,焰术裂缝盾,Полум'яний щит ущелини,,Пылающий расколотый щит,,
30110600,1CB7388,Lightning Rift Shield,雷の裂け目盾,雷电裂缝盾,Блискавковий щит ущелини,,Громовой расколотый щит,,
30110700,1CB73EC,Sacred Rift Shield,神聖な裂け目盾,神圣裂缝盾,Священний щит ущелини,,Священный расколотый щит,,
30110800,1CB7450,Magic Rift Shield,魔力の裂け目盾,魔力裂缝盾,Магічний щит ущелини,,Зачарованный расколотый щит,,
30110900,1CB74B4,Cold Rift Shield,冷たい裂け目盾,寒冷裂缝盾,Морозний щит ущелини,,Морозный расколотый щит,,
30111000,1CB7518,Poison Rift Shield,毒の裂け目盾,毒裂缝盾,Отруйний щит ущелини,,Отравленный расколотый щит,,
30111100,1CB757C,Blood Rift Shield,血の裂け目盾,血裂缝盾,Кривавий щит ущелини,,Кровавый расколотый щит,,
30111200,1CB75E0,Occult Rift Shield,神秘の裂け目盾,神秘裂缝盾,Окультний щит ущелини,,Оккультный расколотый щит,,
30120000,1CB9840,Iron Roundshield,鉄の円盾,铁圆盾,Залізний круглий щит,,Железный баклер,,
30120100,1CB98A4,Heavy Iron Roundshield,重厚な鉄円盾,厚重铁圆盾,Важкий залізний круглий щит,,Тяжёлый железный баклер,,
30120200,1CB9908,Keen Iron Roundshield,鋭利な鉄円盾,锋利铁圆盾,Стрімкий залізний круглий щит,,Острый железный баклер,,
30120300,1CB996C,Quality Iron Roundshield,上質な鉄円盾,优质铁圆盾,Якісний залізний круглий щит,,Качественный железный баклер,,
30120400,1CB99D0,Fire Iron Roundshield,炎の鉄円盾,火焰铁圆盾,Вогняний залізний круглий щит,,Огненный железный баклер,,
30120500,1CB9A34,Flame Art Iron Roundshield,炎術の鉄円盾,焰术铁圆盾,Полум'яний залізний круглий щит,,Пылающий железный баклер,,
30120600,1CB9A98,Lightning Iron Roundshield,雷の鉄円盾,雷电铁圆盾,Блискавковий залізний круглий щит,,Громовой железный баклер,,
30120700,1CB9AFC,Sacred Iron Roundshield,神聖な鉄円盾,神圣铁圆盾,Священний залізний круглий щит,,Священный железный баклер,,
30120800,1CB9B60,Magic Iron Roundshield,魔力の鉄円盾,魔力铁圆盾,Магічний залізний круглий щит,,Зачарованный железный баклер,,
30120900,1CB9BC4,Cold Iron Roundshield,冷たい鉄円盾,寒冷铁圆盾,Морозний залізний круглий щит,,Морозный железный баклер,,
30121000,1CB9C28,Poison Iron Roundshield,毒の鉄円盾,毒铁圆盾,Отруйний залізний круглий щит,,Отравленный железный баклер,,
30121100,1CB9C8C,Bloody Iron Roundshield,血の鉄円盾,血铁圆盾,Кривавий залізний круглий щит,,Окровавленный железный баклер,,
30121200,1CB9CF0,Occult Iron Roundshield,神秘の鉄円盾,神秘铁圆盾,Окультний залізний круглий щит,,Оккультный железный баклер,,
30130000,1CBBF50,Gilded Iron Shield,金装の鉄盾,金黄铁盾,Позолочений залізний щит,,Позолоченный баклер,,
30130100,1CBBFB4,Gilded Heavy Iron Shield,重厚な金装鉄盾,厚重金黄铁盾,Важкий позолочений залізний щит,,Тяжёлый позолоченный баклер,,
30130200,1CBC018,Gilded Keen Iron Shield,鋭利な金装鉄盾,锋利金黄铁盾,Стрімкий позолочений залізний щит,,Острый позолоченный баклер,,
30130300,1CBC07C,Gilded Quality Iron Shield,上質な金装鉄盾,优质金黄铁盾,Якісний позолочений залізний щит,,Качественный позолоченный баклер,,
30130400,1CBC0E0,Gilded Fire Iron Shield,炎の金装鉄盾,火焰金黄铁盾,Вогняний позолочений залізний щит,,Огненный позолоченный баклер,,
30130500,1CBC144,Gilded Flame Art Iron Shield,炎術の金装鉄盾,焰术金黄铁盾,Полум'яний позолочений залізний щит,,Пылающий позолоченный баклер,,
30130600,1CBC1A8,Gilded Lightning Iron Shield,雷の金装鉄盾,雷电金黄铁盾,Блискавковий позолочений залізний щит,,Громовой позолоченный баклер,,
30130700,1CBC20C,Gilded Sacred Iron Shield,神聖な金装鉄盾,神圣金黄铁盾,Священний позолочений залізний щит,,Священный позолоченный баклер,,
30130800,1CBC270,Gilded Magic Iron Shield,魔力の金装鉄盾,魔力金黄铁盾,Магічний позолочений залізний щит,,Зачарованный позолоченный баклер,,
30130900,1CBC2D4,Gilded Cold Iron Shield,冷たい金装鉄盾,寒冷金黄铁盾,Морозний позолочений залізний щит,,Морозный позолоченный баклер,,
30131000,1CBC338,Gilded Poison Iron Shield,毒の金装鉄盾,毒金黄铁盾,Отруйний позолочений залізний щит,,Отравленный позолоченный баклер,,
30131100,1CBC39C,Gilded Blood Iron Shield,血の金装鉄盾,血金黄铁盾,Кривавий позолочений залізний щит,,Кровавый позолоченный баклер,,
30131200,1CBC400,Gilded Occult Iron Shield,神秘の金装鉄盾,神秘金黄铁盾,Окультний позолочений залізний щит,,Оккультный позолоченный баклер,,
30140000,1CBE660,Ice Crest Shield,氷紋の鉄盾,冰纹铁盾,Щит льодяного герба,,Баклер с ледяным гребнем,,
30140100,1CBE6C4,Heavy Ice Crest Shield,重厚な氷紋鉄盾,厚重冰纹铁盾,Важкий щит льодяного герба,,Тяжёлый баклер с ледяным гребнем,,
30140200,1CBE728,Keen Ice Crest Shield,鋭利な氷紋鉄盾,锋利冰纹铁盾,Стрімкий щит льодяного герба,,Острый баклер с ледяным гребнем,,
30140300,1CBE78C,Quality Ice Crest Shield,上質な氷紋鉄盾,优质冰纹铁盾,Якісний щит льодяного герба,,Качественный баклер с ледяным гребнем,,
30140400,1CBE7F0,Fire Ice Crest Shield,炎の氷紋鉄盾,火焰冰纹铁盾,Вогняний щит льодяного герба,,Огненный баклер с ледяным гребнем,,
30140500,1CBE854,Flame Art Ice Crest Shield,炎術の氷紋鉄盾,焰术冰纹铁盾,Полум'яний щит льодяного герба,,Пылающий баклер с ледяным гребнем,,
30140600,1CBE8B8,Lightning Ice Crest Shield,雷の氷紋鉄盾,雷电冰纹铁盾,Блискавковий щит льодяного герба,,Громовой баклер с ледяным гребнем,,
30140700,1CBE91C,Sacred Ice Crest Shield,神聖な氷紋鉄盾,神圣冰纹铁盾,Священний щит льодяного герба,,Священный баклер с ледяным гребнем,,
30140800,1CBE980,Magic Ice Crest Shield,魔力の氷紋鉄盾,魔力冰纹铁盾,Магічний щит льодяного герба,,Зачарованный баклер с ледяным гребнем,,
30140900,1CBE9E4,Cold Ice Crest Shield,冷たい氷紋鉄盾,寒冷冰纹铁盾,Морозний щит льодяного герба,,Морозный баклер с ледяным гребнем,,
30141000,1CBEA48,Poison Ice Crest Shield,毒の氷紋鉄盾,毒冰纹铁盾,Отруйний щит льодяного герба,,Отравленный баклер с ледяным гребнем,,
30141100,1CBEAAC,Blood Ice Crest Shield,血の氷紋鉄盾,血冰纹铁盾,Кривавий щит льодяного герба,,Кровавый баклер с ледяным гребнем,,
30141200,1CBEB10,Occult Ice Crest Shield,神秘の氷紋鉄盾,神秘冰纹铁盾,Окультний щит льодяного герба,,Оккультный баклер с ледяным гребнем,,
30150000,1CC0D70,Smoldering Shield,燻りの盾,熏烧盾,Напівзотлілий щит,,Тлеющий щит,,
30150100,1CC0DD4,Heavy Smoldering Shield,,,,,,,
30150200,1CC0E38,Keen Smoldering Shield,,,,,,,
30150300,1CC0E9C,Quality Smoldering Shield,,,,,,,
30150400,1CC0F00,Fire Smoldering Shield,,,,,,,
30150500,1CC0F64,Flame Art Smoldering Shield,,,,,,,
30150600,1CC0FC8,Lightning Smoldering Shield,,,,,,,
30150700,1CC102C,Sacred Smoldering Shield,,,,,,,
30150800,1CC1090,Magic Smoldering Shield,,,,,,,
30150900,1CC10F4,Cold Smoldering Shield,,,,,,,
30151000,1CC1158,Poison Smoldering Shield,,,,,,,
30151100,1CC11BC,Blood Smoldering Shield,,,,,,,
30151200,1CC1220,Occult Smoldering Shield,,,,,,,
30190000,1CCA9B0,Spiralhorn Shield,角渦の盾,旋角盾,Щит з крученого рогу,,Щит с витым рогом,,
30190100,1CCAA14,Heavy Spiralhorn Shield,重厚な角渦盾,厚重旋角盾,Важкий щит з крученого рогу,,Тяжёлый щит с витым рогом,,
30190200,1CCAA78,Keen Spiralhorn Shield,鋭利な角渦盾,锋利旋角盾,Стрімкий щит з крученого рогу,,Острый щит с витым рогом,,
30190300,1CCAADC,Quality Spiralhorn Shield,上質な角渦盾,优质旋角盾,Якісний щит з крученого рогу,,Качественный щит с витым рогом,,
30190400,1CCAB40,Fire Spiralhorn Shield,炎の角渦盾,火焰旋角盾,Вогняний щит з крученого рогу,,Огненный щит с витым рогом,,
30190500,1CCABA4,Flame Art Spiralhorn Shield,炎術の角渦盾,焰术旋角盾,Полум'яний щит з крученого рогу,,Пылающий щит с витым рогом,,
30190600,1CCAC08,Lightning Spiralhorn Shield,雷の角渦盾,雷电旋角盾,Блискавковий щит з крученого рогу,,Громовой щит с витым рогом,,
30190700,1CCAC6C,Sacred Spiralhorn Shield,神聖な角渦盾,神圣旋角盾,Священний щит з крученого рогу,,Священный щит с витым рогом,,
30190800,1CCACD0,Magic Spiralhorn Shield,魔力の角渦盾,魔力旋角盾,Магічний щит з крученого рогу,,Зачарованный щит с витым рогом,,
30190900,1CCAD34,Cold Spiralhorn Shield,冷たい角渦盾,寒冷旋角盾,Морозний щит з крученого рогу,,Морозный щит с витым рогом,,
30191000,1CCAD98,Poison Spiralhorn Shield,毒の角渦盾,毒旋角盾,Отруйний щит з крученого рогу,,Отравленный щит с витым рогом,,
30191100,1CCADFC,Blood Spiralhorn Shield,血の角渦盾,血旋角盾,Кривавий щит з крученого рогу,,Кровавый щит с витым рогом,,
30191200,1CCAE60,Occult Spiralhorn Shield,神秘の角渦盾,神秘旋角盾,Окультний щит з крученого рогу,,Оккультный щит с витым рогом,,
30200000,1CCD0C0,Coil Shield,蜷局の盾,盘蛇盾,Зміїний щит,,Щит со змеёй,,
31000000,1D905C0,Kite Shield,カイトシールド,鸢形盾,Трикутний щит,,Треугольный щит,,
31000100,1D90624,Heavy Kite Shield,重厚なカイトシールド,厚重鸢形盾,Важкий трикутний щит,,Тяжёлый треугольный щит,,
31000200,1D90688,Keen Kite Shield,鋭利なカイトシールド,锋利鸢形盾,Стрімкий трикутний щит,,Острый треугольный щит,,
31000300,1D906EC,Quality Kite Shield,上質なカイトシールド,优质鸢形盾,Якісний трикутний щит,,Качественный треугольный щит,,
31000400,1D90750,Fire Kite Shield,炎のカイトシールド,火焰鸢形盾,Вогняний трикутний щит,,Огненный треугольный щит,,
31000500,1D907B4,Flame Art Kite Shield,炎術のカイトシールド,焰术鸢形盾,Полум'яний трикутний щит,,Пылающий треугольный щит,,
31000600,1D90818,Lightning Kite Shield,雷のカイトシールド,雷电鸢形盾,Блискавковий трикутний щит,,Громовой треугольный щит,,
31000700,1D9087C,Sacred Kite Shield,神聖なカイトシールド,神圣鸢形盾,Священний трикутний щит,,Священный треугольный щит,,
31000800,1D908E0,Magic Kite Shield,魔力のカイトシールド,魔力鸢形盾,Магічний трикутний щит,,Зачарованный треугольный щит,,
31000900,1D90944,Cold Kite Shield,冷たいカイトシールド,寒冷鸢形盾,Морозний трикутний щит,,Морозный треугольный щит,,
31001000,1D909A8,Poison Kite Shield,毒のカイトシールド,毒鸢形盾,Отруйний трикутний щит,,Отравленный треугольный щит,,
31001100,1D90A0C,Blood Kite Shield,血のカイトシールド,血鸢形盾,Кривавий трикутний щит,,Кровавый треугольный щит,,
31001200,1D90A70,Occult Kite Shield,神秘のカイトシールド,神秘鸢形盾,Окультний трикутний щит,,Оккультный треугольный щит,,
31010000,1D92CD0,Marred Leather Shield,蝕まれた革盾,侵蚀皮盾,Зіпсутий шкіряний щит,,Порченый кожаный щит,,
31010100,1D92D34,Marred Heavy Leather Shield,重厚な蝕み革盾,厚重侵蚀皮盾,Важкий зіпсутий шкіряний щит,,Тяжёлый порченый кожаный щит,,
31010200,1D92D98,Marred Keen Leather Shield,鋭利な蝕み革盾,锋利侵蚀皮盾,Стрімкий зіпсутий шкіряний щит,,Острый порченый кожаный щит,,
31010300,1D92DFC,Marred Quality Leather Shield,上質な蝕み革盾,优质侵蚀皮盾,Якісний зіпсутий шкіряний щит,,Качественный порченый кожаный щит,,
31010400,1D92E60,Marred Fire Leather Shield,炎の蝕み革盾,火焰侵蚀皮盾,Вогняний зіпсутий шкіряний щит,,Огненный порченый кожаный щит,,
31010500,1D92EC4,Marred Flame Art Leather Shield,炎術の蝕み革盾,焰术侵蚀皮盾,Полум'яний зіпсутий шкіряний щит,,Пылающий порченый кожаный щит,,
31010600,1D92F28,Marred Lightning Leather Shield,雷の蝕み革盾,雷电侵蚀皮盾,Блискавковий зіпсутий шкіряний щит,,Громовой порченый кожаный щит,,
31010700,1D92F8C,Marred Sacred Leather Shield,神聖な蝕み革盾,神圣侵蚀皮盾,Священний зіпсутий шкіряний щит,,Священный порченый кожаный щит,,
31010800,1D92FF0,Marred Magic Leather Shield,魔力の蝕み革盾,魔力侵蚀皮盾,Магічний зіпсутий шкіряний щит,,Зачарованный порченый кожаный щит,,
31010900,1D93054,Marred Cold Leather Shield,冷たい蝕み革盾,寒冷侵蚀皮盾,Морозний зіпсутий шкіряний щит,,Морозный порченый кожаный щит,,
31011000,1D930B8,Marred Poison Leather Shield,毒の蝕み革盾,毒侵蚀皮盾,Отруйний зіпсутий шкіряний щит,,Отравленный порченый кожаный щит,,
31011100,1D9311C,Marred Blood Leather Shield,血の蝕み革盾,血侵蚀皮盾,Кривавий зіпсутий шкіряний щит,,Кровавый порченый кожаный щит,,
31011200,1D93180,Marred Occult Leather Shield,神秘の蝕み革盾,神秘侵蚀皮盾,Окультний зіпсутий шкіряний щит,,Оккультный порченый кожаный щит,,
31020000,1D953E0,Marred Wooden Shield,蝕まれた木盾,侵蚀木盾,Зіпсутий дерев'яний щит,,Порченый щит из дерева,,
31020100,1D95444,Marred Heavy Wooden Shield,重厚な蝕み木盾,厚重侵蚀木盾,Важкий зіпсутий дерев'яний щит,,Тяжёлый порченый щит из дерева,,
31020200,1D954A8,Marred Keen Wooden Shield,鋭利な蝕み木盾,锋利侵蚀木盾,Стрімкий зіпсутий дерев'яний щит,,Острый порченый щит из дерева,,
31020300,1D9550C,Marred Quality Wooden Shield,上質な蝕み木盾,优质侵蚀木盾,Якісний зіпсутий дерев'яний щит,,Качественный порченый щит из дерева,,
31020400,1D95570,Marred Fire Wooden Shield,炎の蝕み木盾,火焰侵蚀木盾,Вогняний зіпсутий дерев'яний щит,,Огненный порченый щит из дерева,,
31020500,1D955D4,Marred Flame Art Wooden Shield,炎術の蝕み木盾,焰术侵蚀木盾,Полум'яний зіпсутий дерев'яний щит,,Пылающий порченый щит из дерева,,
31020600,1D95638,Marred Lightning Wooden Shield,雷の蝕み木盾,雷电侵蚀木盾,Блискавковий зіпсутий дерев'яний щит,,Громовой порченый щит из дерева,,
31020700,1D9569C,Marred Sacred Wooden Shield,神聖な蝕み木盾,神圣侵蚀木盾,Священний зіпсутий дерев'яний щит,,Священный порченый щит из дерева,,
31020800,1D95700,Marred Magic Wooden Shield,魔力の蝕み木盾,魔力侵蚀木盾,Магічний зіпсутий дерев'яний щит,,Зачарованный порченый щит из дерева,,
31020900,1D95764,Marred Cold Wooden Shield,冷たい蝕み木盾,寒冷侵蚀木盾,Морозний зіпсутий дерев'яний щит,,Морозный порченый щит из дерева,,
31021000,1D957C8,Marred Poison Wooden Shield,毒の蝕み木盾,毒侵蚀木盾,Отруйний зіпсутий дерев'яний щит,,Отравленный порченый щит из дерева,,
31021100,1D9582C,Marred Blood Wooden Shield,血の蝕み木盾,血侵蚀木盾,Кривавий зіпсутий дерев'яний щит,,Кровавый порченый щит из дерева,,
31021200,1D95890,Marred Occult Wooden Shield,神秘の蝕み木盾,神秘侵蚀木盾,Окультний зіпсутий дерев'яний щит,,Оккультный порченый щит из дерева,,
31030000,1D97AF0,Banished Knight's Shield,失地騎士の盾,失乡骑士盾,Щит лицаря-вигнанця,,Щит рыцаря,,
31030100,1D97B54,Banished Knight's Heavy Shield,重厚な失地騎士盾,厚重失乡骑士盾,Важкий щит лицаря-вигнанця,,Тяжёлый щит рыцаря-изгнанника,,
31030200,1D97BB8,Banished Knight's Keen Shield,鋭利な失地騎士盾,锋利失乡骑士盾,Стрімкий щит лицаря-вигнанця,,Острый щит рыцаря-изгнанника,,
31030300,1D97C1C,Banished Knight's Quality Shield,上質な失地騎士盾,优质失乡骑士盾,Якісний щит лицаря-вигнанця,,Качественный щит рыцаря-изгнанника,,
31030400,1D97C80,Banished Knight's Fire Shield,炎の失地騎士盾,火焰失乡骑士盾,Вогняний щит лицаря-вигнанця,,Огненный щит рыцаря-изгнанника,,
31030500,1D97CE4,Banished Knight's Flame Art Shield,炎術の失地騎士盾,焰术失乡骑士盾,Полум'яний щит лицаря-вигнанця,,Пылающий щит рыцаря-изгнанника,,
31030600,1D97D48,Banished Knight's Lightning Shield,雷の失地騎士盾,雷电失乡骑士盾,Блискавковий щит лицаря-вигнанця,,Громовой щит рыцаря-изгнанника,,
31030700,1D97DAC,Banished Knight's Sacred Shield,神聖な失地騎士盾,神圣失乡骑士盾,Священний щит лицаря-вигнанця,,Священный щит рыцаря-изгнанника,,
31030800,1D97E10,Banished Knight's Magic Shield,魔力の失地騎士盾,魔力失乡骑士盾,Магічний щит лицаря-вигнанця,,Зачарованный щит рыцаря-изгнанника,,
31030900,1D97E74,Banished Knight's Cold Shield,冷たい失地騎士盾,寒冷失乡骑士盾,Морозний щит лицаря-вигнанця,,Морозный щит рыцаря-изгнанника,,
31031000,1D97ED8,Banished Knight's Poison Shield,毒の失地騎士盾,毒失乡骑士盾,Отруйний щит лицаря-вигнанця,,Отравленный щит рыцаря-изгнанника,,
31031100,1D97F3C,Banished Knight's Blood Shield,血の失地騎士盾,血失乡骑士盾,Кривавий щит лицаря-вигнанця,,Кровавый щит рыцаря-изгнанника,,
31031200,1D97FA0,Banished Knight's Occult Shield,神秘の失地騎士盾,神秘失乡骑士盾,Окультний щит лицаря-вигнанця,,Оккультный щит рыцаря-изгнанника,,
31040000,1D9A200,Albinauric Shield,しろがねの盾,白金盾,Щит альбінора,,Щит альбинора,,
31040100,1D9A264,Heavy Albinauric Shield,重厚なしろがね盾,厚重白金盾,Важкий щит альбінора,,Тяжёлый щит альбинора,,
31040200,1D9A2C8,Keen Albinauric Shield,鋭利なしろがね盾,锋利白金盾,Стрімкий щит альбінора,,Острый щит альбинора,,
31040300,1D9A32C,Quality Albinauric Shield,上質なしろがね盾,优质白金盾,Якісний щит альбінора,,Качественный щит альбинора,,
31040400,1D9A390,Fire Albinauric Shield,炎のしろがね盾,火焰白金盾,Вогняний щит альбінора,,Огненный щит альбинора,,
31040500,1D9A3F4,Flame Art Albinauric Shield,炎術のしろがね盾,焰术白金盾,Полум'яний щит альбінора,,Пылающий щит альбинора,,
31040600,1D9A458,Lightning Albinauric Shield,雷のしろがね盾,雷电白金盾,Блискавковий щит альбінора,,Громовой щит альбинора,,
31040700,1D9A4BC,Sacred Albinauric Shield,神聖なしろがね盾,神圣白金盾,Священний щит альбінора,,Священный щит альбинора,,
31040800,1D9A520,Magic Albinauric Shield,魔力のしろがね盾,魔力白金盾,Магічний щит альбінора,,Зачарованный щит альбинора,,
31040900,1D9A584,Cold Albinauric Shield,冷たいしろがね盾,寒冷白金盾,Морозний щит альбінора,,Морозный щит альбинора,,
31041000,1D9A5E8,Poison Albinauric Shield,毒のしろがね盾,毒白金盾,Отруйний щит альбінора,,Отравленный щит альбинора,,
31041100,1D9A64C,Blood Albinauric Shield,血のしろがね盾,血白金盾,Кривавий щит альбінора,,Кровавый щит альбинора,,
31041200,1D9A6B0,Occult Albinauric Shield,神秘のしろがね盾,神秘白金盾,Окультний щит альбінора,,Оккультный щит альбинора,,
31050000,1D9C910,Sun Realm Shield,太陽の都の盾,太阳城盾,Щит міста Сонця,,Щит Солнцецарствия,,
31050100,1D9C974,Heavy Sun Realm Shield,重厚な太陽都盾,厚重太阳城盾,Важкий щит міста Сонця,,Тяжёлый щит Солнцецарствия,,
31050200,1D9C9D8,Keen Sun Realm Shield,鋭利な太陽都盾,锋利太阳城盾,Стрімкий щит міста Сонця,,Острый щит Солнцецарствия,,
31050300,1D9CA3C,Quality Sun Realm Shield,上質な太陽都盾,优质太阳城盾,Якісний щит міста Сонця,,Качественный щит Солнцецарствия,,
31050400,1D9CAA0,Fire Sun Realm Shield,炎の太陽都盾,火焰太阳城盾,Вогняний щит міста Сонця,,Огненный щит Солнцецарствия,,
31050500,1D9CB04,Flame Art Sun Realm Shield,炎術の太陽都盾,焰术太阳城盾,Полум'яний щит міста Сонця,,Пылающий щит Солнцецарствия,,
31050600,1D9CB68,Lightning Sun Realm Shield,雷の太陽都盾,雷电太阳城盾,Блискавковий щит міста Сонця,,Громовой щит Солнцецарствия,,
31050700,1D9CBCC,Sacred Sun Realm Shield,神聖な太陽都盾,神圣太阳城盾,Священний щит міста Сонця,,Священный щит Солнцецарствия,,
31050800,1D9CC30,Magic Sun Realm Shield,魔力の太陽都盾,魔力太阳城盾,Магічний щит міста Сонця,,Зачарованный щит Солнцецарствия,,
31050900,1D9CC94,Cold Sun Realm Shield,冷たい太陽都盾,寒冷太阳城盾,Морозний щит міста Сонця,,Морозный щит Солнцецарствия,,
31051000,1D9CCF8,Poison Sun Realm Shield,毒の太陽都盾,毒太阳城盾,Отруйний щит міста Сонця,,Отравленный щит Солнцецарствия,,
31051100,1D9CD5C,Blood Sun Realm Shield,血の太陽都盾,血太阳城盾,Кривавий щит міста Сонця,,Кровавый щит Солнцецарствия,,
31051200,1D9CDC0,Occult Sun Realm Shield,神秘の太陽都盾,神秘太阳城盾,Окультний щит міста Сонця,,Оккультный щит Солнцецарствия,,
31060000,1D9F020,Silver Mirrorshield,白銀の盾,白银盾,Срібний дзеркальний щит,,Серебряный зеркальный щит,,
31070000,1DA1730,Round Shield,ラウンドシールド,圆盾,Круглий щит,,Круглый щит,,
31070100,1DA1794,Heavy Round Shield,重厚なラウンドシールド,厚重圆盾,Важкий круглий щит,,Тяжёлый круглый щит,,
31070200,1DA17F8,Keen Round Shield,鋭利なラウンドシールド,锋利圆盾,Стрімкий круглий щит,,Острый круглый щит,,
31070300,1DA185C,Quality Round Shield,上質なラウンドシールド,优质圆盾,Якісний круглий щит,,Качественный круглый щит,,
31070400,1DA18C0,Fire Round Shield,炎のラウンドシールド,火焰圆盾,Вогняний круглий щит,,Огненный круглый щит,,
31070500,1DA1924,Flame Art Round Shield,炎術のラウンドシールド,焰术圆盾,Полум'яний круглий щит,,Пылающий круглый щит,,
31070600,1DA1988,Lightning Round Shield,雷のラウンドシールド,雷电圆盾,Блискавковий круглий щит,,Громовой круглый щит,,
31070700,1DA19EC,Sacred Round Shield,神聖なラウンドシールド,神圣圆盾,Священний круглий щит,,Священный круглый щит,,
31070800,1DA1A50,Magic Round Shield,魔力のラウンドシールド,魔力圆盾,Магічний круглий щит,,Зачарованный круглый щит,,
31070900,1DA1AB4,Cold Round Shield,冷たいラウンドシールド,寒冷圆盾,Морозний круглий щит,,Морозный круглый щит,,
31071000,1DA1B18,Poison Round Shield,毒のラウンドシールド,毒圆盾,Отруйний круглий щит,,Отравленный круглый щит,,
31071100,1DA1B7C,Blood Round Shield,血のラウンドシールド,血圆盾,Кривавий круглий щит,,Кровавый круглый щит,,
31071200,1DA1BE0,Occult Round Shield,神秘のラウンドシールド,神秘圆盾,Окультний круглий щит,,Оккультный круглый щит,,
31080000,1DA3E40,Scorpion Kite Shield,蠍のカイトシールド,蝎纹鸢形盾,Трикутний щит скорпіона,,Треугольный щит скорпиона,,
31080100,1DA3EA4,Heavy Scorpion Kite Shield,重厚な蠍カイトシールド,厚重蝎纹鸢形盾,Важкий трикутний щит скорпіона,,Тяжёлый треугольный щит скорпиона,,
31080200,1DA3F08,Keen Scorpion Kite Shield,鋭利な蠍カイトシールド,锋利蝎纹鸢形盾,Стрімкий трикутний щит скорпіона,,Острый треугольный щит скорпиона,,
31080300,1DA3F6C,Quality Scorpion Kite Shield,上質な蠍カイトシールド,优质蝎纹鸢形盾,Якісний трикутний щит скорпіона,,Качественный треугольный щит скорпиона,,
31080400,1DA3FD0,Fire Scorpion Kite Shield,炎の蠍カイトシールド,火焰蝎纹鸢形盾,Вогняний трикутний щит скорпіона,,Огненный треугольный щит скорпиона,,
31080500,1DA4034,Flame Art Scorpion Kite Shield,炎術の蠍カイトシールド,焰术蝎纹鸢形盾,Полум'яний трикутний щит скорпіона,,Пылающий треугольный щит скорпиона,,
31080600,1DA4098,Lightning Scorpion Kite Shield,雷の蠍カイトシールド,雷电蝎纹鸢形盾,Блискавковий трикутний щит скорпіона,,Громовой треугольный щит скорпиона,,
31080700,1DA40FC,Sacred Scorpion Kite Shield,神聖な蠍カイトシールド,神圣蝎纹鸢形盾,Священний трикутний щит скорпіона,,Священный треугольный щит скорпиона,,
31080800,1DA4160,Magic Scorpion Kite Shield,魔力の蠍カイトシールド,魔力蝎纹鸢形盾,Магічний трикутний щит скорпіона,,Зачарованный треугольный щит скорпиона,,
31080900,1DA41C4,Cold Scorpion Kite Shield,冷たい蠍カイトシールド,寒冷蝎纹鸢形盾,Морозний трикутний щит скорпіона,,Морозный треугольный щит скорпиона,,
31081000,1DA4228,Poison Scorpion Kite Shield,毒の蠍カイトシールド,毒蝎纹鸢形盾,Отруйний трикутний щит скорпіона,,Отравленный треугольный щит скорпиона,,
31081100,1DA428C,Blood Scorpion Kite Shield,血の蠍カイトシールド,血蝎纹鸢形盾,Кривавий трикутний щит скорпіона,,Кровавый треугольный щит скорпиона,,
31081200,1DA42F0,Occult Scorpion Kite Shield,神秘の蠍カイトシールド,神秘蝎纹鸢形盾,Окультний трикутний щит скорпіона,,Оккультный треугольный щит скорпиона,,
31090000,1DA6550,Twinbird Kite Shield,双鳥のカイトシールド,双鸟鸢形盾,Трикутний щит з двоголовою птахою,,Треугольный щит с парой птиц,,
31090100,1DA65B4,Heavy Twinbird Kite Shield,重厚な双鳥カイトシールド,厚重双鸟鸢形盾,Важкий трикутний щит з двоголовою птахою,,Тяжёлый треугольный щит с парой птиц,,
31090200,1DA6618,Keen Twinbird Kite Shield,鋭利な双鳥カイトシールド,锋利双鸟鸢形盾,Стрімкий трикутний щит з двоголовою птахою,,Острый треугольный щит с парой птиц,,
31090300,1DA667C,Quality Twinbird Kite Shield,上質な双鳥カイトシールド,优质双鸟鸢形盾,Якісний трикутний щит з двоголовою птахою,,Качественный треугольный щит с парой птиц,,
31090400,1DA66E0,Fire Twinbird Kite Shield,炎の双鳥カイトシールド,火焰双鸟鸢形盾,Вогняний трикутний щит з двоголовою птахою,,Огненный треугольный щит с парой птиц,,
31090500,1DA6744,Flame Art Twinbird Kite Shield,炎術の双鳥カイトシールド,焰术双鸟鸢形盾,Полум'яний трикутний щит з двоголовою птахою,,Пылающий треугольный щит с парой птиц,,
31090600,1DA67A8,Lightning Twinbird Kite Shield,雷の双鳥カイトシールド,雷电双鸟鸢形盾,Блискавковий трикутний щит з двоголовою птахою,,Громовой треугольный щит с парой птиц,,
31090700,1DA680C,Sacred Twinbird Kite Shield,神聖な双鳥カイトシールド,神圣双鸟鸢形盾,Священний трикутний щит з двоголовою птахою,,Священный треугольный щит с парой птиц,,
31090800,1DA6870,Magic Twinbird Kite Shield,魔力の双鳥カイトシールド,魔力双鸟鸢形盾,Магічний трикутний щит з двоголовою птахою,,Зачарованный треугольный щит с парой птиц,,
31090900,1DA68D4,Cold Twinbird Kite Shield,冷たい双鳥カイトシールド,寒冷双鸟鸢形盾,Морозний трикутний щит з двоголовою птахою,,Морозный треугольный щит с парой птиц,,
31091000,1DA6938,Poison Twinbird Kite Shield,毒の双鳥カイトシールド,毒双鸟鸢形盾,Отруйний трикутний щит з двоголовою птахою,,Отравленный треугольный щит с парой птиц,,
31091100,1DA699C,Blood Twinbird Kite Shield,血の双鳥カイトシールド,血双鸟鸢形盾,Кривавий трикутний щит з двоголовою птахою,,Кровавый треугольный щит с парой птиц,,
31091200,1DA6A00,Occult Twinbird Kite Shield,神秘の双鳥カイトシールド,神秘双鸟鸢形盾,Окультний трикутний щит з двоголовою птахою,,Оккультный треугольный щит с парой птиц,,
31100000,1DA8C60,Blue-Gold Kite Shield,青金のカイトシールド,蓝金鸢形盾,Синьо-золотий трикутний щит,,Синий треугольный щит,,
31100100,1DA8CC4,Heavy Blue-Gold Kite Shield,重厚な青金カイトシールド,厚重蓝金鸢形盾,Важкий синьо-золотий трикутний щит,,Тяжёлый сине-золотой треугольный щит,,
31100200,1DA8D28,Keen Blue-Gold Kite Shield,鋭利な青金カイトシールド,锋利蓝金鸢形盾,Стрімкий синьо-золотий трикутний щит,,Острый сине-золотой треугольный щит,,
31100300,1DA8D8C,Quality Blue-Gold Kite Shield,上質な青金カイトシールド,优质蓝金鸢形盾,Якісний синьо-золотий трикутний щит,,Качественный сине-золотой треугольный щит,,
31100400,1DA8DF0,Fire Blue-Gold Kite Shield,炎の青金カイトシールド,火焰蓝金鸢形盾,Вогняний синьо-золотий трикутний щит,,Огненный сине-золотой треугольный щит,,
31100500,1DA8E54,Flame Art Blue-Gold Kite Shield,炎術の青金カイトシールド,焰术蓝金鸢形盾,Полум'яний синьо-золотий трикутний щит,,Пылающий сине-золотой треугольный щит,,
31100600,1DA8EB8,Lightning Blue-Gold Kite Shield,雷の青金カイトシールド,雷电蓝金鸢形盾,Блискавковий синьо-золотий трикутний щит,,Громовой сине-золотой треугольный щит,,
31100700,1DA8F1C,Sacred Blue-Gold Kite Shield,神聖な青金カイトシールド,神圣蓝金鸢形盾,Священний синьо-золотий трикутний щит,,Священный сине-золотой треугольный щит,,
31100800,1DA8F80,Magic Blue-Gold Kite Shield,魔力の青金カイトシールド,魔力蓝金鸢形盾,Магічний синьо-золотий трикутний щит,,Зачарованный сине-золотой треугольный щит,,
31100900,1DA8FE4,Cold Blue-Gold Kite Shield,冷たい青金カイトシールド,寒冷蓝金鸢形盾,Морозний синьо-золотий трикутний щит,,Морозный сине-золотой треугольный щит,,
31101000,1DA9048,Poison Blue-Gold Kite Shield,毒の青金カイトシールド,毒蓝金鸢形盾,Отруйний синьо-золотий трикутний щит,,Отравленный сине-золотой треугольный щит,,
31101100,1DA90AC,Blood Blue-Gold Kite Shield,血の青金カイトシールド,血蓝金鸢形盾,Кривавий синьо-золотий трикутний щит,,Кровавый сине-золотой треугольный щит,,
31101200,1DA9110,Occult Blue-Gold Kite Shield,神秘の青金カイトシールド,神秘蓝金鸢形盾,Окультний синьо-золотий трикутний щит,,Оккультный сине-золотой треугольный щит,,
31130000,1DB0190,Brass Shield,真鍮の盾,黄铜盾,Латунний щит,,Латунный щит,,
31130100,1DB01F4,Heavy Brass Shield,重厚な真鍮盾,厚重黄铜盾,Важкий латунний щит,,Тяжёлый латунный щит,,
31130200,1DB0258,Keen Brass Shield,鋭利な真鍮盾,锋利黄铜盾,Стрімкий латунний щит,,Острый латунный щит,,
31130300,1DB02BC,Quality Brass Shield,上質な真鍮盾,优质黄铜盾,Якісний латунний щит,,Качественный латунный щит,,
31130400,1DB0320,Fire Brass Shield,炎の真鍮盾,火焰黄铜盾,Вогняний латунний щит,,Огненный латунный щит,,
31130500,1DB0384,Flame Art Brass Shield,炎術の真鍮盾,焰术黄铜盾,Полум'яний латунний щит,,Пылающий латунный щит,,
31130600,1DB03E8,Lightning Brass Shield,雷の真鍮盾,雷电黄铜盾,Блискавковий латунний щит,,Громовой латунный щит,,
31130700,1DB044C,Sacred Brass Shield,神聖な真鍮盾,神圣黄铜盾,Священний латунний щит,,Священный латунный щит,,
31130800,1DB04B0,Magic Brass Shield,魔力の真鍮盾,魔力黄铜盾,Магічний латунний щит,,Зачарованный латунный щит,,
31130900,1DB0514,Cold Brass Shield,冷たい真鍮盾,寒冷黄铜盾,Морозний латунний щит,,Морозный латунный щит,,
31131000,1DB0578,Poison Brass Shield,毒の真鍮盾,毒黄铜盾,Отруйний латунний щит,,Отравленный латунный щит,,
31131100,1DB05DC,Blood Brass Shield,血の真鍮盾,血黄铜盾,Кривавий латунний щит,,Кровавый латунный щит,,
31131200,1DB0640,Occult Brass Shield,神秘の真鍮盾,神秘黄铜盾,Окультний латунний щит,,Оккультный латунный щит,,
31140000,1DB28A0,Great Turtle Shell,大亀の甲羅,大乌龟壳,Панцир великої черепахи,,Панцирь большой черепахи,,
31140100,1DB2904,Heavy Great Turtle Shell,重厚な大亀甲羅,厚重大乌龟壳,Важкий панцир великої черепахи,,Тяжёлый панцирь большой черепахи,,
31140200,1DB2968,Keen Great Turtle Shell,鋭利な大亀甲羅,锋利大乌龟壳,Стрімкий панцир великої черепахи,,Острый панцирь большой черепахи,,
31140300,1DB29CC,Quality Great Turtle Shell,上質な大亀甲羅,优质大乌龟壳,Якісний панцир великої черепахи,,Качественный панцирь большой черепахи,,
31140400,1DB2A30,Fire Great Turtle Shell,炎の大亀甲羅,火焰大乌龟壳,Вогняний панцир великої черепахи,,Огненный панцирь большой черепахи,,
31140500,1DB2A94,Flame Art Great Turtle Shell,炎術の大亀甲羅,焰术大乌龟壳,Полум'яний панцир великої черепахи,,Пылающий панцирь большой черепахи,,
31140600,1DB2AF8,Lightning Great Turtle Shell,雷の大亀甲羅,雷电大乌龟壳,Блискавковий панцир великої черепахи,,Громовой панцирь большой черепахи,,
31140700,1DB2B5C,Sacred Great Turtle Shell,神聖な大亀甲羅,神圣大乌龟壳,Священний панцир великої черепахи,,Священный панцирь большой черепахи,,
31140800,1DB2BC0,Magic Great Turtle Shell,魔力の大亀甲羅,魔力大乌龟壳,Магічний панцир великої черепахи,,Зачарованный панцирь большой черепахи,,
31140900,1DB2C24,Cold Great Turtle Shell,冷たい大亀甲羅,寒冷大乌龟壳,Морозний панцир великої черепахи,,Морозный панцирь большой черепахи,,
31141000,1DB2C88,Poison Great Turtle Shell,毒の大亀甲羅,毒大乌龟壳,Отруйний панцир великої черепахи,,Отравленный панцирь большой черепахи,,
31141100,1DB2CEC,Blood Great Turtle Shell,血の大亀甲羅,血大乌龟壳,Кривавий панцир великої черепахи,,Кровавый панцирь большой черепахи,,
31141200,1DB2D50,Occult Great Turtle Shell,神秘の大亀甲羅,神秘大乌龟壳,Окультний панцир великої черепахи,,Оккультный панцирь большой черепахи,,
31170000,1DB9DD0,Shield of the Guilty,咎人の盾,罪人盾,Щит провини,,Щит Виновника,,
31170100,1DB9E34,Heavy Shield of the Guilty,重厚な咎人盾,厚重罪人盾,Важкий щит провини,,Тяжёлый щит Виновника,,
31170200,1DB9E98,Keen Shield of the Guilty,鋭利な咎人盾,锋利罪人盾,Стрімкий щит провини,,Острый щит Виновника,,
31170300,1DB9EFC,Quality Shield of the Guilty,上質な咎人盾,优质罪人盾,Якісний щит провини,,Качественный щит Виновника,,
31170400,1DB9F60,Fire Shield of the Guilty,炎の咎人盾,火焰罪人盾,Вогняний щит провини,,Огненный щит Виновника,,
31170500,1DB9FC4,Flame Art Shield of the Guilty,炎術の咎人盾,焰术罪人盾,Полум'яний щит провини,,Пылающий щит Виновника,,
31170600,1DBA028,Lightning Shield of the Guilty,雷の咎人盾,雷电罪人盾,Блискавковий щит провини,,Громовой щит Виновника,,
31170700,1DBA08C,Sacred Shield of the Guilty,神聖な咎人盾,神圣罪人盾,Священний щит провини,,Священный щит виновного,,
31170800,1DBA0F0,Magic Shield of the Guilty,魔力の咎人盾,魔力罪人盾,Магічний щит провини,,Зачарованный щит Виновника,,
31170900,1DBA154,Cold Shield of the Guilty,冷たい咎人盾,寒冷罪人盾,Морозний щит провини,,Морозный щит Виновника,,
31171000,1DBA1B8,Poison Shield of the Guilty,毒の咎人盾,毒罪人盾,Отруйний щит провини,,Отравленный щит Виновника,,
31171100,1DBA21C,Blood Shield of the Guilty,血の咎人盾,血罪人盾,Кривавий щит провини,,Кровавый щит Виновника,,
31171200,1DBA280,Occult Shield of the Guilty,神秘の咎人盾,神秘罪人盾,Окультний щит провини,,Оккультный щит Виновника,,
31190000,1DBEBF0,Carian Knight's Shield,カーリアの騎士盾,卡利亚骑士盾,Щит карійського лицаря,,Щит карианского рыцаря,,
31190100,1DBEC54,Carian Knight's Heavy Shield,重厚なカーリア騎士盾,厚重卡利亚骑士盾,Важкий щит карійського лицаря,,Тяжёлый щит карианского рыцаря,,
31190200,1DBECB8,Carian Knight's Keen Shield,鋭利なカーリア騎士盾,锋利卡利亚骑士盾,Стрімкий щит карійського лицаря,,Острый щит карианского рыцаря,,
31190300,1DBED1C,Carian Knight's Quality Shield,上質なカーリア騎士盾,优质卡利亚骑士盾,Якісний щит карійського лицаря,,Качественный щит карианского рыцаря,,
31190400,1DBED80,Carian Knight's Fire Shield,炎のカーリア騎士盾,火焰卡利亚骑士盾,Вогняний щит карійського лицаря,,Огненный щит карианского рыцаря,,
31190500,1DBEDE4,Carian Knight's Flame Art Shield,炎術のカーリア騎士盾,焰术卡利亚骑士盾,Полум'яний щит карійського лицаря,,Пылающий щит карианского рыцаря,,
31190600,1DBEE48,Carian Knight's Lightning Shield,雷のカーリア騎士盾,雷电卡利亚骑士盾,Блискавковий щит карійського лицаря,,Громовой щит карианского рыцаря,,
31190700,1DBEEAC,Carian Knight's Sacred Shield,神聖なカーリア騎士盾,神圣卡利亚骑士盾,Священний щит карійського лицаря,,Священный щит карианского рыцаря,,
31190800,1DBEF10,Carian Knight's Magic Shield,魔力のカーリア騎士盾,魔力卡利亚骑士盾,Магічний щит карійського лицаря,,Зачарованный щит карианского рыцаря,,
31190900,1DBEF74,Carian Knight's Cold Shield,冷たいカーリア騎士盾,寒冷卡利亚骑士盾,Морозний щит карійського лицаря,,Морозный щит карианского рыцаря,,
31191000,1DBEFD8,Carian Knight's Poison Shield,毒のカーリア騎士盾,毒卡利亚骑士盾,Отруйний щит карійського лицаря,,Отравленный щит карианского рыцаря,,
31191100,1DBF03C,Carian Knight's Bloody Shield,血のカーリア騎士盾,血卡利亚骑士盾,Кривавий щит карійського лицаря,,Кровавый щит карианского рыцаря,,
31191200,1DBF0A0,Carian Knight's Occult Shield,神秘のカーリア騎士盾,神秘卡利亚骑士盾,Окультний щит карійського лицаря,,Оккультный щит карианского рыцаря,,
31230000,1DC8830,Large Leather Shield,ラージレザーシールド,大皮盾,Великий шкіряний щит,,Большой кожаный щит,,
31230100,1DC8894,Heavy Large Leather Shield,重厚なラージレザーシールド,厚重大皮盾,Важкий великий шкіряний щит,,Тяжёлый большой кожаный щит,,
31230200,1DC88F8,Keen Large Leather Shield,鋭利なラージレザーシールド,锋利大皮盾,Стрімкий великий шкіряний щит,,Острый большой кожаный щит,,
31230300,1DC895C,Quality Large Leather Shield,上質なラージレザーシールド,优质大皮盾,Якісний великий шкіряний щит,,Качественный кожаный щит,,
31230400,1DC89C0,Fire Large Leather Shield,炎のラージレザーシールド,火焰大皮盾,Вогняний великий шкіряний щит,,Огненный большой кожаный щит,,
31230500,1DC8A24,Flame Art Large Leather Shield,炎術のラージレザーシールド,焰术大皮盾,Полум'яний великий шкіряний щит,,Пылающий большой кожаный щит,,
31230600,1DC8A88,Lightning Large Leather Shield,雷のラージレザーシールド,雷电大皮盾,Блискавковий великий шкіряний щит,,Громовой большой кожаный щит,,
31230700,1DC8AEC,Sacred Large Leather Shield,神聖なラージレザーシールド,神圣大皮盾,Священний великий шкіряний щит,,Священный большой кожаный щит,,
31230800,1DC8B50,Magic Large Leather Shield,魔力のラージレザーシールド,魔力大皮盾,Магічний великий шкіряний щит,,Зачарованный большой кожаный щит,,
31230900,1DC8BB4,Cold Large Leather Shield,冷たいラージレザーシールド,寒冷大皮盾,Морозний великий шкіряний щит,,Морозный большой кожаный щит,,
31231000,1DC8C18,Poison Large Leather Shield,毒のラージレザーシールド,毒大皮盾,Отруйний великий шкіряний щит,,Отравленный большой кожаный щит,,
31231100,1DC8C7C,Bloody Large Leather Shield,血のラージレザーシールド,血大皮盾,Кривавий великий шкіряний щит,,Окровавленный большой кожаный щит,,
31231200,1DC8CE0,Occult Large Leather Shield,神秘のラージレザーシールド,神秘大皮盾,Окультний великий шкіряний щит,,Оккультный большой кожаный щит,,
31240000,1DCAF40,Horse Crest Wooden Shield,馬紋のウッドシールド,马纹木盾,Дерев'яний щит з гербом коня,,Каплевидный щит с гербовым конём,,
31240100,1DCAFA4,Heavy Horse Crest Wooden Shield,重厚な馬紋ウッドシールド,厚重马纹木盾,Важкий дерев'яний щит з гербом коня,,Тяж. каплевидный щит с гербовым конём,,
31240200,1DCB008,Keen Horse Crest Wooden Shield,鋭利な馬紋ウッドシールド,锋利马纹木盾,Стрімкий дерев'яний щит з гербом коня,,Остр. каплевидный щит с гербовым конём,,
31240300,1DCB06C,Quality Horse Crest Wooden Shield,上質な馬紋ウッドシールド,优质马纹木盾,Якісний дерев'яний щит з гербом коня,,Кач. каплевидный щит с гербовым конём,,
31240400,1DCB0D0,Fire Horse Crest Wooden Shield,炎の馬紋ウッドシールド,火焰马纹木盾,Вогняний дерев'яний щит з гербом коня,,Огн. каплевидный щит с гербовым конём,,
31240500,1DCB134,Flame Art Horse Crest Wooden Shield,炎術の馬紋ウッドシールド,焰术马纹木盾,Полум'яний дерев'яний щит з гербом коня,,Плам. каплевидный щит с гербовым конём,,
31240600,1DCB198,Lightning Horse Crest Wooden Shield,雷の馬紋ウッドシールド,雷电马纹木盾,Блискавковий дерев'яний щит з гербом коня,,Гром. каплевидный щит с гербовым конём,,
31240700,1DCB1FC,Sacred Horse Crest Wooden Shield,神聖な馬紋ウッドシールド,神圣马纹木盾,Священний дерев'яний щит з гербом коня,,Свящ. каплевидный щит с гербовым конём,,
31240800,1DCB260,Magic Horse Crest Wooden Shield,魔力の馬紋ウッドシールド,魔力马纹木盾,Магічний дерев'яний щит з гербом коня,,Зачар. каплев. щит с гербовым конём,,
31240900,1DCB2C4,Cold Horse Crest Wooden Shield,冷たい馬紋ウッドシールド,寒冷马纹木盾,Морозний дерев'яний щит з гербом коня,,Мороз. каплев. щит с гербовым конём,,
31241000,1DCB328,Poison Horse Crest Wooden Shield,毒の馬紋ウッドシールド,毒马纹木盾,Отруйний дерев'яний щит з гербом коня,,Отравл. каплев. щит с гербовым конём,,
31241100,1DCB38C,Blood Horse Crest Wooden Shield,血の馬紋ウッドシールド,血马纹木盾,Кривавий дерев'яний щит з гербом коня,,Кровавый большой щит Святого Древа,,
31241200,1DCB3F0,Occult Horse Crest Wooden Shield,神秘の馬紋ウッドシールド,神秘马纹木盾,Окультний дерев'яний щит з гербом коня,,Оккул. каплев. щит с гербовым конём,,
31250000,1DCD650,Candletree Wooden Shield,燭樹のウッドシールド,烛树纹木盾,Дерев'яний щит зі свічковим деревом,,Каплевидный щит древа-свечи,,
31250100,1DCD6B4,Heavy Candletree Wooden Shield,重厚な燭樹ウッドシールド,厚重烛树纹木盾,Важкий дерев'яний щит зі свічковим деревом,,Тяжёлый каплевидный щит древа-свечи,,
31250200,1DCD718,Keen Candletree Wooden Shield,鋭利な燭樹ウッドシールド,锋利烛树纹木盾,Стрімкий дерев'яний щит зі свічковим деревом,,Острый каплевидный щит древа-свечи,,
31250300,1DCD77C,Quality Candletree Wooden Shield,上質な燭樹ウッドシールド,优质烛树纹木盾,Якісний дерев'яний щит зі свічковим деревом,,Качеств. каплевидный щит древа-свечи,,
31250400,1DCD7E0,Fire Candletree Wooden Shield,炎の燭樹ウッドシールド,火焰烛树纹木盾,Вогняний дерев'яний щит зі свічковим деревом,,Огненный каплевидный щит древа-свечи,,
31250500,1DCD844,Flame Art Candletree Wooden Shield,炎術の燭樹ウッドシールド,焰术烛树纹木盾,Полум'яний дерев'яний щит зі свічковим деревом,,Пылающий каплевидный щит древа-свечи,,
31250600,1DCD8A8,Lightning Candletree Wooden Shield,雷の燭樹ウッドシールド,雷电烛树纹木盾,Блискавковий дерев'яний щит зі свічковим деревом,,Громовой каплевидный щит древа-свечи,,
31250700,1DCD90C,Sacred Candletree Wooden Shield,神聖な燭樹ウッドシールド,神圣烛树纹木盾,Священний дерев'яний щит зі свічковим деревом,,Священный каплевидный щит древа-свечи,,
31250800,1DCD970,Magic Candletree Wooden Shield,魔力の燭樹ウッドシールド,魔力烛树纹木盾,Магічний дерев'яний щит зі свічковим деревом,,Зачаров. каплевидный щит древа-свечи,,
31250900,1DCD9D4,Cold Candletree Wooden Shield,冷たい燭樹ウッドシールド,寒冷烛树纹木盾,Морозний дерев'яний щит зі свічковим деревом,,Морозный каплевидный щит древа-свечи,,
31251000,1DCDA38,Poison Candletree Wooden Shield,毒の燭樹ウッドシールド,毒烛树纹木盾,Отруйний дерев'яний щит зі свічковим деревом,,Отравл. каплевидный щит древа-свечи,,
31251100,1DCDA9C,Blood Candletree Wooden Shield,血の燭樹ウッドシールド,血烛树纹木盾,Кривавий дерев'яний щит зі свічковим деревом,,Кровавый каплевидный щит древа-свечи,,
31251200,1DCDB00,Occult Candletree Wooden Shield,神秘の燭樹ウッドシールド,神秘烛树纹木盾,Окультний дерев'яний щит зі свічковим деревом,,Оккультный каплевидный щит древа-свечи,,
31260000,1DCFD60,Flame Crest Wooden Shield,炎紋のウッドシールド,火纹木盾,Дерев'яний щит з гербом полум'я,,Деревянный щит с гербовым огнём,,
31260100,1DCFDC4,Heavy Flame Crest Wooden Shield,重厚な炎紋ウッドシールド,厚重火纹木盾,Важкий дерев'яний щит з гербом полум'я,,Тяж. каплевидный щит с гербовым огнём,,
31260200,1DCFE28,Keen Flame Crest Wooden Shield,鋭利な炎紋ウッドシールド,锋利火纹木盾,Стрімкий дерев'яний щит з гербом полум'я,,Остр. каплевидный щит с гербовым огнём,,
31260300,1DCFE8C,Quality Flame Crest Wooden Shield,上質な炎紋ウッドシールド,优质火纹木盾,Якісний дерев'яний щит з гербом полум'я,,Кач. каплевидный щит с гербовым огнём,,
31260400,1DCFEF0,Fire Flame Crest Wooden Shield,炎の炎紋ウッドシールド,火焰火纹木盾,Вогняний дерев'яний щит з гербом полум'я,,Огн. каплевидный щит с гербовым огнём,,
31260500,1DCFF54,Flame Art Flame Crest Wooden Shield,炎術の炎紋ウッドシールド,焰术火纹木盾,Полум'яний дерев'яний щит з гербом полум'я,,Плам. каплевидный щит с гербовым огнём,,
31260600,1DCFFB8,Lightning Flame Crest Wooden Shield,雷の炎紋ウッドシールド,雷电火纹木盾,Блискавковий дерев'яний щит з гербом полум'я,,Гром. каплевидный щит с гербовым огнём,,
31260700,1DD001C,Sacred Flame Crest Wooden Shield,神聖な炎紋ウッドシールド,神圣火纹木盾,Священний дерев'яний щит з гербом полум'я,,Свящ. каплевидный щит с гербовым огнём,,
31260800,1DD0080,Magic Flame Crest Wooden Shield,魔力の炎紋ウッドシールド,魔力火纹木盾,Магічний дерев'яний щит з гербом полум'я,,Зачар. каплев. щит с гербовым огнём,,
31260900,1DD00E4,Cold Flame Crest Wooden Shield,冷たい炎紋ウッドシールド,寒冷火纹木盾,Морозний дерев'яний щит з гербом полум'я,,Мороз. каплев. щит с гербовым огнём,,
31261000,1DD0148,Poison Flame Crest Wooden Shield,毒の炎紋ウッドシールド,毒火纹木盾,Отруйний дерев'яний щит з гербом полум'я,,Отравл. каплев. щит с гербовым огнём,,
31261100,1DD01AC,Blood Flame Crest Wooden Shield,血の炎紋ウッドシールド,血火纹木盾,Кривавий дерев'яний щит з гербом полум'я,,Кров. каплев. щит с гербовым огнём,,
31261200,1DD0210,Occult Flame Crest Wooden Shield,神秘の炎紋ウッドシールド,神秘火纹木盾,Окультний дерев'яний щит з гербом полум'я,,Оккульт. каплев. щит с гербовым огнём,,
31270000,1DD2470,Hawk Crest Wooden Shield,鷹紋のウッドシールド,鹰纹木盾,Дерев'яний щит з гербом яструба,,Каплевидный щит с гербовым ястребом,,
31270100,1DD24D4,Heavy Hawk Crest Wooden Shield,重厚な鷹紋ウッドシールド,厚重鹰纹木盾,Важкий дерев'яний щит з гербом яструба,,Тяж. каплев. щит с гербовым ястребом,,
31270200,1DD2538,Keen Hawk Crest Wooden Shield,鋭利な鷹紋ウッドシールド,锋利鹰纹木盾,Стрімкий дерев'яний щит з гербом яструба,,Острый каплев. щит с гербовым ястребом,,
31270300,1DD259C,Quality Hawk Crest Wooden Shield,上質な鷹紋ウッドシールド,优质鹰纹木盾,Якісний дерев'яний щит з гербом яструба,,Кач. каплев. щит с гербовым ястребом,,
31270400,1DD2600,Fire Hawk Crest Wooden Shield,炎の鷹紋ウッドシールド,火焰鹰纹木盾,Вогняний дерев'яний щит з гербом яструба,,Огнен. каплев. щит с гербовым ястребом,,
31270500,1DD2664,Flame Art Hawk Crest Wooden Shield,炎術の鷹紋ウッドシールド,焰术鹰纹木盾,Полум'яний дерев'яний щит з гербом яструба,,Плам. каплев. щит с гербовым ястребом,,
31270600,1DD26C8,Lightning Hawk Crest Wooden Shield,雷の鷹紋ウッドシールド,雷电鹰纹木盾,Блискавковий дерев'яний щит з гербом яструба,,Гром. каплев. щит с гербовым ястребом,,
31270700,1DD272C,Sacred Hawk Crest Wooden Shield,神聖な鷹紋ウッドシールド,神圣鹰纹木盾,Священний дерев'яний щит з гербом яструба,,Свящ. каплев. щит с гербовым ястребом,,
31270800,1DD2790,Magic Hawk Crest Wooden Shield,魔力の鷹紋ウッドシールド,魔力鹰纹木盾,Магічний дерев'яний щит з гербом яструба,,Зачар. каплев. щит с гербовым ястребом,,
31270900,1DD27F4,Cold Hawk Crest Wooden Shield,冷たい鷹紋ウッドシールド,寒冷鹰纹木盾,Морозний дерев'яний щит з гербом яструба,,Мороз. каплев. щит с гербовым ястребом,,
31271000,1DD2858,Poison Hawk Crest Wooden Shield,毒の鷹紋ウッドシールド,毒鹰纹木盾,Отруйний дерев'яний щит з гербом яструба,,Отравл. капл. щит с гербовым ястребом,,
31271100,1DD28BC,Blood Hawk Crest Wooden Shield,血の鷹紋ウッドシールド,血鹰纹木盾,Кривавий дерев'яний щит з гербом яструба,,Кров. каплев. щит с гербовым ястребом,,
31271200,1DD2920,Occult Hawk Crest Wooden Shield,神秘の鷹紋ウッドシールド,神秘鹰纹木盾,Окультний дерев'яний щит з гербом яструба,,Оккул. каплев. щит с гербовым ястребом,,
31280000,1DD4B80,Beast Crest Heater Shield,獣紋のヒーターシールド,兽纹熨斗形盾,Праскоподібний щит з гербом звіра,,Горячий щит с гербовым зверем,,
31280100,1DD4BE4,Heavy Beast Crest Heater Shield,重厚な獣紋ヒーターシールド,厚重兽纹熨斗形盾,Важкий праскоподібний щит з гербом звіра,,Тяжёлый экю с гербовым зверем,,
31280200,1DD4C48,Keen Beast Crest Heater Shield,鋭利な獣紋ヒーターシールド,锋利兽纹熨斗形盾,Стрімкий праскоподібний щит з гербом звіра,,Острый экю с гербовым зверем,,
31280300,1DD4CAC,Quality Beast Crest Heater Shield,上質な獣紋ヒーターシールド,优质兽纹熨斗形盾,Якісний праскоподібний щит з гербом звіра,,Качественный экю с гербовым зверем,,
31280400,1DD4D10,Fire Beast Crest Heater Shield,炎の獣紋ヒーターシールド,火焰兽纹熨斗形盾,Вогняний праскоподібний щит з гербом звіра,,Огненный экю с гербовым зверем,,
31280500,1DD4D74,Flame Art Beast Crest Heater Shield,炎術の獣紋ヒーターシールド,焰术兽纹熨斗形盾,Полум'яний праскоподібний щит з гербом звіра,,Пламенный экю с гербовым зверем,,
31280600,1DD4DD8,Lightning Beast Crest Heater Shield,雷の獣紋ヒーターシールド,雷电兽纹熨斗形盾,Блискавковий праскоподібний щит з гербом звіра,,Громовой экю с гербовым зверем,,
31280700,1DD4E3C,Sacred Beast Crest Heater Shield,神聖な獣紋ヒーターシールド,神圣兽纹熨斗形盾,Священний праскоподібний щит з гербом звіра,,Священный экю с гербовым зверем,,
31280800,1DD4EA0,Magic Beast Crest Heater Shield,魔力の獣紋ヒーターシールド,魔力兽纹熨斗形盾,Магічний праскоподібний щит з гербом звіра,,Зачарованный экю с гербовым зверем,,
31280900,1DD4F04,Cold Beast Crest Heater Shield,冷たい獣紋ヒーターシールド,寒冷兽纹熨斗形盾,Морозний праскоподібний щит з гербом звіра,,Морозный экю с гербовым зверем,,
31281000,1DD4F68,Poison Beast Crest Heater Shield,毒の獣紋ヒーターシールド,毒兽纹熨斗形盾,Отруйний праскоподібний щит з гербом звіра,,Отравленный экю с гербовым зверем,,
31281100,1DD4FCC,Blood Beast Crest Heater Shield,血の獣紋ヒーターシールド,血兽纹熨斗形盾,Кривавий праскоподібний щит з гербом звіра,,Кровавый экю с гербовым зверем,,
31281200,1DD5030,Occult Beast Crest Heater Shield,神秘の獣紋ヒーターシールド,神秘兽纹熨斗形盾,Окультний праскоподібний щит з гербом звіра,,Оккультный экю с гербовым зверем,,
31290000,1DD7290,Red Crest Heater Shield,赤紋のヒーターシールド,红纹熨斗形盾,Праскоподібний щит з червоним гербом,,Экю с красный гербом,,
31290100,1DD72F4,Heavy Red Crest Heater Shield,重厚な赤紋ヒーターシールド,厚重红纹熨斗形盾,Важкий праскоподібний щит з червоним гербом,,Тяжёлый экю с красным гербом,,
31290200,1DD7358,Keen Red Crest Heater Shield,鋭利な赤紋ヒーターシールド,锋利红纹熨斗形盾,Стрімкий праскоподібний щит з червоним гербом,,Острый экю с красным гербом,,
31290300,1DD73BC,Quality Red Crest Heater Shield,上質な赤紋ヒーターシールド,优质红纹熨斗形盾,Якісний праскоподібний щит з червоним гербом,,Качественный экю с красным гербом,,
31290400,1DD7420,Fire Red Crest Heater Shield,炎の赤紋ヒーターシールド,火焰红纹熨斗形盾,Вогняний праскоподібний щит з червоним гербом,,Огненный экю с красным гербом,,
31290500,1DD7484,Flame Art Red Crest Heater Shield,炎術の赤紋ヒーターシールド,焰术红纹熨斗形盾,Полум'яний праскоподібний щит з червоним гербом,,Пылающий экю с красным гербом,,
31290600,1DD74E8,Lightning Red Crest Heater Shield,雷の赤紋ヒーターシールド,雷电红纹熨斗形盾,Блискавковий праскоподібний щит з червоним гербом,,Громовой экю с красным гербом,,
31290700,1DD754C,Sacred Red Crest Heater Shield,神聖な赤紋ヒーターシールド,神圣红纹熨斗形盾,Священний праскоподібний щит з червоним гербом,,Священный экю с красным гербом,,
31290800,1DD75B0,Magic Red Crest Heater Shield,魔力の赤紋ヒーターシールド,魔力红纹熨斗形盾,Магічний праскоподібний щит з червоним гербом,,Зачарованный экю с красным гербом,,
31290900,1DD7614,Cold Red Crest Heater Shield,冷たい赤紋ヒーターシールド,寒冷红纹熨斗形盾,Морозний праскоподібний щит з червоним гербом,,Морозный экю с красным гербом,,
31291000,1DD7678,Poison Red Crest Heater Shield,毒の赤紋ヒーターシールド,毒红纹熨斗形盾,Отруйний праскоподібний щит з червоним гербом,,Отравленный экю с красным гербом,,
31291100,1DD76DC,Blood Red Crest Heater Shield,血の赤紋ヒーターシールド,血红纹熨斗形盾,Кривавий праскоподібний щит з червоним гербом,,Кровавый экю с красным гербом,,
31291200,1DD7740,Occult Red Crest Heater Shield,神秘の赤紋ヒーターシールド,神秘红纹熨斗形盾,Окультний праскоподібний щит з червоним гербом,,Оккультный экю с красным гербом,,
31300000,1DD99A0,Blue Crest Heater Shield,青紋のヒーターシールド,蓝纹熨斗形盾,Праскоподібний щит з синім гербом,,Экю с черным гербом,,
31300100,1DD9A04,Heavy Blue Crest Heater Shield,重厚な青紋ヒーターシールド,厚重蓝纹熨斗形盾,Важкий праскоподібний щит з синім гербом,,Тяжёлый экю с черным гербом,,
31300200,1DD9A68,Keen Blue Crest Heater Shield,鋭利な青紋ヒーターシールド,锋利蓝纹熨斗形盾,Стрімкий праскоподібний щит з синім гербом,,Острый экю с черным гербом,,
31300300,1DD9ACC,Quality Blue Crest Heater Shield,上質な青紋ヒーターシールド,优质蓝纹熨斗形盾,Якісний праскоподібний щит з синім гербом,,Качественный экю с черным гербом,,
31300400,1DD9B30,Fire Blue Crest Heater Shield,炎の青紋ヒーターシールド,火焰蓝纹熨斗形盾,Вогняний праскоподібний щит з синім гербом,,Огненный экю с черным гербом,,
31300500,1DD9B94,Flame Art Blue Crest Heater Shield,炎術の青紋ヒーターシールド,焰术蓝纹熨斗形盾,Полум'яний праскоподібний щит з синім гербом,,Пылающий экю с черным гербом,,
31300600,1DD9BF8,Lightning Blue Crest Heater Shield,雷の青紋ヒーターシールド,雷电蓝纹熨斗形盾,Блискавковий праскоподібний щит з синім гербом,,Громовой экю с черным гербом,,
31300700,1DD9C5C,Sacred Blue Crest Heater Shield,神聖な青紋ヒーターシールド,神圣蓝纹熨斗形盾,Священний праскоподібний щит з синім гербом,,Священный экю с черным гербом,,
31300800,1DD9CC0,Magic Blue Crest Heater Shield,魔力の青紋ヒーターシールド,魔力蓝纹熨斗形盾,Магічний праскоподібний щит з синім гербом,,Зачарованный экю с черным гербом,,
31300900,1DD9D24,Cold Blue Crest Heater Shield,冷たい青紋ヒーターシールド,寒冷蓝纹熨斗形盾,Морозний праскоподібний щит з синім гербом,,Морозный экю с черным гербом,,
31301000,1DD9D88,Poison Blue Crest Heater Shield,毒の青紋ヒーターシールド,毒蓝纹熨斗形盾,Отруйний праскоподібний щит з синім гербом,,Отравленный экю с черным гербом,,
31301100,1DD9DEC,Blood Blue Crest Heater Shield,血の青紋ヒーターシールド,血蓝纹熨斗形盾,Кривавий праскоподібний щит з синім гербом,,Кровавый экю с черным гербом,,
31301200,1DD9E50,Occult Blue Crest Heater Shield,神秘の青紋ヒーターシールド,神秘蓝纹熨斗形盾,Окультний праскоподібний щит з синім гербом,,Оккультный экю с черным гербом,,
31310000,1DDC0B0,Eclipse Crest Heater Shield,蝕紋のヒーターシールド,日蚀纹熨斗形盾,Праскоподібний щит з гербом затемнення,,Горячий щит с гербом затмения,,
31310100,1DDC114,Heavy Eclipse Crest Heater Shield,重厚な蝕紋ヒーターシールド,厚重日蚀纹熨斗形盾,Важкий праскоподібний щит з гербом затемнення,,Тяжёлый экю с гербом затмения,,
31310200,1DDC178,Keen Eclipse Crest Heater Shield,鋭利な蝕紋ヒーターシールド,锋利日蚀纹熨斗形盾,Стрімкий праскоподібний щит з гербом затемнення,,Острый экю с гербом затмения,,
31310300,1DDC1DC,Quality Eclipse Crest Heater Shield,上質な蝕紋ヒーターシールド,优质日蚀纹熨斗形盾,Якісний праскоподібний щит з гербом затемнення,,Качественный экю с гербом затмения,,
31310400,1DDC240,Fire Eclipse Crest Heater Shield,炎の蝕紋ヒーターシールド,火焰日蚀纹熨斗形盾,Вогняний праскоподібний щит з гербом затемнення,,Огненный экю с гербом затмения,,
31310500,1DDC2A4,Flame Art Eclipse Crest Heater Shield,炎術の蝕紋ヒーターシールド,焰术日蚀纹熨斗形盾,Полум'яний праскоподібний щит з гербом затемнення,,Пламенный экю с гербом затмения,,
31310600,1DDC308,Lightning Eclipse Crest Heater Shield,雷の蝕紋ヒーターシールド,雷电日蚀纹熨斗形盾,Блискавковий праскоподібний щит з гербом затемнення,,Громовой экю с гербом затмения,,
31310700,1DDC36C,Sacred Eclipse Crest Heater Shield,神聖な蝕紋ヒーターシールド,神圣日蚀纹熨斗形盾,Священний праскоподібний щит з гербом затемнення,,Священный экю с гербом затмения,,
31310800,1DDC3D0,Magic Eclipse Crest Heater Shield,魔力の蝕紋ヒーターシールド,魔力日蚀纹熨斗形盾,Магічний праскоподібний щит з гербом затемнення,,Зачарованный экю с гербом затмения,,
31310900,1DDC434,Cold Eclipse Crest Heater Shield,冷たい蝕紋ヒーターシールド,寒冷日蚀纹熨斗形盾,Морозний праскоподібний щит з гербом затемнення,,Морозный экю с гербом затмения,,
31311000,1DDC498,Poison Eclipse Crest Heater Shield,毒の蝕紋ヒーターシールド,毒日蚀纹熨斗形盾,Отруйний праскоподібний щит з гербом затемнення,,Отравленный экю с гербом затмения,,
31311100,1DDC4FC,Blood Eclipse Crest Heater Shield,血の蝕紋ヒーターシールド,血日蚀纹熨斗形盾,Кривавий праскоподібний щит з гербом затемнення,,Кровавый экю с гербом затмения,,
31311200,1DDC560,Occult Eclipse Crest Heater Shield,神秘の蝕紋ヒーターシールド,神秘日蚀纹熨斗形盾,Окультний праскоподібний щит з гербом затемнення,,Оккультный экю с гербом затмения,,
31320000,1DDE7C0,Inverted Hawk Heater Shield,逆さ鷹のヒーターシールド,逆鹰纹熨斗形盾,Праскоподібний щит з перевернутим яструбом,,Горячий щит с перевёрнутым ястребом,,
31320100,1DDE824,Heavy Inverted Hawk Heater Shield,重厚な逆さ鷹ヒーターシールド,厚重逆鹰纹熨斗形盾,Важкий праскоподібний щит з перевернутим яструбом,,Тяжёлый экю с перевёрнутым ястребом,,
31320200,1DDE888,Keen Inverted Hawk Heater Shield,鋭利な逆さ鷹ヒーターシールド,锋利逆鹰纹熨斗形盾,Стрімкий праскоподібний щит з перевернутим яструбом,,Острый экю с перевёрнутым ястребом,,
31320300,1DDE8EC,Quality Inverted Hawk Heater Shield,上質な逆さ鷹ヒーターシールド,优质逆鹰纹熨斗形盾,Якісний праскоподібний щит з перевернутим яструбом,,Качеств. экю с перевёрнутым ястребом,,
31320400,1DDE950,Fire Inverted Hawk Heater Shield,炎の逆さ鷹ヒーターシールド,火焰逆鹰纹熨斗形盾,Вогняний праскоподібний щит з перевернутим яструбом,,Огненный экю с перевёрнутым ястребом,,
31320500,1DDE9B4,Flame Art Inverted Hawk Heater Shield,炎術の逆さ鷹ヒーターシールド,焰术逆鹰纹熨斗形盾,Полум'яний праскоподібний щит з перевернутим яструбом,,Пламенный экю с перевёрнутым ястребом,,
31320600,1DDEA18,Lightning Inverted Hawk Heater Shield,雷の逆さ鷹ヒーターシールド,雷电逆鹰纹熨斗形盾,Блискавковий праскоподібний щит з перевернутим яструбом,,Громовой экю с перевёрнутым ястребом,,
31320700,1DDEA7C,Sacred Inverted Hawk Heater Shield,神聖な逆さ鷹ヒーターシールド,神圣逆鹰纹熨斗形盾,Священний праскоподібний щит з перевернутим яструбом,,Священный экю с перевёрнутым ястребом,,
31320800,1DDEAE0,Magic Inverted Hawk Heater Shield,魔力の逆さ鷹ヒーターシールド,魔力逆鹰纹熨斗形盾,Магічний праскоподібний щит з перевернутим яструбом,,Зачаров. экю с перевёрнутым ястребом,,
31320900,1DDEB44,Cold Inverted Hawk Heater Shield,冷たい逆さ鷹ヒーターシールド,寒冷逆鹰纹熨斗形盾,Морозний праскоподібний щит з перевернутим яструбом,,Морозный экю с перевёрнутым ястребом,,
31321000,1DDEBA8,Poison Inverted Hawk Heater Shield,毒の逆さ鷹ヒーターシールド,毒逆鹰纹熨斗形盾,Отруйний праскоподібний щит з перевернутим яструбом,,Отравл. экю с перевёрнутым ястребом,,
31321100,1DDEC0C,Blood Inverted Hawk Heater Shield,血の逆さ鷹ヒーターシールド,血逆鹰纹熨斗形盾,Кривавий праскоподібний щит з перевернутим яструбом,,Кровавый экю с перевёрнутым ястребом,,
31321200,1DDEC70,Occult Inverted Hawk Heater Shield,神秘の逆さ鷹ヒーターシールド,神秘逆鹰纹熨斗形盾,Окультний праскоподібний щит з перевернутим яструбом,,Оккультный экю с перевёрнутым ястребом,,
31330000,1DE0ED0,Heater Shield,ヒーターシールド,熨斗形盾,Праскоподібний щит,,Экю,,
31330100,1DE0F34,Heavy Heater Shield,重厚なヒーターシールド,厚重熨斗形盾,Важкий праскоподібний щит,,Тяжёлый экю,,
31330200,1DE0F98,Keen Heater Shield,鋭利なヒーターシールド,锋利熨斗形盾,Стрімкий праскоподібний щит,,Острый экю,,
31330300,1DE0FFC,Quality Heater Shield,上質なヒーターシールド,优质熨斗形盾,Якісний праскоподібний щит,,Качественный экю,,
31330400,1DE1060,Fire Heater Shield,炎のヒーターシールド,火焰熨斗形盾,Вогняний праскоподібний щит,,Огненный экю,,
31330500,1DE10C4,Flame Art Heater Shield,炎術のヒーターシールド,焰术熨斗形盾,Полум'яний праскоподібний щит,,Пылающий экю,,
31330600,1DE1128,Lightning Heater Shield,雷のヒーターシールド,雷电熨斗形盾,Блискавковий праскоподібний щит,,Громовой экю,,
31330700,1DE118C,Sacred Heater Shield,神聖なヒーターシールド,神圣熨斗形盾,Священний праскоподібний щит,,Священный экю,,
31330800,1DE11F0,Magic Heater Shield,魔力のヒーターシールド,魔力熨斗形盾,Магічний праскоподібний щит,,Зачарованный экю,,
31330900,1DE1254,Cold Heater Shield,冷たいヒーターシールド,寒冷熨斗形盾,Морозний праскоподібний щит,,Морозный экю,,
31331000,1DE12B8,Poison Heater Shield,毒のヒーターシールド,毒熨斗形盾,Отруйний праскоподібний щит,,Отравленный экю,,
31331100,1DE131C,Blood Heater Shield,血のヒーターシールド,血熨斗形盾,Кривавий праскоподібний щит,,Кровавый экю,,
31331200,1DE1380,Occult Heater Shield,神秘のヒーターシールド,神秘熨斗形盾,Окультний праскоподібний щит,,Оккультный экю,,
31340000,1DE35E0,Black Leather Shield,ブラックレザーシールド,黑皮盾,Щит з чорної шкіри,,Чёрный кожаный щит,,
31340100,1DE3644,Heavy Black Leather Shield,重厚なブラックレザーシールド,厚重黑皮盾,Важкий щит з чорної шкіри,,Тяжёлый чёрный кожаный щит,,
31340200,1DE36A8,Keen Black Leather Shield,鋭利なブラックレザーシールド,锋利黑皮盾,Стрімкий щит з чорної шкіри,,Острый чёрный кожаный щит,,
31340300,1DE370C,Quality Black Leather Shield,上質なブラックレザーシールド,优质黑皮盾,Якісний щит з чорної шкіри,,Качественный чёрный кожаный щит,,
31340400,1DE3770,Fire Black Leather Shield,炎のブラックレザーシールド,火焰黑皮盾,Вогняний щит з чорної шкіри,,Огненный чёрный кожаный щит,,
31340500,1DE37D4,Flame Art Black Leather Shield,炎術のブラックレザーシールド,焰术黑皮盾,Полум'яний щит з чорної шкіри,,Пылающий чёрный кожаный щит,,
31340600,1DE3838,Lightning Black Leather Shield,雷のブラックレザーシールド,雷电黑皮盾,Блискавковий щит з чорної шкіри,,Громовой чёрный кожаный щит,,
31340700,1DE389C,Sacred Black Leather Shield,神聖なブラックレザーシールド,神圣黑皮盾,Священний щит з чорної шкіри,,Священный чёрный кожаный щит,,
31340800,1DE3900,Magic Black Leather Shield,魔力のブラックレザーシールド,魔力黑皮盾,Магічний щит з чорної шкіри,,Зачарованный чёрный кожаный щит,,
31340900,1DE3964,Cold Black Leather Shield,冷たいブラックレザーシールド,寒冷黑皮盾,Морозний щит з чорної шкіри,,Морозный чёрный кожаный щит,,
31341000,1DE39C8,Poison Black Leather Shield,毒のブラックレザーシールド,毒黑皮盾,Отруйний щит з чорної шкіри,,Отравленный чёрный кожаный щит,,
31341100,1DE3A2C,Blood Black Leather Shield,血のブラックレザーシールド,血黑皮盾,Кривавий щит з чорної шкіри,,Кровавый чёрный кожаный щит,,
31341200,1DE3A90,Occult Black Leather Shield,神秘のブラックレザーシールド,神秘黑皮盾,Окультний щит з чорної шкіри,,Оккультный чёрный кожаный щит,,
32000000,1E84800,Dragon Towershield,竜のタワーシールド,龙塔盾,Баштовий щит дракона,,Драконий башенный щит,,
32000100,1E84864,Heavy Dragon Towershield,重厚な竜タワーシールド,厚重龙塔盾,Важкий баштовий щит дракона,,Тяжёлый драконий башенный щит,,
32000200,1E848C8,Keen Dragon Towershield,鋭利な竜タワーシールド,锋利龙塔盾,Стрімкий баштовий щит дракона,,Острый драконий башенный щит,,
32000300,1E8492C,Quality Dragon Towershield,上質な竜タワーシールド,优质龙塔盾,Якісний баштовий щит дракона,,Качественный драконий башенный щит,,
32000400,1E84990,Fire Dragon Towershield,炎の竜タワーシールド,火焰龙塔盾,Вогняний баштовий щит дракона,,Огненный драконий башенный щит,,
32000500,1E849F4,Flame Art Dragon Towershield,炎術の竜タワーシールド,焰术龙塔盾,Полум'яний баштовий щит дракона,,Пылающий драконий башенный щит,,
32000600,1E84A58,Lightning Dragon Towershield,雷の竜タワーシールド,雷电龙塔盾,Блискавковий баштовий щит дракона,,Громовой драконий башенный щит,,
32000700,1E84ABC,Sacred Dragon Towershield,神聖な竜タワーシールド,神圣龙塔盾,Священний баштовий щит дракона,,Священный драконий башенный щит,,
32000800,1E84B20,Magic Dragon Towershield,魔力の竜タワーシールド,魔力龙塔盾,Магічний баштовий щит дракона,,Зачарованный драконий башенный щит,,
32000900,1E84B84,Cold Dragon Towershield,冷たい竜タワーシールド,寒冷龙塔盾,Морозний баштовий щит дракона,,Морозный драконий башенный щит,,
32001000,1E84BE8,Poison Dragon Towershield,毒の竜タワーシールド,毒龙塔盾,Отруйний баштовий щит дракона,,Отравленный драконий башенный щит,,
32001100,1E84C4C,Blood Dragon Towershield,血の竜タワーシールド,血龙塔盾,Кривавий баштовий щит дракона,,Кровавый драконий башенный щит,,
32001200,1E84CB0,Occult Dragon Towershield,神秘の竜タワーシールド,神秘龙塔盾,Окультний баштовий щит дракона,,Оккультный драконий башенный щит,,
32020000,1E89620,Distinguished Greatshield,名家の大盾,名门大盾,Визначний великий щит,,Особый большой щит,,
32020100,1E89684,Distinguished Heavy Greatshield,重厚な名家大盾,厚重名门大盾,Важкий визначний великий щит,,Тяжёлый особый большой щит,,
32020200,1E896E8,Distinguished Keen Greatshield,鋭利な名家大盾,锋利名门大盾,Стрімкий визначний великий щит,,Острый особый большой щит,,
32020300,1E8974C,Distinguished Quality Greatshield,上質な名家大盾,优质名门大盾,Якісний визначний великий щит,,Качественный особый большой щит,,
32020400,1E897B0,Distinguished Fire Greatshield,炎の名家大盾,火焰名门大盾,Вогняний визначний великий щит,,Огненный особый большой щит,,
32020500,1E89814,Distinguished Flame Art Greatshield,炎術の名家大盾,焰术名门大盾,Полум'яний визначний великий щит,,Пылающий особый большой щит,,
32020600,1E89878,Distinguished Lightning Greatshield,雷の名家大盾,雷电名门大盾,Блискавковий визначний великий щит,,Громовой особый большой щит,,
32020700,1E898DC,Distinguished Sacred Greatshield,神聖な名家大盾,神圣名门大盾,Священний визначний великий щит,,Священный особый большой щит,,
32020800,1E89940,Distinguished Magic Greatshield,魔力の名家大盾,魔力名门大盾,Магічний визначний великий щит,,Зачарованный особый большой щит,,
32020900,1E899A4,Distinguished Cold Greatshield,冷たい名家大盾,寒冷名门大盾,Морозний визначний великий щит,,Морозный особый большой щит,,
32021000,1E89A08,Distinguished Poison Greatshield,毒の名家大盾,毒名门大盾,Отруйний визначний великий щит,,Отравленный особый большой щит,,
32021100,1E89A6C,Distinguished Blood Greatshield,血の名家大盾,血名门大盾,Кривавий визначний великий щит,,Кровавый особый большой щит,,
32021200,1E89AD0,Distinguished Occult Greatshield,神秘の名家大盾,神秘名门大盾,Окультний визначний великий щит,,Оккультный особый большой щит,,
32030000,1E8BD30,Crucible Hornshield,坩堝の角盾,熔炉角盾,Рогатий щит Горнила,,Щит рога Горнила,,
32030100,1E8BD94,Heavy Crucible Hornshield,,,,,,,
32030200,1E8BDF8,Keen Crucible Hornshield,,,,,,,
32030300,1E8BE5C,Quality Crucible Hornshield,,,,,,,
32030400,1E8BEC0,Fire Crucible Hornshield,,,,,,,
32030500,1E8BF24,Flame Art Crucible Hornshield,,,,,,,
32030600,1E8BF88,Lightning Crucible Hornshield,,,,,,,
32030700,1E8BFEC,Sacred Crucible Hornshield,,,,,,,
32030800,1E8C050,Magic Crucible Hornshield,,,,,,,
32030900,1E8C0B4,Cold Crucible Hornshield,,,,,,,
32031000,1E8C118,Poison Crucible Hornshield,,,,,,,
32031100,1E8C17C,Blood Crucible Hornshield,,,,,,,
32031200,1E8C1E0,Occult Crucible Hornshield,,,,,,,
32040000,1E8E440,Dragonclaw Shield,竜爪の盾,龙爪盾,Щит з драконячого кігтя,,Щит когтя дракона,,
32040100,1E8E4A4,Heavy Dragonclaw Shield,,,,,,,
32040200,1E8E508,Keen Dragonclaw Shield,,,,,,,
32040300,1E8E56C,Quality Dragonclaw Shield,,,,,,,
32040400,1E8E5D0,Fire Dragonclaw Shield,,,,,,,
32040500,1E8E634,Flame Art Dragonclaw Shield,,,,,,,
32040600,1E8E698,Lightning Dragonclaw Shield,,,,,,,
32040700,1E8E6FC,Sacred Dragonclaw Shield,,,,,,,
32040800,1E8E760,Magic Dragonclaw Shield,,,,,,,
32040900,1E8E7C4,Cold Dragonclaw Shield,,,,,,,
32041000,1E8E828,Poison Dragonclaw Shield,,,,,,,
32041100,1E8E88C,Blood Dragonclaw Shield,,,,,,,
32041200,1E8E8F0,Occult Dragonclaw Shield,,,,,,,
32050000,1E90B50,Briar Greatshield,鉄茨の大盾,铁棘大盾,Великий шипований щит,,Павеза с железными шипами,,
32050100,1E90BB4,Heavy Briar Greatshield,重厚な鉄茨大盾,厚重铁棘大盾,Важкий великий шипований щит,,Тяжёлый большой щит с шипами,,
32050200,1E90C18,Keen Briar Greatshield,鋭利な鉄茨大盾,锋利铁棘大盾,Стрімкий великий шипований щит,,Острый большой щит с шипами,,
32050300,1E90C7C,Quality Briar Greatshield,上質な鉄茨大盾,优质铁棘大盾,Якісний великий шипований щит,,Качественный большой щит с шипами,,
32050400,1E90CE0,Fire Briar Greatshield,炎の鉄茨大盾,火焰铁棘大盾,Вогняний великий шипований щит,,Огненный большой щит с шипами,,
32050500,1E90D44,Flame Art Briar Greatshield,炎術の鉄茨大盾,焰术铁棘大盾,Полум'яний великий шипований щит,,Пылающий большой щит с шипами,,
32050600,1E90DA8,Lightning Briar Greatshield,雷の鉄茨大盾,雷电铁棘大盾,Блискавковий великий шипований щит,,Громовой большой щит с шипами,,
32050700,1E90E0C,Sacred Briar Greatshield,神聖な鉄茨大盾,神圣铁棘大盾,Священний великий шипований щит,,Священный большой щит с шипами,,
32050800,1E90E70,Magic Briar Greatshield,魔力の鉄茨大盾,魔力铁棘大盾,Магічний великий шипований щит,,Зачарованный большой щит с шипами,,
32050900,1E90ED4,Cold Briar Greatshield,冷たい鉄茨大盾,寒冷铁棘大盾,Морозний великий шипований щит,,Морозный большой щит с шипами,,
32051000,1E90F38,Poison Briar Greatshield,毒の鉄茨大盾,毒铁棘大盾,Отруйний великий шипований щит,,Отравленный большой щит с шипами,,
32051100,1E90F9C,Blood Briar Greatshield,血の鉄茨大盾,血铁棘大盾,Кривавий великий шипований щит,,Кровавый большой щит с шипами,,
32051200,1E91000,Occult Briar Greatshield,神秘の鉄茨大盾,神秘铁棘大盾,Окультний великий шипований щит,,Оккультный большой щит с шипами,,
32080000,1E98080,Erdtree Greatshield,黄金樹の大盾,黄金树大盾,Великий щит Золотого дерева,,Большой щит Древа Эрд,,
32080100,1E980E4,Heavy Erdtree Greatshield,,,,,,,
32080200,1E98148,Keen Erdtree Greatshield,,,,,,,
32080300,1E981AC,Quality Erdtree Greatshield,,,,,,,
32080400,1E98210,Fire Erdtree Greatshield,,,,,,,
32080500,1E98274,Flame Art Erdtree Greatshield,,,,,,,
32080600,1E982D8,Lightning Erdtree Greatshield,,,,,,,
32080700,1E9833C,Sacred Erdtree Greatshield,,,,,,,
32080800,1E983A0,Magic Erdtree Greatshield,,,,,,,
32080900,1E98404,Cold Erdtree Greatshield,,,,,,,
32081000,1E98468,Poison Erdtree Greatshield,,,,,,,
32081100,1E984CC,Blood Erdtree Greatshield,,,,,,,
32081200,1E98530,Occult Erdtree Greatshield,,,,,,,
32090000,1E9A790,Golden Beast Crest Shield,獣紋の黄金盾,兽纹黄金盾,Золотий щит з гербом звіра,,Золотой щит с гербовым зверем,,
32090100,1E9A7F4,Heavy Golden Beast Crest Shield,重厚な獣紋黄金盾,厚重兽纹黄金盾,Важкий золотий щит з гербом звіра,,Тяжёлый золотой щит с гербовым зверем,,
32090200,1E9A858,Keen Golden Beast Crest Shield,鋭利な獣紋黄金盾,锋利兽纹黄金盾,Стрімкий золотий щит з гербом звіра,,Острый золотой щит с гербовым зверем,,
32090300,1E9A8BC,Quality Golden Beast Crest Shield,上質な獣紋黄金盾,优质兽纹黄金盾,Якісний золотий щит з гербом звіра,,Качественный золотой щит с гербовым зверем,,
32090400,1E9A920,Fire Golden Beast Crest Shield,炎の獣紋黄金盾,火焰兽纹黄金盾,Вогняний золотий щит з гербом звіра,,Огненный золотой щит с гербовым зверем,,
32090500,1E9A984,Flame Art Golden Beast Crest Shield,炎術の獣紋黄金盾,焰术兽纹黄金盾,Полум'яний золотий щит з гербом звіра,,Пылающий золотой щит с гербовым зверем,,
32090600,1E9A9E8,Lightning Golden Beast Crest Shield,雷の獣紋黄金盾,雷电兽纹黄金盾,Блискавковий золотий щит з гербом звіра,,Громовой золотой щит с гербовым зверем,,
32090700,1E9AA4C,Sacred Golden Beast Crest Shield,神聖な獣紋黄金盾,神圣兽纹黄金盾,Священний золотий щит з гербом звіра,,Священный золотой щит с гербовым зверем,,
32090800,1E9AAB0,Magic Golden Beast Crest Shield,魔力の獣紋黄金盾,魔力兽纹黄金盾,Магічний золотий щит з гербом звіра,,Зачарованный золотой щит с гербовым зверем,,
32090900,1E9AB14,Cold Golden Beast Crest Shield,冷たい獣紋黄金盾,寒冷兽纹黄金盾,Морозний золотий щит з гербом звіра,,Морозный золотой щит с гербовым зверем,,
32091000,1E9AB78,Poison Golden Beast Crest Shield,毒の獣紋黄金盾,毒兽纹黄金盾,Отруйний золотий щит з гербом звіра,,Отравленный золотой щит с гербовым зверем,,
32091100,1E9ABDC,Blood Golden Beast Crest Shield,血の獣紋黄金盾,血兽纹黄金盾,Кривавий золотий щит з гербом звіра,,Кровавый золотой щит с гербовым зверем,,
32091200,1E9AC40,Occult Golden Beast Crest Shield,神秘の獣紋黄金盾,神秘兽纹黄金盾,Окультний золотий щит з гербом звіра,,Оккультный золотой щит с гербовым зверем,,
32120000,1EA1CC0,Jellyfish Shield,クラゲの盾,水母盾,Щит з медузи,,Медузий щит,,
32130000,1EA43D0,Fingerprint Stone Shield,指紋石の盾,指纹石盾,Кам'яний щит з відбитками,,Каменный щит с отпечатками,,
32130100,1EA4434,Heavy Fingerprint Stone Shield,重厚な指紋石盾,厚重指纹石盾,Важкий кам'яний щит з відбитками,,Тяжёлый каменный щит с отпечатками,,
32130200,1EA4498,Keen Fingerprint Stone Shield,鋭利な指紋石盾,锋利指纹石盾,Стрімкий кам'яний щит з відбитками,,Острый каменный щит с отпечатками,,
32130300,1EA44FC,Quality Fingerprint Stone Shield,上質な指紋石盾,优质指纹石盾,Якісний кам'яний щит з відбитками,,Качественный каменный щит с отпечатками,,
32130400,1EA4560,Fire Fingerprint Stone Shield,炎の指紋石盾,火焰指纹石盾,Вогняний кам'яний щит з відбитками,,Огненный каменный щит с отпечатками,,
32130500,1EA45C4,Flame Art Fingerprint Stone Shield,炎術の指紋石盾,焰术指纹石盾,Полум'яний кам'яний щит з відбитками,,Пылающий каменный щит с отпечатками,,
32130600,1EA4628,Lightning Fingerprint Stone Shield,雷の指紋石盾,雷电指纹石盾,Блискавковий кам'яний щит з відбитками,,Громовой каменный щит с отпечатками,,
32130700,1EA468C,Sacred Fingerprint Stone Shield,神聖な指紋石盾,神圣指纹石盾,Священний кам'яний щит з відбитками,,Священный каменный щит с отпечатками,,
32130800,1EA46F0,Magic Fingerprint Stone Shield,魔力の指紋石盾,魔力指纹石盾,Магічний кам'яний щит з відбитками,,Зачарованный каменный щит с отпечатками,,
32130900,1EA4754,Cold Fingerprint Stone Shield,冷たい指紋石盾,寒冷指纹石盾,Морозний кам'яний щит з відбитками,,Морозный каменный щит с отпечатками,,
32131000,1EA47B8,Poison Fingerprint Stone Shield,毒の指紋石盾,毒指纹石盾,Отруйний кам'яний щит з відбитками,,Отравленный каменный щит с отпечатками,,
32131100,1EA481C,Blood Fingerprint Stone Shield,血の指紋石盾,血指纹石盾,Кривавий кам'яний щит з відбитками,,Кровавый каменный щит с отпечатками,,
32131200,1EA4880,Occult Fingerprint Stone Shield,神秘の指紋石盾,神秘指纹石盾,Окультний кам'яний щит з відбитками,,Оккультный каменный щит с отпечатками,,
32140000,1EA6AE0,Icon Shield,神聖画の盾,神圣绘画盾,Щит-ікона,,Щит со знаком,,
32140100,1EA6B44,Heavy Icon Shield,,,,,,,
32140200,1EA6BA8,Keen Icon Shield,,,,,,,
32140300,1EA6C0C,Quality Icon Shield,,,,,,,
32140400,1EA6C70,Fire Icon Shield,,,,,,,
32140500,1EA6CD4,Flame Art Icon Shield,,,,,,,
32140600,1EA6D38,Lightning Icon Shield,,,,,,,
32140700,1EA6D9C,Sacred Icon Shield,,,,,,,
32140800,1EA6E00,Magic Icon Shield,,,,,,,
32140900,1EA6E64,Cold Icon Shield,,,,,,,
32141000,1EA6EC8,Poison Icon Shield,,,,,,,
32141100,1EA6F2C,Blood Icon Shield,,,,,,,
32141200,1EA6F90,Occult Icon Shield,,,,,,,
32150000,1EA91F0,One-Eyed Shield,単眼の盾,独眼盾,Одноокий щит,,Щит с глазом,,
32160000,1EAB900,Visage Shield,ガンメンの盾,颜面盾,Щит з обличчям,,Щит с ликом,,
32170000,1EAE010,Spiked Palisade Shield,鋲壁の盾,钉墙盾,Щит-частокіл,,Шипастый частокольный щит,,
32170100,1EAE074,Heavy Spiked Palisade Shield,重厚な鋲壁盾,厚重钉墙盾,Важкий щит-частокіл,,Тяжёлый шипастый частокольный щит,,
32170200,1EAE0D8,Keen Spiked Palisade Shield,鋭利な鋲壁盾,锋利钉墙盾,Стрімкий щит-частокіл,,Острый шипастый частокольный щит,,
32170300,1EAE13C,Quality Spiked Palisade Shield,上質な鋲壁盾,优质钉墙盾,Якісний щит-частокіл,,Качественный шипастый частокольный щит,,
32170400,1EAE1A0,Fire Spiked Palisade Shield,炎の鋲壁盾,火焰钉墙盾,Вогняний щит-частокіл,,Огненный шипастый частокольный щит,,
32170500,1EAE204,Flame Art Spiked Palisade Shield,炎術の鋲壁盾,焰术钉墙盾,Полум'яний щит-частокіл,,Пылающий шипастый частокольный щит,,
32170600,1EAE268,Lightning Spiked Palisade Shield,雷の鋲壁盾,雷电钉墙盾,Блискавковий щит-частокіл,,Громовой шипастый частокольный щит,,
32170700,1EAE2CC,Sacred Spiked Palisade Shield,神聖な鋲壁盾,神圣钉墙盾,Священний щит-частокіл,,Священный шипастый частокольный щит,,
32170800,1EAE330,Magic Spiked Palisade Shield,魔力の鋲壁盾,魔力钉墙盾,Магічний щит-частокіл,,Зачарованный шипастый частокольный щит,,
32170900,1EAE394,Cold Spiked Palisade Shield,冷たい鋲壁盾,寒冷钉墙盾,Морозний щит-частокіл,,Морозный шипастый частокольный щит,,
32171000,1EAE3F8,Poison Spiked Palisade Shield,毒の鋲壁盾,毒钉墙盾,Отруйний щит-частокіл,,Отравленный шипастый частокольный щит,,
32171100,1EAE45C,Blood Spiked Palisade Shield,血の鋲壁盾,血钉墙盾,Кривавий щит-частокіл,,Кровавый шипастый частокольный щит,,
32171200,1EAE4C0,Occult Spiked Palisade Shield,神秘の鋲壁盾,神秘钉墙盾,Окультний щит-частокіл,,Оккультный шипастый частокольный щит,,
32190000,1EB2E30,Manor Towershield,城館のタワーシールド,城寨塔盾,Баштовий щит маєтку,,Башенный щит Поместья,,
32190100,1EB2E94,Heavy Manor Towershield,重厚な城館タワーシールド,厚重城寨塔盾,Важкий баштовий щит маєтку,,Тяжёлый башенный щит Поместья,,
32190200,1EB2EF8,Keen Manor Towershield,鋭利な城館タワーシールド,锋利城寨塔盾,Стрімкий баштовий щит маєтку,,Острый башенный щит Поместья,,
32190300,1EB2F5C,Quality Manor Towershield,上質な城館タワーシールド,优质城寨塔盾,Якісний баштовий щит маєтку,,Качественный башенный щит Поместья,,
32190400,1EB2FC0,Fire Manor Towershield,炎の城館タワーシールド,火焰城寨塔盾,Вогняний баштовий щит маєтку,,Огненный башенный щит Поместья,,
32190500,1EB3024,Flame Art Manor Towershield,炎術の城館タワーシールド,焰术城寨塔盾,Полум'яний баштовий щит маєтку,,Пылающий башенный щит Поместья,,
32190600,1EB3088,Lightning Manor Towershield,雷の城館タワーシールド,雷电城寨塔盾,Блискавковий баштовий щит маєтку,,Молниевая башенный щит Поместья,,
32190700,1EB30EC,Sacred Manor Towershield,神聖な城館タワーシールド,神圣城寨塔盾,Священний баштовий щит маєтку,,Священный башенный щит Поместья,,
32190800,1EB3150,Magic Manor Towershield,魔力の城館タワーシールド,魔力城寨塔盾,Магічний баштовий щит маєтку,,Зачарованный башенный щит Поместья,,
32190900,1EB31B4,Cold Manor Towershield,冷たい城館タワーシールド,寒冷城寨塔盾,Морозний баштовий щит маєтку,,Морозный башенный щит Поместья,,
32191000,1EB3218,Poison Manor Towershield,毒の城館タワーシールド,毒城寨塔盾,Отруйний баштовий щит маєтку,,Отравленный башенный щит Поместья,,
32191100,1EB327C,Blood Manor Towershield,血の城館タワーシールド,血城寨塔盾,Кривавий баштовий щит маєтку,,Кровавый башенный щит Поместья,,
32191200,1EB32E0,Occult Manor Towershield,神秘の城館タワーシールド,神秘城寨塔盾,Окультний баштовий щит маєтку,,Оккультный башенный щит Поместья,,
32200000,1EB5540,Crossed-Tree Towershield,交差樹のタワーシールド,交错树塔盾,Баштовий щит з перехресними деревами,,Башенный щит со скрещёнными стволами,,
32200100,1EB55A4,Heavy Crossed-Tree Towershield,重厚な交差樹タワーシールド,厚重交错树塔盾,Важкий баштовий щит з перехресними деревами,,Тяжёлый башенный щит со скрещёнными стволами,,
32200200,1EB5608,Keen Crossed-Tree Towershield,鋭利な交差樹タワーシールド,锋利交错树塔盾,Стрімкий баштовий щит з перехресними деревами,,Острый башенный щит со скрещёнными стволами,,
32200300,1EB566C,Quality Crossed-Tree Towershield,上質な交差樹タワーシールド,优质交错树塔盾,Якісний баштовий щит з перехресними деревами,,Качественный башенный щит со скрещёнными стволами,,
32200400,1EB56D0,Fire Crossed-Tree Towershield,炎の交差樹タワーシールド,火焰交错树塔盾,Вогняний баштовий щит з перехресними деревами,,Огненный башенный щит со скрещёнными стволами,,
32200500,1EB5734,Flame Art Crossed-Tree Towershield,炎術の交差樹タワーシールド,焰术交错树塔盾,Полум'яний баштовий щит з перехресними деревами,,Пылающий башенный щит со скрещёнными стволами,,
32200600,1EB5798,Lightning Crossed-Tree Towershield,雷の交差樹タワーシールド,雷电交错树塔盾,Блискавковий баштовий щит з перехресними деревами,,Громовой башенный щит со скрещёнными стволами,,
32200700,1EB57FC,Sacred Crossed-Tree Towershield,神聖な交差樹タワーシールド,神圣交错树塔盾,Священний баштовий щит з перехресними деревами,,Священный башенный щит со скрещёнными стволами,,
32200800,1EB5860,Magic Crossed-Tree Towershield,魔力の交差樹タワーシールド,魔力交错树塔盾,Магічний баштовий щит з перехресними деревами,,Зачарованный башенный щит со скрещёнными стволами,,
32200900,1EB58C4,Cold Crossed-Tree Towershield,冷たい交差樹タワーシールド,寒冷交错树塔盾,Морозний баштовий щит з перехресними деревами,,Морозный башенный щит со скрещёнными стволами,,
32201000,1EB5928,Poison Crossed-Tree Towershield,毒の交差樹タワーシールド,毒交错树塔盾,Отруйний баштовий щит з перехресними деревами,,Отравленный башенный щит со скрещёнными стволами,,
32201100,1EB598C,Blood Crossed-Tree Towershield,血の交差樹タワーシールド,血交错树塔盾,Кривавий баштовий щит з перехресними деревами,,Кровавый башенный щит со скрещёнными стволами,,
32201200,1EB59F0,Occult Crossed-Tree Towershield,神秘の交差樹タワーシールド,神秘交错树塔盾,Окультний баштовий щит з перехресними деревами,,Оккультный башенный щит со скрещёнными стволами,,
32210000,1EB7C50,Inverted Hawk Towershield,逆さ鷹のタワーシールド,逆鹰塔盾,Баштовий щит з перевернутим яструбом,,Башенный щит с перевёрнутым ястребом,,
32210100,1EB7CB4,Heavy Inverted Hawk Towershield,重厚な逆さ鷹タワーシールド,厚重逆鹰塔盾,Важкий баштовий щит з перевернутим яструбом,,Тяжёл. башен. щит с перевёрн. ястребом,,
32210200,1EB7D18,Keen Inverted Hawk Towershield,鋭利な逆さ鷹タワーシールド,锋利逆鹰塔盾,Стрімкий баштовий щит з перевернутим яструбом,,Острый башен. щит с перевёрн. ястребом,,
32210300,1EB7D7C,Quality Inverted Hawk Towershield,上質な逆さ鷹タワーシールド,优质逆鹰塔盾,Якісний баштовий щит з перевернутим яструбом,,Качественный баш. щит с перевёрн. ястребом,,
32210400,1EB7DE0,Fire Inverted Hawk Towershield,炎の逆さ鷹タワーシールド,火焰逆鹰塔盾,Вогняний баштовий щит з перевернутим яструбом,,Огнен. башен. щит с перевёрн. ястребом,,
32210500,1EB7E44,Flame Art Inverted Hawk Towershield,炎術の逆さ鷹タワーシールド,焰术逆鹰塔盾,Полум'яний баштовий щит з перевернутим яструбом,,Пылающ. баш. щит с перевёрн. ястребом,,
32210600,1EB7EA8,Lightning Inverted Hawk Towershield,雷の逆さ鷹タワーシールド,雷电逆鹰塔盾,Блискавковий баштовий щит з перевернутим яструбом,,Гром. башен. щит с перевёрн. ястребом,,
32210700,1EB7F0C,Sacred Inverted Hawk Towershield,神聖な逆さ鷹タワーシールド,神圣逆鹰塔盾,Священний баштовий щит з перевернутим яструбом,,Свящ. башен. щит с перевёрн. ястребом,,
32210800,1EB7F70,Magic Inverted Hawk Towershield,魔力の逆さ鷹タワーシールド,魔力逆鹰塔盾,Магічний баштовий щит з перевернутим яструбом,,Зачар. башен. щит с перевёрн. ястребом,,
32210900,1EB7FD4,Cold Inverted Hawk Towershield,冷たい逆さ鷹タワーシールド,寒冷逆鹰塔盾,Морозний баштовий щит з перевернутим яструбом,,Мороз. башен. щит с перевёрн. ястребом,,
32211000,1EB8038,Poison Inverted Hawk Towershield,毒の逆さ鷹タワーシールド,毒逆鹰塔盾,Отруйний баштовий щит з перевернутим яструбом,,Отрав. башен. щит с перевёрн. ястребом,,
32211100,1EB809C,Blood Inverted Hawk Towershield,血の逆さ鷹タワーシールド,血逆鹰塔盾,Кривавий баштовий щит з перевернутим яструбом,,Разрыв. баш. щит с перевёрн. ястребом,,
32211200,1EB8100,Occult Inverted Hawk Towershield,神秘の逆さ鷹タワーシールド,神秘逆鹰塔盾,Окультний баштовий щит з перевернутим яструбом,,Оккульт. баш. щит с перевёрн. ястребом,,
32220000,1EBA360,Ant's Skull Plate,蟻の頭甲,蚂蚁头盾,Череп мурахи,,Пластина из муравьиного черепа,,
32230000,1EBCA70,Redmane Greatshield,赤獅子の大盾,红狮子大盾,Великий щит рудогривого,,Большой щит Рыжей Гривы,,
32230100,1EBCAD4,Heavy Redmane Greatshield,重厚な赤獅子大盾,厚重红狮子大盾,Важкий великий щит рудогривого,,Тяжёлый большой щит Рыжей Гривы,,
32230200,1EBCB38,Keen Redmane Greatshield,鋭利な赤獅子大盾,锋利红狮子大盾,Стрімкий великий щит рудогривого,,Острый большой щит Рыжей Гривы,,
32230300,1EBCB9C,Quality Redmane Greatshield,上質な赤獅子大盾,优质红狮子大盾,Якісний великий щит рудогривого,,Качественный большой щит Рыжей Гривы,,
32230400,1EBCC00,Fire Redmane Greatshield,炎の赤獅子大盾,火焰红狮子大盾,Вогняний великий щит рудогривого,,Огненный большой щит Рыжей Гривы,,
32230500,1EBCC64,Flame Art Redmane Greatshield,炎術の赤獅子大盾,焰术红狮子大盾,Полум'яний великий щит рудогривого,,Пылающий большой щит Рыжей Гривы,,
32230600,1EBCCC8,Lightning Redmane Greatshield,雷の赤獅子大盾,雷电红狮子大盾,Блискавковий великий щит рудогривого,,Громовой большой щит Рыжей Гривы,,
32230700,1EBCD2C,Sacred Redmane Greatshield,神聖な赤獅子大盾,神圣红狮子大盾,Священний великий щит рудогривого,,Священный большой щит Рыжей Гривы,,
32230800,1EBCD90,Magic Redmane Greatshield,魔力の赤獅子大盾,魔力红狮子大盾,Магічний великий щит рудогривого,,Зачарованный большой щит Рыжей Гривы,,
32230900,1EBCDF4,Cold Redmane Greatshield,冷たい赤獅子大盾,寒冷红狮子大盾,Морозний великий щит рудогривого,,Морозный большой щит Рыжей Гривы,,
32231000,1EBCE58,Poison Redmane Greatshield,毒の赤獅子大盾,毒红狮子大盾,Отруйний великий щит рудогривого,,Отравленный большой щит Рыжей Гривы,,
32231100,1EBCEBC,Blood Redmane Greatshield,血の赤獅子大盾,血红狮子大盾,Кривавий великий щит рудогривого,,Кровавый большой щит Рыжей Гривы,,
32231200,1EBCF20,Occult Redmane Greatshield,神秘の赤獅子大盾,神秘红狮子大盾,Окультний великий щит рудогривого,,Оккультный большой щит Рыжей Гривы,,
32240000,1EBF180,Eclipse Crest Greatshield,蝕紋の大盾,日蚀纹大盾,Великий щит з гербом затемнення,,Большой щит с гербом затмения,,
32240100,1EBF1E4,Heavy Eclipse Crest Greatshield,重厚な蝕紋大盾,厚重日蚀纹大盾,Важкий великий щит з гербом затемнення,,Тяжёлый большой щит с гербом затмения,,
32240200,1EBF248,Keen Eclipse Crest Greatshield,鋭利な蝕紋大盾,锋利日蚀纹大盾,Стрімкий великий щит з гербом затемнення,,Острый большой щит с гербом затмения,,
32240300,1EBF2AC,Quality Eclipse Crest Greatshield,上質な蝕紋大盾,优质日蚀纹大盾,Якісний великий щит з гербом затемнення,,Качественный большой щит с затмением,,
32240400,1EBF310,Fire Eclipse Crest Greatshield,炎の蝕紋大盾,火焰日蚀纹大盾,Вогняний великий щит з гербом затемнення,,Огненный большой щит с гербом затмения,,
32240500,1EBF374,Flame Art Eclipse Crest Greatshield,炎術の蝕紋大盾,焰术日蚀纹大盾,Полум'яний великий щит з гербом затемнення,,Пылающий большой щит с гербом затмения,,
32240600,1EBF3D8,Lightning Eclipse Crest Greatshield,雷の蝕紋大盾,雷电日蚀纹大盾,Блискавковий великий щит з гербом затемнення,,Громовой большой щит с гербом затмения,,
32240700,1EBF43C,Sacred Eclipse Crest Greatshield,神聖な蝕紋大盾,神圣日蚀纹大盾,Священний великий щит з гербом затемнення,,Свящ. большой щит с гербом затмения,,
32240800,1EBF4A0,Magic Eclipse Crest Greatshield,魔力の蝕紋大盾,魔力日蚀纹大盾,Магічний великий щит з гербом затемнення,,Зачаров. большой щит с гербом затмения,,
32240900,1EBF504,Cold Eclipse Crest Greatshield,冷たい蝕紋大盾,寒冷日蚀纹大盾,Морозний великий щит з гербом затемнення,,Морозный большой щит с гербом затмения,,
32241000,1EBF568,Poison Eclipse Crest Greatshield,毒の蝕紋大盾,毒日蚀纹大盾,Отруйний великий щит з гербом затемнення,,Отравл. большой щит с гербом затмения,,
32241100,1EBF5CC,Blood Eclipse Crest Greatshield,血の蝕紋大盾,血日蚀纹大盾,Кривавий великий щит з гербом затемнення,,Кровавый большой щит с гербом затмения,,
32241200,1EBF630,Occult Eclipse Crest Greatshield,神秘の蝕紋大盾,神秘日蚀纹大盾,Окультний великий щит з гербом затемнення,,Оккульт. большой щит с гербом затмения,,
32250000,1EC1890,Cuckoo Greatshield,カッコウの大盾,杜鹃大盾,Великий щит зозулі,,Большой щит Кукушки,,
32250100,1EC18F4,Heavy Cuckoo Greatshield,重厚なカッコウ大盾,厚重杜鹃大盾,Важкий великий щит зозулі,,Тяжёлый большой щит Кукушки,,
32250200,1EC1958,Keen Cuckoo Greatshield,鋭利なカッコウ大盾,锋利杜鹃大盾,Стрімкий великий щит зозулі,,Острый большой щит Кукушки,,
32250300,1EC19BC,Quality Cuckoo Greatshield,上質なカッコウ大盾,优质杜鹃大盾,Якісний великий щит зозулі,,Качественный большой щит Кукушки,,
32250400,1EC1A20,Fire Cuckoo Greatshield,炎のカッコウ大盾,火焰杜鹃大盾,Вогняний великий щит зозулі,,Огненный большой щит Кукушки,,
32250500,1EC1A84,Flame Art Cuckoo Greatshield,炎術のカッコウ大盾,焰术杜鹃大盾,Полум'яний великий щит зозулі,,Пылающий большой щит Кукушки,,
32250600,1EC1AE8,Lightning Cuckoo Greatshield,雷のカッコウ大盾,雷电杜鹃大盾,Блискавковий великий щит зозулі,,Громовой большой щит Кукушки,,
32250700,1EC1B4C,Sacred Cuckoo Greatshield,神聖なカッコウ大盾,神圣杜鹃大盾,Священний великий щит зозулі,,Священный большой щит Кукушки,,
32250800,1EC1BB0,Magic Cuckoo Greatshield,魔力のカッコウ大盾,魔力杜鹃大盾,Магічний великий щит зозулі,,Зачарованный большой щит Кукушки,,
32250900,1EC1C14,Cold Cuckoo Greatshield,冷たいカッコウ大盾,寒冷杜鹃大盾,Морозний великий щит зозулі,,Морозный большой щит Кукушки,,
32251000,1EC1C78,Poison Cuckoo Greatshield,毒のカッコウ大盾,毒杜鹃大盾,Отруйний великий щит зозулі,,Отравленный большой щит Кукушки,,
32251100,1EC1CDC,Blood Cuckoo Greatshield,血のカッコウ大盾,血杜鹃大盾,Кривавий великий щит зозулі,,Кровавый большой щит Кукушки,,
32251200,1EC1D40,Occult Cuckoo Greatshield,神秘のカッコウ大盾,神秘杜鹃大盾,Окультний великий щит зозулі,,Оккультный большой щит Кукушки,,
32260000,1EC3FA0,Golden Greatshield,黄金の大盾,黄金大盾,Золотий великий щит,,Золотой большой щит,,
32260100,1EC4004,Heavy Golden Greatshield,重厚な黄金大盾,厚重黄金大盾,Важкий золотий великий щит,,Тяжёлый золотой большой щит,,
32260200,1EC4068,Keen Golden Greatshield,鋭利な黄金大盾,锋利黄金大盾,Стрімкий золотий великий щит,,Острый золотой большой щит,,
32260300,1EC40CC,Quality Golden Greatshield,上質な黄金大盾,优质黄金大盾,Якісний золотий великий щит,,Качественный золотой большой щит,,
32260400,1EC4130,Fire Golden Greatshield,炎の黄金大盾,火焰黄金大盾,Вогняний золотий великий щит,,Огненный золотой большой щит,,
32260500,1EC4194,Flame Art Golden Greatshield,炎術の黄金大盾,焰术黄金大盾,Полум'яний золотий великий щит,,Пылающий золотой большой щит,,
32260600,1EC41F8,Lightning Golden Greatshield,雷の黄金大盾,雷电黄金大盾,Блискавковий золотий великий щит,,Громовой золотой большой щит,,
32260700,1EC425C,Sacred Golden Greatshield,神聖な黄金大盾,神圣黄金大盾,Священний золотий великий щит,,Священный золотой большой щит,,
32260800,1EC42C0,Magic Golden Greatshield,魔力の黄金大盾,魔力黄金大盾,Магічний золотий великий щит,,Зачарованный золотой большой щит,,
32260900,1EC4324,Cold Golden Greatshield,冷たい黄金大盾,寒冷黄金大盾,Морозний золотий великий щит,,Морозный золотой большой щит,,
32261000,1EC4388,Poison Golden Greatshield,毒の黄金大盾,毒黄金大盾,Отруйний золотий великий щит,,Отравленный золотой большой щит,,
32261100,1EC43EC,Blood Golden Greatshield,血の黄金大盾,血黄金大盾,Кривавий золотий великий щит,,Кровавый золотой большой щит,,
32261200,1EC4450,Occult Golden Greatshield,神秘の黄金大盾,神秘黄金大盾,Окультний золотий великий щит,,Оккультный золотой большой щит,,
32270000,1EC66B0,Gilded Greatshield,金装の大盾,金黄大盾,Позолочений великий щит,,Позолоченный большой щит,,
32270100,1EC6714,Heavy Gilded Greatshield,重厚な金装大盾,厚重金黄大盾,Важкий позолочений великий щит,,Тяжёлый позолоченный большой щит,,
32270200,1EC6778,Keen Gilded Greatshield,鋭利な金装大盾,锋利金黄大盾,Стрімкий позолочений великий щит,,Острый позолоченный большой щит,,
32270300,1EC67DC,Quality Gilded Greatshield,上質な金装大盾,优质金黄大盾,Якісний позолочений великий щит,,Качественный позолоченный большой щит,,
32270400,1EC6840,Fire Gilded Greatshield,炎の金装大盾,火焰金黄大盾,Вогняний позолочений великий щит,,Огненный позолоченный большой щит,,
32270500,1EC68A4,Flame Art Gilded Greatshield,炎術の金装大盾,焰术金黄大盾,Полум'яний позолочений великий щит,,Пылающий позолоченный большой щит,,
32270600,1EC6908,Lightning Gilded Greatshield,雷の金装大盾,雷电金黄大盾,Блискавковий позолочений великий щит,,Громовой позолоченный большой щит,,
32270700,1EC696C,Sacred Gilded Greatshield,神聖な金装大盾,神圣金黄大盾,Священний позолочений великий щит,,Священный позолоченный большой щит,,
32270800,1EC69D0,Magic Gilded Greatshield,魔力の金装大盾,魔力金黄大盾,Магічний позолочений великий щит,,Зачарованный позолоченный большой щит,,
32270900,1EC6A34,Cold Gilded Greatshield,冷たい金装大盾,寒冷金黄大盾,Морозний позолочений великий щит,,Морозный позолоченный большой щит,,
32271000,1EC6A98,Poison Gilded Greatshield,毒の金装大盾,毒金黄大盾,Отруйний позолочений великий щит,,Отравленный позолоченный большой щит,,
32271100,1EC6AFC,Blood Gilded Greatshield,血の金装大盾,血金黄大盾,Кривавий позолочений великий щит,,Кровавый позолоченный большой щит,,
32271200,1EC6B60,Occult Gilded Greatshield,神秘の金装大盾,神秘金黄大盾,Окультний позолочений великий щит,,Оккультный позолоченный большой щит,,
32280000,1EC8DC0,Haligtree Crest Greatshield,聖樹紋の大盾,圣树纹大盾,Великий щит із гербом Святого дерева,,Большой щит Святого Древа,,
32280100,1EC8E24,Heavy Haligtree Crest Greatshield,重厚な聖樹紋大盾,厚重圣树纹大盾,Важкий великий щит із гербом Святого дерева,,Тяжёлый большой щит Святого Древа,,
32280200,1EC8E88,Keen Haligtree Crest Greatshield,鋭利な聖樹紋大盾,锋利圣树纹大盾,Стрімкий великий щит із гербом Святого дерева,,Острый большой щит Святого Древа,,
32280300,1EC8EEC,Quality Haligtree Crest Greatshield,上質な聖樹紋大盾,优质圣树纹大盾,Якісний великий щит із гербом Святого дерева,,Качественный большой щит Святого Древа,,
32280400,1EC8F50,Fire Haligtree Crest Greatshield,炎の聖樹紋大盾,火焰圣树纹大盾,Вогняний великий щит із гербом Святого дерева,,Огненный большой щит Святого Древа,,
32280500,1EC8FB4,Flame Art Haligtree Crest Greatshield,炎術の聖樹紋大盾,焰术圣树纹大盾,Полум'яний великий щит із гербом Святого дерева,,Пылающий большой щит Святого Древа,,
32280600,1EC9018,Lightning Haligtree Crest Greatshield,雷の聖樹紋大盾,雷电圣树纹大盾,Блискавковий великий щит із гербом Святого дерева,,Громовой большой щит Святого Древа,,
32280700,1EC907C,Sacred Haligtree Crest Greatshield,神聖な聖樹紋大盾,神圣圣树纹大盾,Священний великий щит із гербом Святого дерева,,Священный большой щит Святого Древа,,
32280800,1EC90E0,Magic Haligtree Crest Greatshield,魔力の聖樹紋大盾,魔力圣树纹大盾,Магічний великий щит із гербом Святого дерева,,Зачарованный большой щит Святого Древа,,
32280900,1EC9144,Cold Haligtree Crest Greatshield,冷たい聖樹紋大盾,寒冷圣树纹大盾,Морозний великий щит із гербом Святого дерева,,Морозный большой щит Святого Древа,,
32281000,1EC91A8,Poison Haligtree Crest Greatshield,毒の聖樹紋大盾,毒圣树纹大盾,Отруйний великий щит із гербом Святого дерева,,Отравленный большой щит Святого Древа,,
32281100,1EC920C,Blood Haligtree Crest Greatshield,血の聖樹紋大盾,血圣树纹大盾,Кривавий великий щит із гербом Святого дерева,,Кровавый большой щит Святого Древа,,
32281200,1EC9270,Occult Haligtree Crest Greatshield,神秘の聖樹紋大盾,神秘圣树纹大盾,Окультний великий щит із гербом Святого дерева,,Оккультный большой щит Святого Древа,,
32290000,1ECB4D0,Wooden Greatshield,木の大盾,木制大盾,Дерев'яний великий щит,,Деревянный большой щит,,
32290100,1ECB534,Heavy Wooden Greatshield,重厚な木大盾,厚重木制大盾,Важкий дерев'яний великий щит,,Тяжёлый деревянный большой щит,,
32290200,1ECB598,Keen Wooden Greatshield,鋭利な木大盾,锋利木制大盾,Стрімкий дерев'яний великий щит,,Острый деревянный большой щит,,
32290300,1ECB5FC,Quality Wooden Greatshield,上質な木大盾,优质木制大盾,Якісний дерев'яний великий щит,,Качественный деревянный большой щит,,
32290400,1ECB660,Fire Wooden Greatshield,炎の木大盾,火焰木制大盾,Вогняний дерев'яний великий щит,,Огненный деревянный большой щит,,
32290500,1ECB6C4,Flame Art Wooden Greatshield,炎術の木大盾,焰术木制大盾,Полум'яний дерев'яний великий щит,,Пылающий деревянный большой щит,,
32290600,1ECB728,Lightning Wooden Greatshield,雷の木大盾,雷电木制大盾,Блискавковий дерев'яний великий щит,,Громовой деревянный большой щит,,
32290700,1ECB78C,Sacred Wooden Greatshield,神聖な木大盾,神圣木制大盾,Священний дерев'яний великий щит,,Священный деревянный большой щит,,
32290800,1ECB7F0,Magic Wooden Greatshield,魔力の木大盾,魔力木制大盾,Магічний дерев'яний великий щит,,Зачарованный деревянный большой щит,,
32290900,1ECB854,Cold Wooden Greatshield,冷たい木大盾,寒冷木制大盾,Морозний дерев'яний великий щит,,Морозный деревянный большой щит,,
32291000,1ECB8B8,Poison Wooden Greatshield,毒の木大盾,毒木制大盾,Отруйний дерев'яний великий щит,,Отравленный деревянный большой щит,,
32291100,1ECB91C,Blood Wooden Greatshield,血の木大盾,血木制大盾,Кривавий дерев'яний великий щит,,Кровавый деревянный большой щит,,
32291200,1ECB980,Occult Wooden Greatshield,神秘の木大盾,神秘木制大盾,Окультний дерев'яний великий щит,,Оккультный деревянный большой щит,,
32300000,1ECDBE0,Lordsworn's Shield,君主軍の大盾,君王军大盾,Щит присяги,,Армейский щит,,
32300100,1ECDC44,Heavy Lordsworn's Shield,重厚な君主軍大盾,厚重君王军大盾,Важкий щит присяги,,Тяжёлый армейский щит,,
32300200,1ECDCA8,Keen Lordsworn's Shield,鋭利な君主軍大盾,锋利君王军大盾,Стрімкий щит присяги,,Острый армейский щит,,
32300300,1ECDD0C,Quality Lordsworn's Shield,上質な君主軍大盾,优质君王军大盾,Якісний щит присяги,,Качественный армейский щит,,
32300400,1ECDD70,Fire Lordsworn's Shield,炎の君主軍大盾,火焰君王军大盾,Вогняний щит присяги,,Огненный армейский щит,,
32300500,1ECDDD4,Flame Art Lordsworn's Shield,炎術の君主軍大盾,焰术君王军大盾,Полум'яний щит присяги,,Пылающий армейский щит,,
32300600,1ECDE38,Lightning Lordsworn's Shield,雷の君主軍大盾,雷电君王军大盾,Блискавковий щит присяги,,Громовой армейский щит,,
32300700,1ECDE9C,Sacred Lordsworn's Shield,神聖な君主軍大盾,神圣君王军大盾,Священний щит присяги,,Священный армейский щит,,
32300800,1ECDF00,Magic Lordsworn's Shield,魔力の君主軍大盾,魔力君王军大盾,Магічний щит присяги,,Зачарованный армейский щит,,
32300900,1ECDF64,Cold Lordsworn's Shield,冷たい君主軍大盾,寒冷君王军大盾,Морозний щит присяги,,Морозный армейский щит,,
32301000,1ECDFC8,Poison Lordsworn's Shield,毒の君主軍大盾,毒君王军大盾,Отруйний щит присяги,,Отравленный армейский щит,,
32301100,1ECE02C,Blood Lordsworn's Shield,血の君主軍大盾,血君王军大盾,Кривавий щит присяги,,Кровавый армейский щит,,
32301200,1ECE090,Occult Lordsworn's Shield,神秘の君主軍大盾,神秘君王军大盾,Окультний щит присяги,,Оккультный армейский щит,,
33000000,1F78A40,Glintstone Staff,輝石の杖,辉石杖,Посох з блискаменями,,Посох блестящих камней,,
33040000,1F82680,Crystal Staff,結晶杖,结晶杖,Кристалічний посох,,Кристальный посох,,
33050000,1F84D90,Gelmir Glintstone Staff,ゲルミアの輝石杖,格密尔辉石杖,Ґельмірський посох з блискаменями,,Гельмирский блестящий посох,,
33060000,1F874A0,Demi-Human Queen's Staff,亜人女王の杖,亚人女王杖,Посох королеви напівлюдей,,Посох королевы полулюдей,,
33090000,1F8E9D0,Carian Regal Scepter,カーリアの王笏,卡利亚权杖,Карійський королівський скіпетр,,Карианский королевский скипетр,,
33120000,1F95F00,Digger's Staff,石掘り杖,挖石杖,Посох копача,,Посох копателя,,
33130000,1F98610,Astrologer's Staff,星見の杖,观星杖,Посох астролога,,Посох астролога,,
33170000,1FA2250,Carian Glintblade Staff,カーリアの輝剣杖,卡利亚辉剑杖,Карійський посох блискамінного клинка,,Карианский посох блестящего клинка,,
33180000,1FA4960,Prince of Death's Staff,死王子の杖,死王子杖,Посох Принца смерті,,Посох принца Смерти,,
33190000,1FA7070,Albinauric Staff,しろがねの杖,白金杖,Посох альбінора,,Альбинорский посох,,
33200000,1FA9780,Academy Glintstone Staff,学院の輝石杖,学院辉石杖,Посох академії з блискаменем,,Блестящий посох академии,,
33210000,1FABE90,Carian Glintstone Staff,カーリアの輝石杖,卡利亚辉石杖,Карійський посох з блискаменем,,Карийский блестящий посох,,
33230000,1FB0CB0,Azur's Glintstone Staff,アズールの輝石杖,亚兹勒的辉石杖,Посох Азура з блискаменем,,Блестящий посох Азура,,
33240000,1FB33C0,Lusat's Glintstone Staff,ルーサットの輝石杖,卢瑟特的辉石杖,Посох Лусата з блискаменем,,Блестящий посох Лусата,,
33250000,1FB5AD0,Meteorite Staff,隕石の杖,陨石杖,Метеоритний посох,,Метеоритный посох,,
33260000,1FB81E0,Staff of the Guilty,咎人の杖,罪人杖,Посох провини,,Посох Виновника,,
33270000,1FBA8F0,Rotten Crystal Staff,腐敗した結晶杖,腐败结晶杖,Гнилий кристалічний посох,,Гнилой кристальный посох,,
33280000,1FBD000,Staff of Loss,喪失の杖,丧失杖,Посох втрати,,Посох утраты,,
34000000,206CC80,Finger Seal,指の聖印,指头圣印记,Печатка Перстів,,Печать Пальца,,
34010000,206F390,Godslayer's Seal,神狩りの聖印,狩猎神祇圣印记,Печатка боговбивці,,Печать богоубийцы,,
34020000,2071AA0,Giant's Seal,巨人の聖印,巨人圣印记,Печатка велетня,,Печать великана,,
34030000,20741B0,Gravel Stone Seal,さざれ石の聖印,碎石圣印记,Печатка з гравію,,Каменная печать,,
34040000,20768C0,Clawmark Seal,爪痕の聖印,爪痕圣印记,Печатка з відбитком кігтів,,Печать со знаком когтя,,
34060000,207B6E0,Golden Order Seal,黄金律の聖印,黄金律法圣印记,Печатка Золотого устрою,,Печать Золотого порядка,,
34070000,207DDF0,Erdtree Seal,黄金樹の聖印,黄金树圣印记,Печатка Золотого дерева,,Печать Древа Эрд,,
34080000,2080500,Dragon Communion Seal,竜餐の印,龙飨印记,Печатка Причастя дракона,,Печать драконьего причастия,,
34090000,2082C10,Frenzied Flame Seal,狂い火の聖印,癫火圣印记,Печатка Полум'я несамовитості,,Печать Яростного Пламени,,
40000000,2625A00,Shortbow,ショートボウ,短弓,Короткий лук,,Короткий лук,,
40010000,2628110,Misbegotten Shortbow,混種の小弓,混种小弓,Короткий лук покруча,,Короткий лук Бастарда,,
40020000,262A820,Red Branch Shortbow,赤木のショートボウ,红木短弓,Короткий лук з червоного дерева,,Короткий лук из красного дерева,,
40030000,262CF30,Harp Bow,ハープボウ,竖琴弓,Лук-арфа,,Лук-арфа,,
40050000,2631D50,Composite Bow,コンポジットボウ,复合弓,Складений лук,,Составной лук,,
41000000,2719C40,Longbow,ロングボウ,长弓,Довгий лук,,Длинный лук,,
41010000,271C350,Albinauric Bow,しろがねの弓,白金弓,Лук альбінора,,Лук альбинора,,
41020000,271EA60,Horn Bow,角の弓,角弓,Роговий лук,,Роговой лук,,
41030000,2721170,Erdtree Bow,黄金樹の弓,黄金树弓,Лук Золотого дерева,,Лук Древа Эрд,,
41040000,2723880,Serpent Bow,蛇弓,蛇弓,Зміїний лук,,Змеиный лук,,
41060000,27286A0,Pulley Bow,滑車の弓,滑轮弓,Шківний лук,,Блочный лук,,
41070000,272ADB0,Black Bow,黒弓,黑弓,Чорний лук,,Чёрный лук,,
42000000,280DE80,Lion Greatbow,獅子の大弓,狮子大弓,Великий лук лева,,Львиный большой лук,,
42010000,2810590,Golem Greatbow,ゴーレムの大弓,魔像大弓,Великий лук ґолема,,Большой лук голема,,
42030000,28153B0,Erdtree Greatbow,黄金樹の大弓,黄金树大弓,Великий лук Золотого дерева,,Большой лук Древа Эрд,,
42040000,2817AC0,Greatbow,大弓,大弓,Великий лук,,Большой лук,,
43000000,29020C0,Soldier's Crossbow,兵士のクロスボウ,士兵弩,Солдатський арбалет,,Солдатский арбалет,,
43020000,2906EE0,Light Crossbow,ライトクロスボウ,轻弩,Легкий арбалет,,Легкий арбалет,,
43030000,29095F0,Heavy Crossbow,ヘビークロスボウ,重弩,Важкий арбалет,,Тяжёлый арбалет,,
43050000,290E410,Pulley Crossbow,滑車の弩,滑轮弩,Шківний арбалет,,Блочный арбалет,,
43060000,2910B20,Full Moon Crossbow,月輪の弩,圆月弩,Арбалет повні,,Полнолунный арбалет,,
43080000,2915940,Arbalest,アーバレスト,钢弩,Арбалет,,Арбалеста,,
43100000,291A760,Buckshot Crossbow,,,,,,,
43110000,291CE70,Crepus's Black-Key Crossbow,クレプスの黒鍵,克雷普的黑键,Чорний арбалет Крепуса,,Арбалет чёрного ключа Крепуса,,
44000000,29F6300,Hand Ballista,手持ちバリスタ,携带型弩炮,Ручна баліста,,Ручная баллиста,,
44010000,29F8A10,Jar Cannon,壺大砲,壶大炮,Горщик-гармата,,Кувшин-пушка,,
50000000,2FAF080,Arrow,矢,箭矢,Стріла,,Стрела,,
50010000,2FB1790,Fire Arrow,火矢,火箭,Вогняна стріла,,Огненная стрела,,
50020000,2FB3EA0,Serpent Arrow,毒飛蛇,飞蛇毒箭,Змієвидна стріла,,Змеевидная стрела,,
50030000,2FB65B0,Bone Arrow (Fletched),骨の矢（羽付き）,兽骨箭（附箭羽）,Кістяна стріла (оперена),,Костяная стрела (оперён.),,
50040000,2FB8CC0,St. Trina's Arrow,トリーナの矢,托莉娜箭,Стріла св. Тріни,,Стрела св. Трины,,
50060000,2FBDAE0,Shattershard Arrow (Fletched),細片の音矢（羽付き）,碎片生音箭（附箭羽）,Стріла з уламків (оперена),,Стрела из осколка (оперённая),,
50080000,2FC2900,Rainbow Stone Arrow (Fletched),虹色石の矢（羽付き）,虹彩石箭（附箭羽）,Стріла з веселкового каменя (оперена),,Стрела из радужного камня (оперённая),,
50090000,2FC5010,Golden Arrow,黄金の矢,黄金箭,Золота стріла,,Золотая стрела,,
50100000,2FC7720,Dwelling Arrow,宿り矢,宿灵箭,Стріла-вмістилище,,Одержимая стрела,,
50110000,2FC9E30,Bone Arrow,骨の矢,兽骨箭,Кістяна стріла,,Костяная стрела,,
50130000,2FCEC50,Firebone Arrow (Fletched),骨の火矢（羽付き）,兽骨火箭（附箭羽）,Вогняна кістяна стріла (оперена),,Огнен. костяная стрела (оперён.),,
50140000,2FD1360,Firebone Arrow,骨の火矢,兽骨火箭,Вогняна кістяна стріла,,Огненная костяная стрела,,
50150000,2FD3A70,Poisonbone Arrow (Fletched),骨の毒矢（羽付き）,兽骨毒箭（附箭羽）,Отруйна кістяна стріла (оперена),,Ядовитая костяная стрела (оперён.),,
50160000,2FD6180,Poisonbone Arrow,骨の毒矢,兽骨毒箭,Отруйна кістяна стріла,,Ядовитая костяная стрела,,
50170000,2FD8890,Sleepbone Arrow (Fletched),骨の眠り矢（羽付き）,兽骨催眠箭（附箭羽）,Сонлива кістяна стріла (оперена),,Усыпляющая стрела (оперён.),,
50180000,2FDAFA0,Sleepbone Arrow,骨の眠り矢,兽骨催眠箭,Сонлива кістяна стріла,,Усыпляющая стрела,,
50190000,2FDD6B0,Stormwing Bone Arrow,嵐羽の骨矢,风暴羽毛兽骨箭,Кістяна стріла штормового крила,,Стрела с перьями штормового ястреба,,
50200000,2FDFDC0,Lightningbone Arrow (Fletched),骨の雷矢（羽付き）,兽骨雷箭（附箭羽）,Блискавкова кістяна стріла (оперена),,Стрела молнии (оперён.),,
50210000,2FE24D0,Lightningbone Arrow,骨の雷矢,兽骨雷箭,Блискавкова кістяна стріла,,Стрела молнии,,
50220000,2FE4BE0,Rainbow Stone Arrow,虹色石の矢,虹彩石箭,Стріла з веселкового каменя,,Стрела из радужного камня,,
50230000,2FE72F0,Shattershard Arrow,細片の音矢,碎片生音箭,Стріла з уламків,,Стрела из осколка,,
50240000,2FE9A00,Spiritflame Arrow,霊火の矢,灵火箭,Стріла духовного полум'я,,Стрела духовного пламени,,
50250000,2FEC110,Storm Arrow,,,,,,,
50260000,2FEE820,Magicbone Arrow (Fletched),骨の魔力矢（羽付き）,兽骨魔力箭（附箭羽）,Магічна кістяна стріла (оперена),,Магическая костяная стрела (оперённая),,
50270000,2FF0F30,Magicbone Arrow,骨の魔力矢,兽骨魔力箭,Магічна кістяна стріла,,Магическая костяная стрела,,
50280000,2FF3640,Haligbone Arrow (Fletched),骨の聖矢（羽付き）,兽骨圣箭（附箭羽）,Священна кістяна стріла (оперена),,Священная костяная стрела (оперённая),,
50290000,2FF5D50,Haligbone Arrow,骨の聖矢,兽骨圣箭,Священна кістяна стріла,,Священная костяная стрела,,
50300000,2FF8460,Bloodbone Arrow (Fletched),骨の血矢（羽付き）,兽骨出血箭（附箭羽）,Кривава кістяна стріла (оперена),,Разрывающая костяная стрела (оперён.),,
50310000,2FFAB70,Bloodbone Arrow,骨の血矢,兽骨出血箭,Кривава кістяна стріла,,Разрывающая костяная стрела,,
50320000,2FFD280,Coldbone Arrow (Fletched),骨の氷結矢（羽付き）,兽骨结冰箭（附箭羽）,Морозна кістяна стріла (оперена),,Морозная костяная стрела (оперённая),,
50330000,2FFF990,Coldbone Arrow,骨の氷結矢,兽骨结冰箭,Морозна кістяна стріла,,Морозная костяная стрела,,
50340000,30020A0,Rotbone Arrow (Fletched),骨の腐れ矢（羽付き）,兽骨腐败箭（附箭羽）,Гнила кістяна стріла (оперена),,Гнилостная костяная стрела (оперённая),,
50350000,30047B0,Rotbone Arrow,骨の腐れ矢,兽骨腐败箭,Гнила кістяна стріла,,Гнилостная костяная стрела,,
51000000,30A32C0,Great Arrow,大矢,大箭,Велика стріла,,Большая стрела,,
51010000,30A59D0,Golem's Great Arrow,ゴーレムの大矢,魔像大箭,Велика стріла ґолема,,Большая стрела голема,,
51020000,30A80E0,Golden Great Arrow,黄金の大矢,黄金大箭,Велика золота стріла,,Большая золотая стрела,,
51030000,30AA7F0,Golem's Magic Arrow,ゴーレムの魔力矢,魔像魔力箭,Магічна стріла ґолема,,Зачарованная стрела голема,,
51040000,30ACF00,Radahn's Spear,ラダーンの槍,拉塔恩的矛,Спис Радана,,Копьё Радана,,
51050000,30AF610,Bone Great Arrow (Fletched),骨の大矢（羽付き）,兽骨大箭（附箭羽）,Велика кістяна стріла (оперена),,Большая костяная стрела (оперённая),,
51060000,30B1D20,Bone Great Arrow,骨の大矢,兽骨大箭,Велика кістяна стріла,,Большая костяная стрела,,
52000000,3197500,Bolt,ボルト,弩箭,Болт,,Болт,,
52010000,3199C10,Lightning Bolt,ライトニングボルト,雷电弩箭,Блискавковий  болт,,Громовой болт,,
52020000,319C320,Perfumer's Bolt,調香ボルト,调香弩箭,Болт парфумера,,Болт парфюмера,,
52030000,319EA30,Black-Key Bolt,黒鍵の杭,黑键木桩,Чорний болт,,Чёрный ключ-болт,,
52040000,31A1140,Burred Bolt,逆棘ボルト,倒刺弩箭,Шипований болт,,Шипастый болт,,
52050000,31A3850,Meteor Bolt,流星ボルト,流星弩箭,Метеоритний болт,,Метеоритный болт,,
52060000,31A5F60,Explosive Bolt,爆発ボルト,爆炸弩箭,Вибуховий болт,,Взрывной болт,,
52070000,31A8670,Golden Bolt,黄金ボルト,黄金弩箭,Золотий болт,,Золотой болт,,
52080000,31AAD80,Lordsworn's Bolt,君主軍のボルト,君王军弩箭,Болт присяги,,Армейский болт,,
52090000,31AD490,Bone Bolt,骨ボルト,兽骨弩箭,Кістяний болт,,Костяной болт,,
52100000,31AFBA0,Firebone Bolt,骨の火ボルト,兽骨火弩箭,Вогняний кістяний болт,,Огненный болт,,
52110000,31B22B0,Lightningbone Bolt,骨の雷ボルト,兽骨雷弩箭,Блискавковий кістяний болт,,Болт молнии,,
52120000,31B49C0,Magicbone Bolt,骨の魔力ボルト,兽骨魔力弩箭,Магічний кістяний болт,,Зачарованный костяной болт,,
52130000,31B70D0,Haligbone Bolt,骨の聖ボルト,兽骨圣弩箭,Священний кістяний болт,,Священный костяной болт,,
52140000,31B97E0,Poisonbone Bolt,骨の毒ボルト,兽骨毒弩箭,Отруйний кістяний болт,,Ядовитый болт,,
52150000,31BBEF0,Bloodbone Bolt,骨の血ボルト,兽骨出血弩箭,Кривавий кістяний болт,,Разрывающий костяной болт,,
52160000,31BE600,Coldbone Bolt,骨の氷結ボルト,兽骨结冰弩箭,Морозний кістяний болт,,Морозный костяной болт,,
52170000,31C0D10,Rotbone Bolt,骨の腐れボルト,兽骨腐败弩箭,Гнилий кістяний болт,,Гнилостный костяной болт,,
52180000,31C3420,Sleepbone Bolt,骨の眠りボルト,兽骨催眠弩箭,Сонливий кістяний болт,,Усыпляющий болт,,
52190000,31C5B30,Flaming Bolt,燃える火のボルト,猛火弩箭,Полум'яний кістяний болт,,Горящий болт,,
53000000,328B740,Ballista Bolt,バリスタボルト,弩炮箭,Болт для балісти,,Болт для баллисты,,
53010000,328DE50,Lightning Greatbolt,ライトニング大ボルト,雷电大弩箭,Великий блискавковий болт,,Громовой большой болт,,
53020000,3290560,Explosive Greatbolt,爆発大ボルト,爆炸大弩箭,Великий вибуховий болт,,Взрывной большой болт,,
53030000,3292C70,Bone Ballista Bolt,骨のバリスタボルト,兽骨弩炮箭,Кістяний болт для балісти,,Костяной болт для баллисты,,
,0,,,,,,,,
,0,Occult Zweihander,神秘のツヴァイヘンダー,神秘双手巨剑,,,Оккультный цвайхендер,,